-- phpMyAdmin SQL Dump
-- version 5.2.2
-- https://www.phpmyadmin.net/
--
-- Host: localhost:3306
-- Generation Time: Jan 16, 2026 at 04:02 PM
-- Server version: 10.5.29-MariaDB
-- PHP Version: 8.4.16

SET SQL_MODE = "NO_AUTO_VALUE_ON_ZERO";
START TRANSACTION;
SET time_zone = "+00:00";


/*!40101 SET @OLD_CHARACTER_SET_CLIENT=@@CHARACTER_SET_CLIENT */;
/*!40101 SET @OLD_CHARACTER_SET_RESULTS=@@CHARACTER_SET_RESULTS */;
/*!40101 SET @OLD_COLLATION_CONNECTION=@@COLLATION_CONNECTION */;
/*!40101 SET NAMES utf8mb4 */;

--
-- Database: `stclogistics_tms_db`
--

-- --------------------------------------------------------

--
-- Table structure for table `branches`
--

CREATE TABLE `branches` (
  `id` int(11) NOT NULL,
  `name` varchar(255) NOT NULL,
  `address` text DEFAULT NULL,
  `city` varchar(100) DEFAULT NULL,
  `state` varchar(100) DEFAULT NULL,
  `country` varchar(100) DEFAULT NULL,
  `contact_number` varchar(20) DEFAULT NULL,
  `contact_number_2` varchar(20) DEFAULT NULL,
  `email` varchar(255) DEFAULT NULL,
  `website` varchar(255) DEFAULT NULL,
  `gst_no` varchar(50) DEFAULT NULL,
  `food_license_no` varchar(100) DEFAULT NULL,
  `trade_license_path` varchar(255) DEFAULT NULL,
  `bank_ac_name` varchar(255) DEFAULT NULL,
  `bank_ac_no` varchar(100) DEFAULT NULL,
  `bank_name` varchar(255) DEFAULT NULL,
  `bank_ifsc` varchar(50) DEFAULT NULL,
  `is_active` tinyint(1) NOT NULL DEFAULT 1
) ENGINE=InnoDB DEFAULT CHARSET=utf8mb4 COLLATE=utf8mb4_general_ci;

--
-- Dumping data for table `branches`
--

INSERT INTO `branches` (`id`, `name`, `address`, `city`, `state`, `country`, `contact_number`, `contact_number_2`, `email`, `website`, `gst_no`, `food_license_no`, `trade_license_path`, `bank_ac_name`, `bank_ac_no`, `bank_name`, `bank_ifsc`, `is_active`) VALUES
(1, 'Head Office', 'STC Logistics Building, City Center', 'Durgapur', 'West Bengal', 'India', '9876543210', NULL, NULL, NULL, NULL, NULL, NULL, NULL, NULL, NULL, NULL, 1),
(2, 'Guwahati', 'Agarwal Complex, Beharbari, Guwahati-781040', 'Guwahati', 'Assam', 'India', '8707024051', '', 'guwahati@stclogistics.in', 'www.stclogistics.in', '19BKAPC0667G1ZF', '', NULL, 'STC LOGISTICS', '735005000008', 'ICICI Bank', 'ICIC0007350', 1),
(3, 'Durgapur', 'Samrat Building, Bhiringee', 'Durgapur', 'West Bengal', 'India', '9932700246', '', 'durgapur@stclogistics.in', 'www.stclogistics.in', '19BKAPC0667G1ZF', '', NULL, NULL, NULL, NULL, NULL, 1),
(4, 'Silchar', 'Ramnagar, SIlchar', 'Silchar', 'Assam', 'India', '8707024051', '', 'silchar@stclogistics.in', 'www.stclogistics.in', '19BKAPC0667G1ZF', '', NULL, NULL, NULL, NULL, NULL, 1);

-- --------------------------------------------------------

--
-- Table structure for table `brokers`
--

CREATE TABLE `brokers` (
  `id` int(11) NOT NULL,
  `name` varchar(255) NOT NULL,
  `address` text DEFAULT NULL,
  `city` varchar(100) DEFAULT NULL,
  `state` varchar(100) DEFAULT NULL,
  `contact_person` varchar(255) DEFAULT NULL,
  `contact_number` varchar(20) DEFAULT NULL,
  `gst_no` varchar(50) DEFAULT NULL,
  `pan_no` varchar(20) DEFAULT NULL,
  `aadhaar_no` varchar(20) DEFAULT NULL,
  `bank_account_no` varchar(50) DEFAULT NULL,
  `bank_ifsc_code` varchar(20) DEFAULT NULL,
  `pan_doc_path` varchar(255) DEFAULT NULL,
  `gst_doc_path` varchar(255) DEFAULT NULL,
  `bank_doc_path` varchar(255) DEFAULT NULL,
  `aadhaar_doc_path` varchar(255) DEFAULT NULL,
  `is_active` tinyint(1) NOT NULL DEFAULT 1,
  `visibility_type` enum('global','local') NOT NULL DEFAULT 'global',
  `branch_id` int(11) DEFAULT NULL,
  `created_at` timestamp NOT NULL DEFAULT current_timestamp()
) ENGINE=InnoDB DEFAULT CHARSET=utf8mb4 COLLATE=utf8mb4_general_ci;

--
-- Dumping data for table `brokers`
--

INSERT INTO `brokers` (`id`, `name`, `address`, `city`, `state`, `contact_person`, `contact_number`, `gst_no`, `pan_no`, `aadhaar_no`, `bank_account_no`, `bank_ifsc_code`, `pan_doc_path`, `gst_doc_path`, `bank_doc_path`, `aadhaar_doc_path`, `is_active`, `visibility_type`, `branch_id`, `created_at`) VALUES
(1, 'Guddu Khan', 'Beltola', 'Guwahati', 'Assam', 'Guddu', '8638951508', '', '', '', '', '', '', '', '', '', 1, 'global', NULL, '2025-10-04 09:13:56'),
(2, 'Tufazel Khan', 'Garchuk', 'Guwahati', 'Assam', 'Tufazel', '7002962303', '', '', '', '', '', '', '', '', '', 1, 'global', NULL, '2025-10-04 09:15:28'),
(3, 'STC LOGISTICS', 'Beltola', 'Guwahati', 'Assam', 'Shubham Chaubey', '8707024051', '', '', '', '', '', '', '', '', '', 1, 'global', NULL, '2025-10-04 09:16:42'),
(4, 'Golden Transport ', '', NULL, NULL, NULL, '', NULL, NULL, NULL, NULL, NULL, NULL, NULL, NULL, NULL, 1, 'global', 2, '2025-10-07 05:52:42'),
(5, 'Ariful ', '', NULL, NULL, NULL, '', NULL, NULL, NULL, NULL, NULL, NULL, NULL, NULL, NULL, 1, 'global', 2, '2025-10-08 13:03:49'),
(6, 'Badal Sarkar', '', 'Guwahati', 'Assam', '', '', '', '', '', '', '', '', '', '', '', 1, 'global', NULL, '2025-10-08 13:09:06'),
(7, 'Sohid ali', '', NULL, NULL, NULL, '', NULL, NULL, NULL, NULL, NULL, NULL, NULL, NULL, NULL, 1, 'global', 2, '2025-10-13 12:55:40'),
(8, 'Arvind da', '', NULL, NULL, NULL, '', NULL, NULL, NULL, NULL, NULL, NULL, NULL, NULL, NULL, 1, 'global', 2, '2025-10-14 11:36:20'),
(9, 'Harida', '', NULL, NULL, NULL, '', NULL, NULL, NULL, NULL, NULL, NULL, NULL, NULL, NULL, 1, 'global', 2, '2025-10-25 11:55:16'),
(10, 'DASHMESH TRANSPORT CO.', 'DURGAPUR-713213', NULL, NULL, NULL, '9999999999', NULL, NULL, NULL, NULL, NULL, NULL, NULL, NULL, NULL, 1, 'global', 3, '2025-11-04 12:13:45'),
(11, 'NEW AWSAR TRANSPORT.', 'PCBL MORE,DURGAPUR', NULL, NULL, NULL, '99999999999', NULL, NULL, NULL, NULL, NULL, NULL, NULL, NULL, NULL, 1, 'global', 3, '2025-11-04 12:32:27'),
(12, 'KANNEDY TRAILER SERVICE.', 'NAIM NAGAR,DURGAPUR-713213', NULL, NULL, NULL, '99999999999', NULL, NULL, NULL, NULL, NULL, NULL, NULL, NULL, NULL, 1, 'global', 3, '2025-11-04 12:35:00'),
(13, 'SHRI SANWARIYA TRANSPORT CO.', 'AJMER', NULL, NULL, NULL, '', NULL, NULL, NULL, NULL, NULL, NULL, NULL, NULL, NULL, 1, 'global', 3, '2025-11-04 12:35:35'),
(14, 'KOLKATA HARYANA ROADWAYS.', 'DANKUNI,KOLKATA', NULL, NULL, NULL, '', NULL, NULL, NULL, NULL, NULL, NULL, NULL, NULL, NULL, 1, 'global', 3, '2025-11-04 13:41:15'),
(15, 'SHYAM FREIGHT CARRIER.', 'DURGAPUR', NULL, NULL, NULL, '', NULL, NULL, NULL, NULL, NULL, NULL, NULL, NULL, NULL, 1, 'global', 3, '2025-11-04 13:49:16'),
(16, 'ANSHIKA RODWAYAS.VIKASH', 'DURGAPUR-713213', NULL, NULL, NULL, '', NULL, NULL, NULL, NULL, NULL, NULL, NULL, NULL, NULL, 1, 'global', 3, '2025-11-04 13:53:05'),
(17, 'NATIONAL TRAILER SERVICE.NAJ', 'DURGAPUR', '', '', 'NAJ', '000000000000', '', '', '', '', '', NULL, NULL, NULL, NULL, 1, 'global', NULL, '2025-11-05 15:36:40'),
(18, 'NATINOL TRAILER SERVICE.NAJ', 'DURGAPUR', NULL, NULL, NULL, '000000000000', NULL, NULL, NULL, NULL, NULL, NULL, NULL, NULL, NULL, 1, 'global', 3, '2025-11-05 15:36:40'),
(19, 'NATINOL TRAILER SERVICE.NAJ', 'DURGAPUR', NULL, NULL, NULL, '000000000000', NULL, NULL, NULL, NULL, NULL, NULL, NULL, NULL, NULL, 1, 'global', 3, '2025-11-05 15:36:40'),
(20, 'MMK TRAILOR SERVICE', '', NULL, NULL, NULL, '', NULL, NULL, NULL, NULL, NULL, NULL, NULL, NULL, NULL, 1, 'global', 3, '2025-11-06 12:57:13'),
(21, 'NATIONAL TRAILOR MOVERCE ', 'DURGAPUR', NULL, NULL, NULL, '', NULL, NULL, NULL, NULL, NULL, NULL, NULL, NULL, NULL, 1, 'global', 3, '2025-11-07 11:20:05'),
(22, 'NATIONAL TRAILOR MOVERCE ', 'DURGAPUR', NULL, NULL, NULL, '', NULL, NULL, NULL, NULL, NULL, NULL, NULL, NULL, NULL, 1, 'global', 3, '2025-11-07 11:20:05'),
(23, 'NATIONAL TRAILOR MOVERCE ', 'DURGAPUR', NULL, NULL, NULL, '', NULL, NULL, NULL, NULL, NULL, NULL, NULL, NULL, NULL, 1, 'global', 3, '2025-11-07 11:20:05'),
(24, 'AK TRANSPORT RASID', 'DURGAPUR', NULL, NULL, NULL, '', NULL, NULL, NULL, NULL, NULL, NULL, NULL, NULL, NULL, 1, 'global', 3, '2025-11-07 12:05:31'),
(25, 'Narendra singh punia ', '', NULL, NULL, NULL, '', NULL, NULL, NULL, NULL, NULL, NULL, NULL, NULL, NULL, 1, 'global', 2, '2025-11-08 11:50:53'),
(26, 'NEW ANKIT ROAD CARRIER', 'DURGAPUR', NULL, NULL, NULL, '', NULL, NULL, NULL, NULL, NULL, NULL, NULL, NULL, NULL, 1, 'global', 3, '2025-11-10 13:58:12'),
(27, 'GURUNANAK TRANSPORT ( SIWAM JOSHI )', 'DURGAPUR', NULL, NULL, NULL, '', NULL, NULL, NULL, NULL, NULL, NULL, NULL, NULL, NULL, 1, 'global', 3, '2025-11-11 13:19:01'),
(28, 'GURUNANAK TRANSPORT ( SIWAM JOSHI )', 'DURGAPUR', NULL, NULL, NULL, '', NULL, NULL, NULL, NULL, NULL, NULL, NULL, NULL, NULL, 1, 'global', 3, '2025-11-11 13:19:01'),
(29, 'GURUNANAK TRANSPORT ( SIWAM JOSHI )', 'DURGAPUR', NULL, NULL, NULL, '', NULL, NULL, NULL, NULL, NULL, NULL, NULL, NULL, NULL, 1, 'global', 3, '2025-11-11 13:19:01'),
(30, 'MS TRANSPORT', 'DURGAPUR', NULL, NULL, NULL, '', NULL, NULL, NULL, NULL, NULL, NULL, NULL, NULL, NULL, 1, 'global', 3, '2025-11-14 12:43:06'),
(31, 'Badrul da', '', NULL, NULL, NULL, '', NULL, NULL, NULL, NULL, NULL, NULL, NULL, NULL, NULL, 1, 'global', 2, '2025-11-15 15:40:52'),
(32, 'YADAW ROAR CARRIER', '', NULL, NULL, NULL, '', NULL, NULL, NULL, NULL, NULL, NULL, NULL, NULL, NULL, 1, 'global', 3, '2025-11-21 11:46:22'),
(33, 'MUMTAJ ALAM', '', NULL, NULL, NULL, '', NULL, NULL, NULL, NULL, NULL, NULL, NULL, NULL, NULL, 1, 'global', 3, '2025-11-29 14:35:23'),
(34, 'KENNDY TRAILOR SERVICDE', 'DURGAPUR', NULL, NULL, NULL, '', NULL, NULL, NULL, NULL, NULL, NULL, NULL, NULL, NULL, 1, 'global', 3, '2025-12-20 10:22:13'),
(35, 'LDR BASANT', 'DURGAPUR', NULL, NULL, NULL, '', NULL, NULL, NULL, NULL, NULL, NULL, NULL, NULL, NULL, 1, 'global', 3, '2025-12-23 06:09:59'),
(36, 'LDR BASANT', 'DURGAPUR', NULL, NULL, NULL, '', NULL, NULL, NULL, NULL, NULL, NULL, NULL, NULL, NULL, 1, 'global', 3, '2025-12-23 06:09:59'),
(37, 'AMANDEEP ', 'DURGAPUR', NULL, NULL, NULL, '', NULL, NULL, NULL, NULL, NULL, NULL, NULL, NULL, NULL, 1, 'global', 3, '2025-12-24 11:43:03'),
(38, 'UJALA TRAILOR SERVICE ', 'KOLKATA', NULL, NULL, NULL, '', NULL, NULL, NULL, NULL, NULL, NULL, NULL, NULL, NULL, 1, 'global', 3, '2025-12-24 11:53:42'),
(39, 'SHYAM LOGISTICS AVINASH', 'DURGAPUR', NULL, NULL, NULL, '', NULL, NULL, NULL, NULL, NULL, NULL, NULL, NULL, NULL, 1, 'global', 3, '2025-12-24 12:01:23'),
(40, 'BAPPI NATH', '', NULL, NULL, NULL, '', NULL, NULL, NULL, NULL, NULL, NULL, NULL, NULL, NULL, 1, 'global', 2, '2025-12-30 16:59:37'),
(41, 'AJAY SINGH', 'DURGAPUR', NULL, NULL, NULL, '', NULL, NULL, NULL, NULL, NULL, NULL, NULL, NULL, NULL, 1, 'global', 3, '2026-01-01 07:39:21'),
(42, 'JAI MAA TARA SANTOSH GUPTA', 'DURGAPUR', NULL, NULL, NULL, '9832194185', NULL, NULL, NULL, NULL, NULL, NULL, NULL, NULL, NULL, 1, 'global', 3, '2026-01-03 05:47:49'),
(43, 'RANJIT ', '', NULL, NULL, NULL, '', NULL, NULL, NULL, NULL, NULL, NULL, NULL, NULL, NULL, 1, 'global', 3, '2026-01-14 06:49:30'),
(44, 'RANJIT ', '', NULL, NULL, NULL, '', NULL, NULL, NULL, NULL, NULL, NULL, NULL, NULL, NULL, 1, 'global', 3, '2026-01-14 06:49:30');

-- --------------------------------------------------------

--
-- Table structure for table `cities`
--

CREATE TABLE `cities` (
  `id` int(11) NOT NULL,
  `name` varchar(100) NOT NULL,
  `state_id` int(11) NOT NULL
) ENGINE=InnoDB DEFAULT CHARSET=utf8mb4 COLLATE=utf8mb4_general_ci;

--
-- Dumping data for table `cities`
--

INSERT INTO `cities` (`id`, `name`, `state_id`) VALUES
(1, 'Durgapur', 1),
(2, 'Kolkata', 1),
(3, 'Raipur', 2),
(4, 'Gurgaon', 3),
(5, 'Bangalore', 4),
(6, 'Jamshedpur', 5),
(7, 'Baddi', 6),
(8, 'Patna', 7),
(9, 'Delhi', 8),
(10, 'Mumbai', 9),
(11, 'Guwahati', 10),
(12, 'Silchar', 10),
(13, 'Goalpara', 10),
(14, 'Silapathar', 10),
(15, 'Tezpur', 10),
(16, 'Agartala', 11),
(17, 'Sabroom', 11),
(18, 'Udaipur', 11),
(19, 'Dharmanagar', 11),
(20, 'Kumarghat', 11),
(21, 'Asansol', 1),
(22, 'Murshidabad', 1),
(23, 'Azara', 10),
(24, 'Chayagaon', 10),
(25, 'Dhubri', 10),
(26, 'Sibsagar', 10),
(27, 'Tinsukia', 10),
(28, 'Jagiroad', 10),
(29, 'Raha', 10),
(30, 'Moranhat', 10),
(31, 'Jonai', 10),
(32, 'Sonitpur', 10),
(33, 'Deohati', 10),
(34, 'Hajo', 10),
(35, 'Mendipathar', 10),
(36, 'Lakhipur', 10),
(37, 'Katigorah', 10),
(38, 'Badarpur', 10),
(39, 'Panchgram', 10),
(40, 'Patharkandi', 10),
(41, 'Sonai', 10),
(42, 'Katakhal', 10),
(43, 'Phuentsholing', 15),
(44, 'Gaya', 7),
(45, 'Bhagalpur', 7),
(46, 'Chandigarh', 18),
(47, 'Amritsar', 18),
(48, 'Ludhiana', 18),
(49, 'Jalandhar', 18),
(50, 'Dehradun', 19),
(51, 'Haridwar', 19),
(52, 'Rishikesh', 19),
(53, 'Nainital', 19),
(54, 'Srinagar', 20),
(55, 'Jammu', 20),
(56, 'Anantnag', 20),
(57, 'Bhopal', 21),
(58, 'Indore', 21),
(59, 'Gwalior', 21),
(60, 'Jabalpur', 21),
(61, 'Thiruvananthapuram', 22),
(62, 'Kochi', 22),
(63, 'Kozhikode', 22),
(64, 'Thrissur', 22),
(65, 'Visakhapatnam', 23),
(66, 'Vijayawada', 23),
(67, 'Tirupati', 23),
(68, 'Guntur', 23),
(69, 'Bhubaneswar', 24),
(70, 'Cuttack', 24),
(71, 'Puri', 24),
(72, 'Rourkela', 24),
(73, 'Shillong', 25),
(74, 'Tura', 25),
(75, 'Baghmara', 25),
(76, 'Barengapara', 25),
(77, 'Mankachar', 25),
(78, 'Phulbari', 25),
(79, 'Hatsingimari', 25),
(80, 'Rongram', 25),
(81, 'Williamnagar', 25),
(82, 'Tikrikilla', 25),
(83, 'Khowai', 11),
(84, 'Ambasa', 11),
(85, 'Kakraban', 11),
(86, 'Garobadha', 25),
(87, 'Choutaki', 10),
(88, 'Bongaigaon', 10),
(89, 'Mankachar', 10),
(90, 'Mahendraganj', 25),
(91, 'Mendipathar', 25),
(92, 'Lunglei', 12),
(93, 'Aizawl', 12),
(94, 'Saiha', 12),
(96, 'Vairengte', 12),
(97, 'Kolasib', 12),
(98, 'Belonia', 11),
(99, 'Santirbazar', 11),
(100, 'Katigorah', 10),
(101, 'Teliamura', 11),
(102, 'Karimganj', 10),
(103, 'Udarbond', 10),
(104, 'Dibrugarh', 10),
(105, 'Sonari', 10),
(106, 'Golaghat', 10),
(107, 'Hojai', 10),
(108, 'Kamalabari', 10),
(109, 'North Lakhimpur', 10),
(110, 'Bilasipara', 10),
(112, 'Biswanath Charali', 10),
(113, 'Rangvamual ', 10),
(114, 'Bawngkawn ', 10),
(115, 'Gauripur , Bharmaputra Industrial area, ', 10),
(116, 'Gauripur ', 10),
(117, 'Srirampur ', 10),
(118, 'Ladrymbai ', 10),
(119, 'Phuentsholing ', 15),
(120, 'Thimphu town ', 15),
(121, 'Sapatgaram ', 10),
(122, 'Dudhnoi', 10),
(123, 'Siliguri ', 10),
(124, 'Singimari ', 25),
(125, 'Krishnai ', 10),
(126, 'Howly ', 10),
(127, 'Champaknagar ', 25),
(128, 'Lakhipur ', 10),
(129, 'Dharmanagar ', 11),
(130, 'Bhaga Bazar ', 10),
(131, 'Kalachhara ', 11),
(132, 'Sivsagar ', 10),
(133, 'Gandacherra ', 11),
(134, 'Abdullapur ', 10),
(135, 'Tulamura ', 11),
(136, 'Hailakandi ', 10),
(137, 'Gohpur ', 10),
(138, 'Nalchar ', 11),
(139, 'Lawngtlai ', 12),
(140, 'Thumapui ', 12),
(141, 'Kokrajhar ', 10),
(142, 'Barpeta town ', 10),
(143, 'Siliguri', 1),
(144, 'Champaknagar', 11),
(145, 'Lad Rymbai', 25),
(146, 'JAMURIA', 1),
(147, 'GHAZIABAD', 13),
(148, 'BURNPUR', 1),
(149, 'BANGALORE', 4),
(150, 'KASHIPUR', 19),
(151, 'FARIDABAD', 3),
(152, 'BARJORA', 1),
(153, 'JAMURIA', 1),
(154, 'JAMURIA', 1),
(155, 'BHIWADI', 3),
(156, 'BHIWADI', 3),
(157, 'BHIWADI', 26),
(158, 'BHIWADI', 26),
(159, 'BARJORA', 1),
(160, 'Ladrymbai ', 25),
(161, 'BIHTA', 7),
(162, 'Doom Dooma', 10),
(163, 'Borkhola ', 10),
(164, 'AMBASSA', 11),
(165, 'Dhupdhara', 10),
(166, 'DASNA', 13),
(167, 'DASNA', 13),
(168, 'Dhemaji ', 10),
(169, 'JAISALMER', 26),
(170, 'Bijni', 10),
(171, 'Badarpur', 10),
(172, 'GORAKHPUR', 13),
(173, 'BANSKANDI', 10),
(174, 'Amarpur ', 11),
(175, 'Sirkoni', 13),
(176, 'Paschim Charakbai ', 11),
(177, 'PALWAL', 3),
(178, 'BELLARY', 4),
(179, 'MANDI GOBINDGARH', 18),
(180, 'NAGPUR', 9),
(181, 'YAMUNANAGAR', 3),
(182, 'DHEMAJI', 10),
(183, 'ANDAL', 1),
(184, 'KOLHAPUR', 9),
(185, 'SIKANDRABAD', 13),
(186, 'Agia', 10);

-- --------------------------------------------------------

--
-- Table structure for table `company_details`
--

CREATE TABLE `company_details` (
  `id` int(11) NOT NULL,
  `name` varchar(255) DEFAULT NULL,
  `slogan` varchar(255) DEFAULT NULL,
  `address` text DEFAULT NULL,
  `gst_no` varchar(50) DEFAULT NULL,
  `fssai_no` varchar(100) DEFAULT NULL,
  `pan_no` varchar(20) DEFAULT NULL,
  `email` varchar(255) DEFAULT NULL,
  `website` varchar(255) DEFAULT NULL,
  `contact_number_1` varchar(20) DEFAULT NULL,
  `contact_number_2` varchar(20) DEFAULT NULL,
  `logo_path` varchar(255) DEFAULT NULL
) ENGINE=InnoDB DEFAULT CHARSET=utf8mb4 COLLATE=utf8mb4_general_ci;

--
-- Dumping data for table `company_details`
--

INSERT INTO `company_details` (`id`, `name`, `slogan`, `address`, `gst_no`, `fssai_no`, `pan_no`, `email`, `website`, `contact_number_1`, `contact_number_2`, `logo_path`) VALUES
(1, 'STC LOGISTICS', 'Delivering Excellence On Time Every Time', '288/N/1/S, Ambagan, Bhiringee, Durgapur, West Bengal', '19BKAPC0667G1ZF', '', 'BKAPC0667G', 'info@stclogistics.in', 'www.stclogistics.in', '8707024051', '9932700246', 'uploads/company/logo.png');

-- --------------------------------------------------------

--
-- Table structure for table `consignment_descriptions`
--

CREATE TABLE `consignment_descriptions` (
  `id` int(11) NOT NULL,
  `description` varchar(255) NOT NULL,
  `is_active` tinyint(1) NOT NULL DEFAULT 1
) ENGINE=InnoDB DEFAULT CHARSET=utf8mb4 COLLATE=utf8mb4_general_ci;

--
-- Dumping data for table `consignment_descriptions`
--

INSERT INTO `consignment_descriptions` (`id`, `description`, `is_active`) VALUES
(1, 'Amul product only', 1),
(2, 'Biscuit/bisk/cake', 1),
(3, 'BISCUITS/RUSK/CAKES', 1),
(4, 'BISK FARM BISCUITS ', 1),
(5, 'ANGAL/CHANNEL', 1),
(6, 'NPB 400', 1),
(7, 'NPB 450', 1),
(8, 'JOIS', 1),
(9, 'CHANNEL/JOIST', 1),
(10, 'NPB', 1),
(13, 'TMT', 1),
(14, 'ROUND BAR', 1),
(15, 'BEAM', 1),
(16, 'PPGL STEEL', 1),
(17, 'HR COIL', 1),
(18, 'NPB/JOIST 300', 1),
(19, 'CHANNEL/NPB', 1),
(20, 'JOIST,ANGLE', 1),
(21, 'MAHINARY ITEM', 1),
(22, 'MS-CHANNEL ', 1),
(23, 'EOT SHED COLUMN', 1),
(24, 'WPB 300*117', 1);

-- --------------------------------------------------------

--
-- Table structure for table `countries`
--

CREATE TABLE `countries` (
  `id` int(11) NOT NULL,
  `name` varchar(100) NOT NULL
) ENGINE=InnoDB DEFAULT CHARSET=utf8mb4 COLLATE=utf8mb4_general_ci;

--
-- Dumping data for table `countries`
--

INSERT INTO `countries` (`id`, `name`) VALUES
(1, 'India'),
(2, 'Bhutan');

-- --------------------------------------------------------

--
-- Table structure for table `drivers`
--

CREATE TABLE `drivers` (
  `id` int(11) NOT NULL,
  `name` varchar(255) NOT NULL,
  `address` text DEFAULT NULL,
  `contact_number` varchar(20) DEFAULT NULL,
  `joining_date` date DEFAULT NULL,
  `license_number` varchar(100) NOT NULL,
  `license_front_path` varchar(255) DEFAULT NULL,
  `license_back_path` varchar(255) DEFAULT NULL,
  `license_expiry_date` date DEFAULT NULL,
  `aadhaar_no` varchar(20) DEFAULT NULL,
  `aadhaar_front_path` varchar(255) DEFAULT NULL,
  `aadhaar_back_path` varchar(255) DEFAULT NULL,
  `pan_no` varchar(20) DEFAULT NULL,
  `pan_doc_path` varchar(255) DEFAULT NULL,
  `photo_path` varchar(255) DEFAULT NULL,
  `license_doc_path` varchar(255) DEFAULT NULL,
  `aadhaar_doc_path` varchar(255) DEFAULT NULL,
  `bank_doc_path` varchar(255) DEFAULT NULL,
  `branch_id` int(11) DEFAULT NULL,
  `employee_id` int(11) DEFAULT NULL,
  `user_id` int(11) DEFAULT NULL,
  `is_active` tinyint(1) NOT NULL DEFAULT 1,
  `created_at` timestamp NOT NULL DEFAULT current_timestamp(),
  `current_status` varchar(50) DEFAULT 'Available'
) ENGINE=InnoDB DEFAULT CHARSET=utf8mb4 COLLATE=utf8mb4_general_ci;

--
-- Dumping data for table `drivers`
--

INSERT INTO `drivers` (`id`, `name`, `address`, `contact_number`, `joining_date`, `license_number`, `license_front_path`, `license_back_path`, `license_expiry_date`, `aadhaar_no`, `aadhaar_front_path`, `aadhaar_back_path`, `pan_no`, `pan_doc_path`, `photo_path`, `license_doc_path`, `aadhaar_doc_path`, `bank_doc_path`, `branch_id`, `employee_id`, `user_id`, `is_active`, `created_at`, `current_status`) VALUES
(1, 'Mrinal Banikya', 'Bhalukdubi, Balijana, Goalpara, Assam-783101.', '9864182519', NULL, 'AS18 20130008426', 'uploads/drivers/driver_1767107413_6953eb5502fe9.jpeg', '', '2025-07-07', '', 'uploads/drivers/driver_1767107413_6953eb5503047.jpeg', 'uploads/drivers/driver_1767107413_6953eb55030a4.jpeg', '', 'uploads/drivers/driver_1767107413_6953eb55030fa.jpeg', 'uploads/drivers/driver_1767107413_6953eb5502f1c.jpeg', 'uploads/drivers/driver_license_doc_path_1767100513.pdf', 'uploads/drivers/driver_aadhaar_doc_path_1767100513.jpg', '', 2, 6, 31, 1, '2025-10-04 07:46:39', 'Available'),
(2, 'Binoy Ch Rabha', 'Rabhapara, Abhayapuri, Bongaigaon,- 783384', '8248835865', NULL, 'AS14 20040034921', 'uploads/drivers/driver_1767108005_6953eda55327b.jpeg', '', '2027-11-14', '', 'uploads/drivers/driver_1767108005_6953eda5532ea.jpeg', 'uploads/drivers/driver_1767108005_6953eda553355.jpeg', '', 'uploads/drivers/driver_1767108005_6953eda5533ea.jpeg', 'uploads/drivers/driver_1767108005_6953eda5531ce.jpeg', 'uploads/drivers/driver_license_doc_path_1759566350.jpg', '', '', 2, 7, 32, 1, '2025-10-04 07:48:15', 'Available'),
(3, 'Jadav Ray', 'Kalyanpur, Balijana, Goalpara-783101', '9954919136', NULL, 'AS18 200150016617', 'uploads/drivers/driver_1767107689_6953ec699ec23.jpeg', '', '2027-07-16', '', 'uploads/drivers/driver_1767107689_6953ec699ecb8.jpeg', 'uploads/drivers/driver_1767107689_6953ec699ee87.jpeg', '', 'uploads/drivers/driver_1767107689_6953ec699ef20.jpeg', 'uploads/drivers/driver_1767107689_6953ec699eb72.jpeg', 'uploads/drivers/driver_license_doc_path_1759566916.jpg', '', '', 2, 8, 30, 1, '2025-10-04 07:49:38', 'Available'),
(4, 'Kushal Ch Ray', 'Kochpara, Agia, Balijana, Goalpara-783101', '8761813884', NULL, 'AS18 20140006404', '', '', '2026-08-15', '', '', '', '', '', '', 'uploads/drivers/driver_license_doc_path_1759565217.jpg', '', '', 2, 9, 35, 1, '2025-10-04 07:51:16', 'Available'),
(5, 'Beikudar Saikia', 'Melamora, Golaghat- 785621', '9365128502', NULL, 'AS18 20100006696', NULL, NULL, '2030-03-03', '', NULL, NULL, '', NULL, '', 'uploads/drivers/driver_license_doc_path_1759565997.jpg', '', '', 2, 11, NULL, 1, '2025-10-04 07:52:50', 'Available'),
(6, 'Narabinda Rabha', 'Kasumari, Resubelpara, Krishnai, Goalpara-783120', '9707995470', NULL, 'ML13 20220001029', NULL, NULL, '2028-12-19', '', NULL, NULL, '', NULL, '', 'uploads/drivers/driver_license_doc_path_1759567372.jpg', '', '', 2, 12, NULL, 1, '2025-10-04 07:54:51', 'Available'),
(7, 'Bidhu Namashudra', 'Khelma Part-VII, Gumra Bazar, Katigorah, Cachar, Assam-788815', '9394704898', NULL, 'AS11 20210003199', NULL, NULL, '2027-07-15', '', NULL, NULL, '', NULL, '', 'uploads/drivers/driver_license_doc_path_1759566183.jpg', '', '', 2, 13, NULL, 1, '2025-10-04 07:57:03', 'Available'),
(8, 'Arabinda Rabha', 'Vill- Pubgathiapara, Dhanubhanga, Rangjuli, Goalpara- 783123', '8135005557', NULL, 'AS14 19980003140', '', '', '2024-10-10', '', '', '', '', '', '', 'uploads/drivers/driver_license_doc_path_1759564993.jpg', '', '', 2, 14, 10, 1, '2025-10-04 08:00:12', 'Available'),
(9, 'Dwipjyoti Hazowary', 'Gathiapara, Dhanubhanga, Rangjuli, Goalpara, Assam-783130.', '8099779746', NULL, 'AS18 20100018686', '', '', '2027-04-24', '', '', '', '', '', '', 'uploads/drivers/driver_license_doc_path_1759566572.jpg', '', '', 2, 16, 33, 1, '2025-10-04 08:09:39', 'Available'),
(10, 'Tileswar Rabha', 'Dekapara, Bhatipara, Boko, Kamrup-781123', '6900380997', NULL, 'AS25 20200005655', '', '', '2028-02-01', '', '', '', '', '', '', 'uploads/drivers/driver_license_doc_path_1759567871.jpg', '', '', 2, 18, 37, 1, '2025-10-04 08:15:40', 'Available'),
(11, 'Ganga Rabha', '', '8011148312', NULL, 'AS180000000000', NULL, NULL, '2025-10-04', '', NULL, NULL, '0000000000', NULL, '', '', '', '', 2, 19, NULL, 1, '2025-10-04 09:07:05', 'Available'),
(12, 'FAIJUL HASAN', NULL, NULL, NULL, 'UP1420150020518', NULL, NULL, NULL, NULL, NULL, NULL, NULL, NULL, NULL, NULL, NULL, NULL, 3, NULL, NULL, 1, '2025-11-04 12:16:34', 'Available'),
(13, 'Rama Kanta Nath', 'Vill- Baikunthpur, PO & PS- Agia, Dist- Goalpara, Assam- 783120.', '6001742732', NULL, 'AS18 20110017332', 'uploads/drivers/driver_1767106178_6953e682c536f.jpeg', 'uploads/drivers/driver_1767106178_6953e682c541d.jpeg', '2031-11-06', '204683085872', 'uploads/drivers/driver_1767106178_6953e682c547c.jpeg', 'uploads/drivers/driver_1767106178_6953e682c54c2.jpeg', 'BJYPN0995D', 'uploads/drivers/driver_1767106178_6953e682c5505.jpeg', 'uploads/drivers/driver_1767106178_6953e682c52d5.jpeg', 'uploads/drivers/driver_license_doc_path_1767100358.pdf', 'uploads/drivers/driver_aadhaar_doc_path_1767100358.jpg', '', 2, 22, 38, 1, '2025-12-30 13:12:38', 'Available'),
(14, 'Debananda Ray', 'Vill- Bogulamari, PO- Bhalukdubi, PS- Goalpara, Balijana, Goalpara, Assam - 783101', '8453136509', NULL, 'AS19 20030008623', 'uploads/drivers/driver_1767104674_6953e0a2adfda.jpeg', '', '2026-12-14', '451581248215', 'uploads/drivers/driver_1767104674_6953e0a2ae070.jpeg', 'uploads/drivers/driver_1767104674_6953e0a2ae0e6.jpeg', 'ADHPH5436P', 'uploads/drivers/driver_1767104674_6953e0a2ae139.jpeg', 'uploads/drivers/driver_1767104674_6953e0a2adecb.jpeg', 'uploads/drivers/driver_1767101548_6953d46cdb80b.jpeg', 'uploads/drivers/driver_1767101548_6953d46cdb89d.jpeg', '', 2, 23, 39, 1, '2025-12-30 13:32:28', 'Available');

-- --------------------------------------------------------

--
-- Table structure for table `driver_status_logs`
--

CREATE TABLE `driver_status_logs` (
  `id` int(11) NOT NULL,
  `driver_id` int(11) NOT NULL,
  `status` varchar(50) NOT NULL,
  `start_time` datetime DEFAULT current_timestamp(),
  `end_time` datetime DEFAULT NULL,
  `duration_minutes` int(11) DEFAULT NULL
) ENGINE=InnoDB DEFAULT CHARSET=latin1 COLLATE=latin1_swedish_ci;

--
-- Dumping data for table `driver_status_logs`
--

INSERT INTO `driver_status_logs` (`id`, `driver_id`, `status`, `start_time`, `end_time`, `duration_minutes`) VALUES
(1, 8, 'Parking', '2025-12-28 10:34:22', '2025-12-28 16:09:00', 334),
(2, 8, 'Parking', '2025-12-28 16:09:18', '2025-12-28 16:09:42', 0),
(3, 8, 'Parking', '2025-12-28 16:24:06', '2025-12-28 16:24:16', 0),
(4, 8, 'Parking', '2025-12-28 16:24:19', '2025-12-28 16:24:20', 0),
(5, 8, 'Parking', '2025-12-28 16:33:43', '2025-12-28 16:33:46', 0),
(6, 8, 'Parking', '2025-12-28 16:52:22', '2025-12-28 16:52:25', 0),
(7, 8, 'Parking', '2025-12-28 16:55:23', '2025-12-28 16:55:26', 0),
(8, 3, 'Parking', '2025-12-28 17:34:22', '2025-12-28 17:34:25', 0);

-- --------------------------------------------------------

--
-- Table structure for table `employees`
--

CREATE TABLE `employees` (
  `id` int(11) NOT NULL,
  `user_id` int(11) DEFAULT NULL,
  `branch_id` int(11) DEFAULT NULL,
  `full_name` varchar(255) NOT NULL,
  `employee_code` varchar(50) DEFAULT NULL,
  `designation` varchar(100) DEFAULT NULL,
  `department` varchar(100) DEFAULT NULL,
  `date_of_joining` date DEFAULT NULL,
  `pan_no` varchar(20) DEFAULT NULL,
  `aadhaar_no` varchar(20) DEFAULT NULL,
  `bank_account_no` varchar(50) DEFAULT NULL,
  `bank_ifsc_code` varchar(20) DEFAULT NULL,
  `status` enum('Active','Resigned','Terminated') NOT NULL DEFAULT 'Active'
) ENGINE=InnoDB DEFAULT CHARSET=utf8mb4 COLLATE=utf8mb4_general_ci;

--
-- Dumping data for table `employees`
--

INSERT INTO `employees` (`id`, `user_id`, `branch_id`, `full_name`, `employee_code`, `designation`, `department`, `date_of_joining`, `pan_no`, `aadhaar_no`, `bank_account_no`, `bank_ifsc_code`, `status`) VALUES
(3, 3, 2, 'Abhinash Kumar', 'STC202501', 'Fleet Manager', 'Logistics', '2025-10-01', '', '', '', '', 'Active'),
(5, 5, 2, 'Shubham Chaubey', 'STC202511', 'Manager', 'Logistics', '2025-10-01', '', '', '', '', 'Active'),
(6, 31, 2, 'Mrinal Banikya', 'STC202551', 'Driver', 'Logistics', NULL, '', '', '', '', 'Active'),
(7, 32, 2, 'Binoy Ch Rabha', 'STC202552', 'Driver', 'Logistics', NULL, '', '', '', '', 'Active'),
(8, 30, 2, 'Jadav Ray', 'STC202553', 'Driver', 'Logistics', NULL, '', '', '', '', 'Active'),
(9, 35, 2, 'Kushal Ch Ray', 'STC202554', 'Driver', 'Logistics', NULL, '', '', '', '', 'Active'),
(11, 28, 2, 'Beikudar Saikia', 'STC202555', 'Driver', 'Logistics', '2025-10-01', '', '', '', '', 'Active'),
(12, 36, 2, 'Narabinda Rabha', 'STC202556', 'Driver', 'Logistics', '2025-10-01', '', '', '', '', 'Active'),
(13, NULL, 2, 'Bidhu Namashudra', 'STC202557', 'Driver', 'Logistics', '2025-10-01', '', '', '', '', 'Terminated'),
(14, 10, 2, 'Arabinda Rabha', 'STC202558', 'Driver', 'Logistics', NULL, '', '', '', '', 'Active'),
(16, 33, 2, 'Dwipjyoti Hazowary', 'STC202559', 'Driver', 'Logistics', NULL, '', '', '', '', 'Active'),
(18, 37, 2, 'Tileswar Rabha', 'STC202560', 'Driver', 'Logistics', NULL, '', '', '', '', 'Active'),
(19, 34, 2, 'Ganga Rabha', 'STC202561', 'Driver', 'Logistics', '2025-10-01', '', '', '', '', 'Active'),
(22, 38, 2, 'Rama Kanta Nath', 'DRV-1767100358', 'Driver', 'Logistics', NULL, NULL, NULL, NULL, NULL, 'Active'),
(23, 39, 2, 'Debananda Ray', 'DRV-1767101548', 'Driver', 'Logistics', NULL, NULL, NULL, NULL, NULL, 'Active');

-- --------------------------------------------------------

--
-- Table structure for table `employee_ledger`
--

CREATE TABLE `employee_ledger` (
  `id` int(11) NOT NULL,
  `employee_id` int(11) NOT NULL,
  `date` date NOT NULL,
  `type` enum('Advance','Shortage','Fine','Bonus','Incentive') NOT NULL,
  `amount` decimal(10,2) NOT NULL,
  `description` text DEFAULT NULL,
  `is_recovered` tinyint(1) DEFAULT 0 COMMENT '0=Pending, 1=Deducted in Salary',
  `payslip_id` int(11) DEFAULT NULL COMMENT 'Links to the payslip where this was settled',
  `created_at` timestamp NOT NULL DEFAULT current_timestamp()
) ENGINE=InnoDB DEFAULT CHARSET=latin1 COLLATE=latin1_swedish_ci;

--
-- Dumping data for table `employee_ledger`
--

INSERT INTO `employee_ledger` (`id`, `employee_id`, `date`, `type`, `amount`, `description`, `is_recovered`, `payslip_id`, `created_at`) VALUES
(1, 6, '2025-11-21', 'Advance', 10000.00, 'extra for diesel', 1, 15, '2025-12-28 12:09:04'),
(2, 23, '2025-12-30', 'Advance', 5000.00, 'Accident Sonapur', 0, NULL, '2025-12-30 14:55:57');

-- --------------------------------------------------------

--
-- Table structure for table `expenses`
--

CREATE TABLE `expenses` (
  `id` int(11) NOT NULL,
  `expense_date` date NOT NULL,
  `category` varchar(100) NOT NULL,
  `amount` decimal(10,2) NOT NULL,
  `status` enum('Pending','Approved','Rejected') NOT NULL DEFAULT 'Pending',
  `approved_by` int(11) DEFAULT NULL,
  `rejection_reason` varchar(255) DEFAULT NULL,
  `paid_to` varchar(255) DEFAULT NULL,
  `description` text DEFAULT NULL,
  `shipment_id` int(11) DEFAULT NULL,
  `vehicle_id` int(11) DEFAULT NULL,
  `employee_id` int(11) DEFAULT NULL,
  `branch_id` int(11) NOT NULL,
  `created_by` int(11) NOT NULL,
  `created_at` timestamp NOT NULL DEFAULT current_timestamp()
) ENGINE=InnoDB DEFAULT CHARSET=utf8mb4 COLLATE=utf8mb4_general_ci;

--
-- Dumping data for table `expenses`
--

INSERT INTO `expenses` (`id`, `expense_date`, `category`, `amount`, `status`, `approved_by`, `rejection_reason`, `paid_to`, `description`, `shipment_id`, `vehicle_id`, `employee_id`, `branch_id`, `created_by`, `created_at`) VALUES
(1, '2025-10-31', 'Salary', 10000.00, 'Approved', 5, NULL, '', '', NULL, NULL, 3, 2, 5, '2025-10-31 11:48:27'),
(2, '2025-12-30', 'Repair', 5530.00, 'Approved', 5, NULL, '9854208484 Jiban Shaym', 'Patti purchase', NULL, 107, NULL, 2, 5, '2025-12-30 11:34:02'),
(3, '2026-01-06', 'Repair', 4050.00, 'Approved', 5, NULL, '2750 Krishna Motors 12 mile + 1300 bhaijan mechanic charge', 'Hub greasing 4 wheel @200  + steering alignment 300 + 200 miscellaneous', NULL, 5, NULL, 2, 5, '2026-01-06 15:45:38'),
(4, '2025-11-16', 'Repair', 700.00, 'Approved', 5, NULL, 'Kushal', '1 Liter Engine oil + Puncture repair', NULL, 4, NULL, 2, 5, '2026-01-16 15:32:36'),
(5, '2025-11-16', 'Repair', 3000.00, 'Approved', 5, NULL, 'Kushal', 'Rear Crown Rod Connector + washer Change + 6 L Gear Oil,', NULL, 4, NULL, 2, 5, '2026-01-16 15:35:07'),
(6, '2026-01-03', 'Repair', 9765.00, 'Approved', 5, NULL, 'New Rajdhani Motors', 'Fuel Metering Unit Change + Wiring Checkup', NULL, 3, NULL, 2, 5, '2026-01-16 15:42:24'),
(7, '2025-12-29', 'Repair', 120.00, 'Approved', 5, NULL, 'Debenanda Hajang', 'Patti Pin Change', NULL, 3, NULL, 2, 5, '2026-01-16 15:43:46'),
(8, '2025-10-10', 'Office Rent', 7000.00, 'Approved', 5, NULL, 'M agarwal', 'September rent', NULL, NULL, NULL, 2, 5, '2026-01-16 15:47:17'),
(9, '2025-10-15', 'Utilities', 3392.00, 'Approved', 5, NULL, 'M agarwal', 'Electricity Rent', NULL, NULL, NULL, 2, 5, '2026-01-16 15:48:08'),
(10, '2025-11-14', 'Office Rent', 7521.00, 'Approved', 5, NULL, 'M agarwal', 'October Rent', NULL, NULL, NULL, 2, 5, '2026-01-16 15:48:59'),
(11, '2025-12-11', 'Office Rent', 7347.00, 'Approved', 5, NULL, 'M agarwal', 'December Rent', NULL, NULL, NULL, 2, 5, '2026-01-16 15:49:36'),
(12, '2026-01-16', 'Office Rent', 7372.00, 'Approved', 5, NULL, 'M agarwal', 'Rent December 25 + Electricity', NULL, NULL, NULL, 2, 5, '2026-01-16 15:51:44');

-- --------------------------------------------------------

--
-- Table structure for table `fuel_logs`
--

CREATE TABLE `fuel_logs` (
  `id` int(11) NOT NULL,
  `vehicle_id` int(11) NOT NULL,
  `log_date` date NOT NULL,
  `odometer_reading` int(11) NOT NULL,
  `fuel_quantity` decimal(8,2) NOT NULL,
  `fuel_rate` decimal(8,2) NOT NULL,
  `total_cost` decimal(10,2) NOT NULL,
  `fuel_station` varchar(255) DEFAULT NULL,
  `filled_by_driver_id` int(11) DEFAULT NULL,
  `branch_id` int(11) NOT NULL,
  `created_by` int(11) NOT NULL
) ENGINE=InnoDB DEFAULT CHARSET=utf8mb4 COLLATE=utf8mb4_general_ci;

-- --------------------------------------------------------

--
-- Table structure for table `invoices`
--

CREATE TABLE `invoices` (
  `id` int(11) NOT NULL,
  `invoice_no` varchar(100) NOT NULL,
  `invoice_date` date NOT NULL,
  `from_date` date DEFAULT NULL,
  `to_date` date DEFAULT NULL,
  `consignor_id` int(11) NOT NULL,
  `total_amount` decimal(12,2) NOT NULL,
  `status` varchar(50) NOT NULL DEFAULT 'Generated',
  `created_by_id` int(11) NOT NULL,
  `branch_id` int(11) DEFAULT NULL,
  `created_at` timestamp NOT NULL DEFAULT current_timestamp()
) ENGINE=InnoDB DEFAULT CHARSET=utf8mb4 COLLATE=utf8mb4_general_ci;

--
-- Dumping data for table `invoices`
--

INSERT INTO `invoices` (`id`, `invoice_no`, `invoice_date`, `from_date`, `to_date`, `consignor_id`, `total_amount`, `status`, `created_by_id`, `branch_id`, `created_at`) VALUES
(11, 'STC/BFPL/24', '2025-10-30', '2025-10-01', '2025-10-15', 21, 381600.00, 'Paid', 5, 2, '2025-11-06 12:46:30'),
(12, 'STC/BFPL/25', '2025-11-05', '2025-10-16', '2025-10-31', 21, 718500.00, 'Paid', 5, 2, '2025-11-06 12:47:14'),
(13, 'STC/BFPL/26', '2025-11-05', '2025-10-01', '2025-10-15', 21, 49700.00, 'Paid', 5, 2, '2025-11-11 10:04:58'),
(14, 'STC/BFPL/27', '2025-11-18', '2025-11-01', '2025-11-15', 21, 812700.00, 'Paid', 5, 2, '2025-11-29 09:56:48'),
(16, 'STC/BFPL/28', '2025-12-08', '2025-11-16', '2025-11-30', 21, 598200.00, 'Paid', 5, 2, '2025-12-08 12:46:34'),
(17, 'STC/BFPL/29', '2025-12-18', '2025-12-01', '2025-12-15', 21, 616700.00, 'Paid', 5, 2, '2025-12-20 12:23:55'),
(18, 'STC/GCMMF/118', '2025-12-27', '2025-10-16', '2025-10-31', 3, 371279.71, 'Generated', 5, 2, '2025-12-27 15:52:25'),
(19, 'STC/GCMMF/119', '2025-12-27', '2025-11-01', '2025-11-15', 3, 318051.28, 'Generated', 5, 2, '2025-12-27 15:53:16'),
(20, 'STC/GCMMF/120', '2025-12-27', '2025-11-16', '2025-11-30', 3, 349036.58, 'Generated', 5, 2, '2025-12-27 15:53:58'),
(21, 'STC/GCMMF/117', '2025-12-27', '2025-10-01', '2025-10-15', 3, 330993.99, 'Generated', 5, 2, '2025-12-30 12:37:57'),
(23, 'STC/BFPL/30', '2026-01-02', '2025-12-16', '2025-12-31', 21, 661000.00, 'Generated', 5, 2, '2026-01-10 16:47:14'),
(24, 'STC/BFPL/31', '2026-01-16', '2026-01-01', '2026-01-15', 21, 501200.00, 'Generated', 5, 2, '2026-01-16 11:49:46');

-- --------------------------------------------------------

--
-- Table structure for table `invoice_items`
--

CREATE TABLE `invoice_items` (
  `id` int(11) NOT NULL,
  `invoice_id` int(11) NOT NULL,
  `shipment_id` int(11) NOT NULL
) ENGINE=InnoDB DEFAULT CHARSET=utf8mb4 COLLATE=utf8mb4_general_ci;

--
-- Dumping data for table `invoice_items`
--

INSERT INTO `invoice_items` (`id`, `invoice_id`, `shipment_id`) VALUES
(118, 11, 5),
(120, 11, 7),
(121, 11, 8),
(122, 11, 10),
(123, 11, 30),
(124, 11, 34),
(125, 11, 51),
(126, 11, 60),
(127, 12, 65),
(128, 12, 66),
(129, 12, 67),
(130, 12, 81),
(131, 12, 82),
(132, 12, 86),
(133, 12, 87),
(134, 12, 88),
(135, 12, 96),
(136, 12, 98),
(137, 12, 106),
(138, 12, 107),
(139, 12, 108),
(140, 12, 110),
(141, 12, 114),
(142, 12, 118),
(143, 13, 6),
(144, 14, 134),
(145, 14, 139),
(146, 14, 153),
(147, 14, 173),
(148, 14, 177),
(149, 14, 193),
(150, 14, 202),
(151, 14, 213),
(152, 14, 214),
(153, 14, 223),
(154, 14, 226),
(155, 14, 232),
(156, 14, 235),
(157, 14, 236),
(158, 14, 237),
(173, 16, 239),
(174, 16, 247),
(175, 16, 265),
(176, 16, 261),
(177, 16, 262),
(178, 16, 263),
(179, 16, 264),
(180, 16, 276),
(181, 16, 282),
(182, 16, 292),
(183, 16, 293),
(184, 16, 299),
(185, 16, 300),
(186, 16, 301),
(187, 17, 322),
(188, 17, 323),
(189, 17, 326),
(190, 17, 336),
(191, 17, 337),
(192, 17, 344),
(193, 17, 345),
(194, 17, 346),
(195, 17, 354),
(196, 17, 355),
(197, 17, 356),
(198, 17, 359),
(199, 18, 62),
(200, 18, 63),
(201, 18, 69),
(202, 18, 77),
(203, 18, 76),
(204, 18, 79),
(205, 18, 78),
(206, 18, 84),
(207, 18, 85),
(208, 18, 92),
(209, 18, 89),
(210, 18, 90),
(211, 18, 94),
(212, 18, 95),
(213, 18, 97),
(214, 18, 101),
(215, 18, 102),
(216, 18, 104),
(217, 18, 103),
(218, 18, 111),
(219, 18, 113),
(220, 18, 112),
(221, 18, 109),
(222, 18, 117),
(223, 18, 121),
(224, 18, 120),
(225, 18, 119),
(226, 18, 133),
(227, 18, 126),
(228, 18, 129),
(229, 18, 128),
(230, 18, 127),
(231, 18, 132),
(232, 18, 125),
(233, 19, 136),
(234, 19, 135),
(235, 19, 142),
(236, 19, 141),
(237, 19, 159),
(238, 19, 154),
(239, 19, 162),
(240, 19, 161),
(241, 19, 169),
(242, 19, 170),
(243, 19, 176),
(244, 19, 175),
(245, 19, 180),
(246, 19, 186),
(247, 19, 187),
(248, 19, 198),
(249, 19, 195),
(250, 19, 206),
(251, 19, 205),
(252, 19, 204),
(253, 19, 208),
(254, 19, 207),
(255, 19, 212),
(256, 19, 221),
(257, 19, 219),
(258, 19, 228),
(259, 19, 227),
(260, 20, 242),
(261, 20, 243),
(262, 20, 246),
(263, 20, 244),
(264, 20, 253),
(265, 20, 257),
(266, 20, 258),
(267, 20, 259),
(268, 20, 260),
(269, 20, 272),
(270, 20, 273),
(271, 20, 275),
(272, 20, 274),
(273, 20, 279),
(274, 20, 278),
(275, 20, 280),
(276, 20, 283),
(277, 20, 289),
(278, 20, 288),
(279, 20, 295),
(280, 20, 297),
(281, 20, 303),
(282, 20, 296),
(283, 20, 294),
(284, 20, 307),
(285, 20, 306),
(286, 20, 304),
(287, 20, 316),
(288, 20, 305),
(289, 20, 315),
(290, 21, 2),
(291, 21, 1),
(292, 21, 4),
(293, 21, 3),
(294, 21, 12),
(295, 21, 11),
(296, 21, 13),
(297, 21, 18),
(298, 21, 17),
(299, 21, 19),
(300, 21, 21),
(301, 21, 27),
(302, 21, 26),
(303, 21, 25),
(304, 21, 37),
(305, 21, 33),
(306, 21, 32),
(307, 21, 36),
(308, 21, 39),
(309, 21, 44),
(310, 21, 43),
(311, 21, 42),
(312, 21, 54),
(313, 21, 48),
(314, 21, 53),
(315, 21, 52),
(316, 21, 47),
(317, 21, 57),
(318, 21, 59),
(319, 21, 58),
(330, 23, 366),
(331, 23, 367),
(332, 23, 369),
(333, 23, 370),
(334, 23, 371),
(335, 23, 382),
(336, 23, 413),
(337, 23, 414),
(338, 23, 422),
(339, 23, 423),
(340, 23, 438),
(341, 23, 439),
(342, 23, 440),
(343, 23, 442),
(344, 24, 451),
(345, 24, 452),
(346, 24, 456),
(347, 24, 457),
(348, 24, 459),
(349, 24, 460),
(350, 24, 482),
(351, 24, 490),
(352, 24, 491),
(353, 24, 492);

-- --------------------------------------------------------

--
-- Table structure for table `invoice_payments`
--

CREATE TABLE `invoice_payments` (
  `id` int(11) NOT NULL,
  `invoice_id` int(11) NOT NULL,
  `reconciliation_voucher_id` int(11) DEFAULT NULL,
  `payment_date` date NOT NULL,
  `amount_received` decimal(12,2) NOT NULL,
  `tds_amount` decimal(12,2) NOT NULL DEFAULT 0.00,
  `payment_mode` varchar(50) DEFAULT NULL,
  `reference_no` varchar(255) DEFAULT NULL,
  `remarks` text DEFAULT NULL,
  `received_by` int(11) NOT NULL,
  `created_at` timestamp NOT NULL DEFAULT current_timestamp()
) ENGINE=InnoDB DEFAULT CHARSET=utf8mb4 COLLATE=utf8mb4_general_ci;

--
-- Dumping data for table `invoice_payments`
--

INSERT INTO `invoice_payments` (`id`, `invoice_id`, `reconciliation_voucher_id`, `payment_date`, `amount_received`, `tds_amount`, `payment_mode`, `reference_no`, `remarks`, `received_by`, `created_at`) VALUES
(3, 11, NULL, '2025-11-07', 377784.00, 3816.00, 'Bank Transfer', 'HSBCN52025110791567160', '', 5, '2025-11-11 11:32:01'),
(4, 13, NULL, '2025-11-19', 49203.00, 497.00, 'Bank Transfer', 'HSBCN52025111993833279', '', 5, '2025-12-20 12:31:56'),
(5, 12, NULL, '2025-11-23', 711315.00, 7185.00, 'Bank Transfer', 'HSBCN52025112294684270', '', 5, '2025-12-20 12:35:13'),
(6, 14, NULL, '2025-12-05', 804573.00, 8127.00, 'Bank Transfer', 'HSBCN52025120599210339', '', 5, '2025-12-20 12:36:40'),
(7, 16, NULL, '2025-12-24', 592218.00, 5982.00, 'Bank Transfer', 'HSBCN52025122403955117', '', 5, '2025-12-27 16:10:18'),
(8, 17, NULL, '2026-01-13', 610533.00, 6167.00, 'Bank Transfer', 'HSBCN52026011310028557', '', 5, '2026-01-16 12:07:59');

-- --------------------------------------------------------

--
-- Table structure for table `maintenance_logs`
--

CREATE TABLE `maintenance_logs` (
  `id` int(11) NOT NULL,
  `vehicle_id` int(11) NOT NULL,
  `service_date` date NOT NULL,
  `service_type` varchar(255) NOT NULL,
  `odometer_reading` int(11) DEFAULT NULL,
  `service_cost` decimal(10,2) NOT NULL,
  `vendor_name` varchar(255) DEFAULT NULL,
  `description` text DEFAULT NULL,
  `next_service_date` date DEFAULT NULL,
  `invoice_doc_paths` text DEFAULT NULL COMMENT 'JSON array of file paths',
  `tyre_number` varchar(100) DEFAULT NULL,
  `branch_id` int(11) NOT NULL,
  `created_by` int(11) NOT NULL
) ENGINE=InnoDB DEFAULT CHARSET=utf8mb4 COLLATE=utf8mb4_general_ci;

--
-- Dumping data for table `maintenance_logs`
--

INSERT INTO `maintenance_logs` (`id`, `vehicle_id`, `service_date`, `service_type`, `odometer_reading`, `service_cost`, `vendor_name`, `description`, `next_service_date`, `invoice_doc_paths`, `tyre_number`, `branch_id`, `created_by`) VALUES
(1, 2, '2025-10-16', 'Other', 0, 3010.00, 'Rajdhani Motors', 'Water separator gasket change', NULL, NULL, NULL, 2, 5),
(2, 5, '2025-10-13', 'General Service', 0, 11130.00, 'Brahmaputra Motors', 'General Service', '2026-10-01', NULL, NULL, 2, 5),
(3, 6, '2025-10-14', 'Accident Repair', 0, 2000.00, 'Reliable', 'Container Damage Repair', NULL, NULL, NULL, 2, 5),
(4, 8, '2025-11-04', 'General Service', 0, 9885.00, 'BRAHMAPUTRA MOTOR WORKS', 'Periodic Service', '2026-11-01', '[\"uploads\\/maintenance\\/log_4_invoice_doc_1_1762252389.jpeg\",\"uploads\\/maintenance\\/log_4_invoice_doc_2_1762252389.jpeg\"]', NULL, 2, 5),
(5, 12, '2025-11-04', 'General Service', 0, 24900.00, '12 mile', 'Periodic Service\r\ni beam\r\n3 tyre hub greasing\r\nkin pin\r\n(please refer to bill)', '2026-11-01', '[\"uploads\\/maintenance\\/log_5_invoice_doc_1_1762252608.jpeg\",\"uploads\\/maintenance\\/log_5_invoice_doc_2_1762252608.jpeg\",\"uploads\\/maintenance\\/log_5_invoice_doc_3_1762252608.jpeg\",\"uploads\\/maintenance\\/log_5_invoice_doc_4_1762252608.jpeg\"]', NULL, 2, 5);

-- --------------------------------------------------------

--
-- Table structure for table `maintenance_service_types`
--

CREATE TABLE `maintenance_service_types` (
  `id` int(11) NOT NULL,
  `name` varchar(100) NOT NULL,
  `is_active` tinyint(1) NOT NULL DEFAULT 1
) ENGINE=InnoDB DEFAULT CHARSET=utf8mb4 COLLATE=utf8mb4_general_ci;

--
-- Dumping data for table `maintenance_service_types`
--

INSERT INTO `maintenance_service_types` (`id`, `name`, `is_active`) VALUES
(1, 'Accident Repair', 1),
(2, 'Brake Repair', 1),
(3, 'Engine Work', 1),
(4, 'General Service', 1),
(5, 'Oil Change', 1),
(6, 'Other', 1),
(7, 'Tyre Replacement', 1);

-- --------------------------------------------------------

--
-- Table structure for table `parties`
--

CREATE TABLE `parties` (
  `id` int(11) NOT NULL,
  `name` varchar(255) NOT NULL,
  `party_type` varchar(50) NOT NULL,
  `address` text NOT NULL,
  `city` varchar(100) DEFAULT NULL,
  `state` varchar(100) DEFAULT NULL,
  `country` varchar(100) DEFAULT NULL,
  `gst_no` varchar(50) DEFAULT NULL,
  `pan_no` varchar(20) DEFAULT NULL,
  `contact_number` varchar(20) DEFAULT NULL,
  `contact_person` varchar(255) DEFAULT NULL,
  `map_location` text DEFAULT NULL,
  `gst_doc_path` varchar(255) DEFAULT NULL,
  `pan_doc_path` varchar(255) DEFAULT NULL,
  `credit_limit` decimal(12,2) NOT NULL DEFAULT 0.00,
  `branch_id` int(11) DEFAULT NULL,
  `is_active` tinyint(1) NOT NULL DEFAULT 1,
  `created_at` timestamp NOT NULL DEFAULT current_timestamp()
) ENGINE=InnoDB DEFAULT CHARSET=utf8mb4 COLLATE=utf8mb4_general_ci;

--
-- Dumping data for table `parties`
--

INSERT INTO `parties` (`id`, `name`, `party_type`, `address`, `city`, `state`, `country`, `gst_no`, `pan_no`, `contact_number`, `contact_person`, `map_location`, `gst_doc_path`, `pan_doc_path`, `credit_limit`, `branch_id`, `is_active`, `created_at`) VALUES
(1, 'Anmol Industries Ltd', 'Consignor', 'Plot No- 15, Brahmaputra Industrial Area, Gauripur, North Guwahati', 'Guwahati', 'Assam', 'India', '18AADCB9169P1ZU', NULL, '', 'Manoj Saikia', NULL, NULL, NULL, 0.00, 2, 1, '2025-09-22 15:03:28'),
(2, 'Anmol Industries Ltd', 'Consignee', 'Ramnagar, Silchar', 'Silchar', 'Assam', 'India', '', '', '', '0', NULL, NULL, NULL, 0.00, 2, 1, '2025-09-22 15:04:17'),
(3, 'Gujrat Co-Operative Milk Marketing Federation Limited, Bongaigaon', 'Consignor', 'C/O- Amit Harlalka Complex, Abhyapuri, Bongaigaon-783384', 'Choutaki', 'Assam', 'India', '18AAAAG5588Q2ZU', 'AAAAG5588Q', '', '0', NULL, NULL, NULL, 0.00, 2, 1, '2025-10-04 09:20:52'),
(4, 'Agarwal Agency', 'Consignee', 'Mankachar', 'Mankachar', 'Meghalaya', 'India', '18ACBPA7442D1Z3', '', '', '', NULL, NULL, NULL, 0.00, 2, 1, '2025-10-04 09:22:13'),
(5, 'Rahul Prasad', 'Consignee', 'Tura Bazar', 'Tura', 'Meghalaya', 'India', '', '', '', '', NULL, NULL, NULL, 0.00, 2, 1, '2025-10-04 09:23:09'),
(6, 'Meghalaya Store', 'Consignee', 'Phulbari Bazar', 'Phulbari', 'Meghalaya', 'India', '', '', '', '', NULL, NULL, NULL, 0.00, 2, 1, '2025-10-04 09:24:11'),
(7, 'M/S Sanjeev Kumar Sah', 'Consignee', '58, Rongram Bazar', 'Rongram', 'Meghalaya', 'India', '', '', '', '', NULL, NULL, NULL, 0.00, 2, 1, '2025-10-04 09:25:19'),
(8, 'Krishna Store', 'Consignee', 'Barengapara Bazar', 'Barengapara', 'Meghalaya', 'India', '', '', '', '', NULL, NULL, NULL, 0.00, 2, 1, '2025-10-04 09:26:24'),
(9, 'M/S Saha Store', 'Consignee', 'Garobadha Bazar', 'Garobadha', 'Meghalaya', 'India', '', '', '', '', NULL, NULL, NULL, 0.00, 2, 1, '2025-10-04 09:27:32'),
(10, 'Erkin Islam', 'Consignee', 'Ward No- 2, Beparipara, Mankachar', 'Mankachar', 'Meghalaya', 'India', '', '', '', '', NULL, NULL, NULL, 0.00, 2, 1, '2025-10-04 09:30:28'),
(11, 'Sangma Sweets', 'Consignee', 'Main Bazar, Tikrikilla', 'Tikrikilla', 'Meghalaya', 'India', '', '', '', '', NULL, NULL, NULL, 0.00, 2, 1, '2025-10-04 09:34:19'),
(12, 'Hanuman Bhander', 'Consignee', 'Williamnagar Bazar, Williamnagar', 'Williamnagar', 'Meghalaya', 'India', '', '', '', '', NULL, NULL, NULL, 0.00, 2, 1, '2025-10-04 09:35:19'),
(13, 'Wool House', 'Consignee', 'Tura Bazar, Tura', 'Tura', 'Meghalaya', 'India', '', '', '', '', NULL, NULL, NULL, 0.00, 2, 1, '2025-10-04 09:36:02'),
(14, 'Bajrangbali Store', 'Consignee', 'Tura Bazar, Tura', 'Tura', 'Meghalaya', 'India', '', '', '', '', NULL, NULL, NULL, 0.00, 2, 1, '2025-10-04 09:37:02'),
(15, 'Sanjay Trade Agency', 'Consignee', 'TD Road, Tura', 'Tura', 'Meghalaya', 'India', '', '', '', '', NULL, NULL, NULL, 0.00, 2, 1, '2025-10-04 09:37:51'),
(16, 'M/S Ashok Store & Agency', 'Consignee', 'Tura Bazar, Tura', 'Tura', 'Meghalaya', 'India', '', '', '', '', NULL, NULL, NULL, 0.00, 2, 1, '2025-10-04 09:38:34'),
(17, 'Shree Narohari Bhandar', 'Consignee', 'Babupara 1, Mahendraganj Bazar', 'Mahendraganj', 'Meghalaya', 'India', '', '', '', '', NULL, NULL, NULL, 0.00, 2, 1, '2025-10-04 09:40:00'),
(18, 'Riya Store', 'Consignee', 'Mahamaya Nagar, Hatsingimari', 'Hatsingimari', 'Meghalaya', 'India', '', '', '', '', NULL, NULL, NULL, 0.00, 2, 1, '2025-10-04 09:41:38'),
(19, 'M/S S.S Agencies', 'Consignee', 'Mendipathar, Resubelpara', 'Mendipathar', 'Meghalaya', 'India', '', '', '', '', NULL, NULL, NULL, 0.00, 2, 1, '2025-10-04 09:43:42'),
(21, 'Bhagwati Foods Pvt Ltd', 'Consignor', 'Pamohi, Garchuk, Kamrup Metropolitan, Assam - 781035', 'Guwahati', 'Assam', 'India', '18AABCB3680P1Z8', 'AABCB3680P', '7002821232', 'Biswajeet Hazarika', NULL, NULL, NULL, 0.00, 2, 1, '2025-10-04 11:02:07'),
(22, 'RR Enterprise', 'Consignee', '2E/012, Ngaizel, Lunglei', 'Lunglei', 'Mizoram', 'India', '', '', '', '', NULL, NULL, NULL, 0.00, 2, 1, '2025-10-04 11:04:01'),
(23, 'Pancha Pandova', 'Consignee', 'M B C Nagar, Chittamara, Belonia', 'Belonia', 'Tripura', 'India', '', '', '', '', NULL, NULL, NULL, 0.00, 2, 1, '2025-10-04 11:08:27'),
(24, 'Radha Rani Enterprise', 'Consignee', '196, Paul Para, Agartala', 'Agartala', 'Tripura', 'India', '', '', '', '', NULL, NULL, NULL, 0.00, 2, 1, '2025-10-04 11:10:20'),
(25, 'Maa Tripureswari Stores', 'Consignee', 'Ward No- 5, Kanchan Nagar, Santirbazar', 'Santirbazar', 'Tripura', 'India', '', '', '', '', NULL, NULL, NULL, 0.00, 2, 1, '2025-10-04 11:14:04'),
(26, 'Sena Store, Lunglei', 'Consignee', 'Lunglei', 'Lunglei', 'Mizoram', 'India', '', '', '', '', NULL, NULL, NULL, 0.00, 2, 1, '2025-10-04 11:16:10'),
(27, 'Sena Store, Aizawl', 'Consignee', 'Aizawl', 'Aizawl', 'Mizoram', 'India', '', '', '', '', NULL, NULL, NULL, 0.00, 2, 1, '2025-10-04 11:16:45'),
(28, 'Sena Store, Saiha', 'Consignee', '01 Bazar Veng, Saiha', 'Saiha', 'Mizoram', 'India', '', '', '', '', NULL, NULL, NULL, 0.00, 2, 1, '2025-10-04 11:18:07'),
(29, 'SATYA RANJAN PAUL', 'Consignee', 'AMBASSA, KULAI, TRIPURA', 'Ambasa', 'Tripura', 'India', '', '', '', '', NULL, NULL, NULL, 0.00, 2, 1, '2025-10-04 11:19:34'),
(30, 'PAUL AGENCY', 'Consignee', 'KATIRIAL, KATIGORAH, CACHAR', 'Katigorah', 'Assam', 'India', '', '', '', '0', NULL, NULL, NULL, 0.00, 2, 1, '2025-10-04 11:21:23'),
(31, 'RAMTHAKUR VARITIES', 'Consignee', 'Belonia', 'Belonia', 'Tripura', 'India', '', '', '', '', NULL, NULL, NULL, 0.00, 2, 1, '2025-10-04 11:21:55'),
(32, 'GG ENTERPRISE', 'Consignee', 'Lunglei', 'Lunglei', 'Mizoram', 'India', '', '', '', '', NULL, NULL, NULL, 0.00, 2, 1, '2025-10-04 11:22:26'),
(33, 'SAHA ENTERPRISE', 'Consignee', 'DHARMANAGAR', 'Dharmanagar', 'Tripura', 'India', '', '', '', '', NULL, NULL, NULL, 0.00, 2, 1, '2025-10-04 11:22:59'),
(34, 'SAANVI ENTERPRISE', 'Consignee', 'TELIAMURA', 'Teliamura', 'Tripura', 'India', '', '', '', '', NULL, NULL, NULL, 0.00, 2, 1, '2025-10-04 11:24:02'),
(35, 'TANUJ ENTERPRISE', 'Consignee', 'Kakraban', 'Kakraban', 'Tripura', 'India', '', '', '', '', NULL, NULL, NULL, 0.00, 2, 1, '2025-10-04 11:28:33'),
(36, 'SHYMANADA STORE', 'Consignee', 'Silchar', 'Silchar', 'Assam', 'India', '', '', '', '', NULL, NULL, NULL, 0.00, 2, 1, '2025-10-04 11:29:21'),
(37, 'UMADUL ENTERPRISE', 'Consignee', 'SILCHAR', 'Silchar', 'Assam', 'India', '', '', '', '', NULL, NULL, NULL, 0.00, 2, 1, '2025-10-04 11:30:01'),
(38, 'PRONATI STORE', 'Consignee', 'Sonai', 'Sonai', 'Assam', 'India', '', '', '', '', NULL, NULL, NULL, 0.00, 2, 1, '2025-10-04 11:30:42'),
(39, 'SAI TRADERS', 'Consignee', 'SILCHAR ROAD, KARIMGANJ', 'Karimganj', 'Assam', 'India', '', '', '', '', NULL, NULL, NULL, 0.00, 2, 1, '2025-10-04 11:31:54'),
(40, 'BANSHIKA STORE', 'Consignee', 'SILCHAR', 'Silchar', 'Assam', 'India', '', '', '', '', NULL, NULL, NULL, 0.00, 2, 1, '2025-10-04 11:33:02'),
(41, 'IRFAN ENTERPRISE', 'Consignee', 'BAGHA BAZAR , SILCHAR', 'Bhaga Bazar ', 'Assam', 'India', '', '', '', '0', NULL, NULL, NULL, 0.00, 2, 1, '2025-10-04 11:34:09'),
(42, 'AB ENTERPRISE', 'Consignee', 'GROUND FLOOR CACHAR, SILCHAR', 'Silchar', 'Assam', 'India', '', '', '', '0', NULL, NULL, NULL, 0.00, 2, 1, '2025-10-04 11:34:43'),
(43, 'TUOLOR AGENCIES', 'Consignee', 'VAIRENGTE', 'Vairengte', 'Mizoram', 'India', '', '', '', '', NULL, NULL, NULL, 0.00, 2, 1, '2025-10-04 11:35:12'),
(44, 'JALAN AGENCIES', 'Consignee', 'SILCHAR', 'Silchar', 'Assam', 'India', '', '', '', '', NULL, NULL, NULL, 0.00, 2, 1, '2025-10-04 11:35:50'),
(45, 'LOKNATH STORE, UDARBOND', 'Consignee', 'DURGANAGAR VIP ROAD , UDARBOND', 'Udarbond', 'Assam', 'India', '', '', '', '', NULL, NULL, NULL, 0.00, 2, 1, '2025-10-04 11:36:39'),
(46, 'KEDIA TRADE AND AGENCIES, DIBRUGARH', 'Consignee', 'DIBRUGARH', 'Dibrugarh', 'Assam', 'India', '', '', '', '', NULL, NULL, NULL, 0.00, 2, 1, '2025-10-04 11:38:38'),
(47, 'BHOWMIK TRADERS', 'Consignee', 'BANSHBARI, BARUAH PATHAR, DIBRUGARH', 'Dibrugarh', 'Assam', 'India', '', '', '', '', NULL, NULL, NULL, 0.00, 2, 1, '2025-10-04 11:40:00'),
(48, 'MAA BHAGWATI AGENCY, SIVASAGAR', 'Consignee', 'SIVASAGAR', 'Sibsagar', 'Assam', 'India', '', '', '', '', NULL, NULL, NULL, 0.00, 2, 1, '2025-10-04 11:42:20'),
(49, 'DUTTA SONS', 'Consignee', 'MORANHAT COLLEGE ROAD, MORANHAT', 'Moranhat', 'Assam', 'India', '', '', '', '', NULL, NULL, NULL, 0.00, 2, 1, '2025-10-04 11:43:13'),
(50, 'PC MARKETING, SONARI', 'Consignee', 'SONARI', 'Sonari', 'Assam', 'India', '', '', '', '', NULL, NULL, NULL, 0.00, 2, 1, '2025-10-04 11:43:57'),
(51, 'ANJANI AGENCY HOUSE', 'Consignee', 'TAPAN NAGAR, GOLAGHAT (MB),785621', 'Golaghat', 'Assam', 'India', '', '', '', '', NULL, NULL, NULL, 0.00, 2, 1, '2025-10-04 11:46:06'),
(52, 'S.R TRADING', 'Consignee', 'HOTEL ASHOK, HOJAI', 'Hojai', 'Assam', 'India', '', '', '', '', NULL, NULL, NULL, 0.00, 2, 1, '2025-10-04 11:48:03'),
(55, 'TOSHNIWAL TRADING CO.', 'Consignee', 'NORTH LAKHIMPUR', 'North Lakhimpur', 'Assam', 'India', '', '', '', '', NULL, NULL, NULL, 0.00, 2, 1, '2025-10-04 11:55:30'),
(56, 'SETHIA BROTHERS, BILASIPARA', 'Consignee', 'BILASIPARA', 'Bilasipara', 'Assam', 'India', '', '', '', '', NULL, NULL, NULL, 0.00, 2, 1, '2025-10-04 11:57:08'),
(57, 'SWASTIK, BANKAR KHOWAI', 'Consignee', 'BANKAR KHOWAI', 'Khowai', 'Tripura', 'India', '', '', '', '', NULL, NULL, NULL, 0.00, 2, 1, '2025-10-04 11:57:51'),
(58, 'TBC AGENCY', 'Consignee', 'Rangvamual', 'Aizawl', 'Mizoram', 'India', '', '', '', '0', NULL, NULL, NULL, 0.00, 2, 1, '2025-10-04 17:32:22'),
(59, 'RNS AGENCIES', 'Consignee', 'BAWNGKAWN', 'Aizawl', 'Mizoram', 'India', '', '', '', '0', NULL, NULL, NULL, 0.00, 2, 1, '2025-10-04 17:39:58'),
(61, 'Mithu Traders', 'Consignee', 'Ranibazar, Agartala, Tripura', 'Agartala', 'Tripura', 'India', '', '', '', '', NULL, NULL, NULL, 0.00, 2, 1, '2025-10-04 18:15:04'),
(62, 'Anmol industries Ltd, Silchar', 'Consignor', 'ground floor, holding no.B/C/10, National Highway Bypass, Chirukandi, Ramnagar', 'Silchar', 'Assam', 'India', '', '', '', '0', NULL, NULL, NULL, 0.00, 2, 1, '2025-10-04 18:23:04'),
(63, 'Maa Kali Enterprise', 'Consignee', 'Lakhipur Bazar, Cachar Silchar', 'Silchar', 'Assam', 'India', '', '', '', '', NULL, NULL, NULL, 0.00, 2, 1, '2025-10-04 18:24:39'),
(65, 'Saha store', 'Consignee', 'Srirampur', 'Srirampur ', 'Assam', 'India', '', '', '', '0', NULL, NULL, NULL, 0.00, 2, 1, '2025-10-07 05:49:46'),
(66, 'Rajesh Kumar jain', 'Consignee', 'Ladrymbai', 'Lad Rymbai', 'Meghalaya', 'India', '', '', '', '0', NULL, NULL, NULL, 0.00, 2, 1, '2025-10-07 13:21:46'),
(67, 'PLADIS INDIA PRIVATE LIMITED', 'Consignor', '(UNITED BISCUITS PVT LIMITED) RUKMINIGAON, GUWAHATI,ASSAM,781022', 'Guwahati', 'Assam', 'India', '', '', '', '0', NULL, NULL, NULL, 0.00, 2, 1, '2025-10-08 12:59:33'),
(68, 'Tashi Commercial Corporation', 'Consignee', 'Phuentsholing, butan', 'Phuentsholing', 'Bhutan', 'Bhutan', '', '', '', '0', NULL, NULL, NULL, 0.00, 2, 1, '2025-10-08 13:01:02'),
(69, '8 Eleven', 'Consignee', 'Thimphu thim throns village, Thimphu town', 'Thimphu town ', 'Bhutan', 'Bhutan', '', '', '', '0', NULL, NULL, NULL, 0.00, 2, 1, '2025-10-08 13:07:00'),
(70, 'DIGSHQ BSF', 'Consignee', 'Tura', 'Tura', 'Meghalaya', 'India', '', '', '', '0', NULL, NULL, NULL, 0.00, 2, 1, '2025-10-09 07:37:20'),
(71, 'Bargabh agency,', 'Consignor', 'Sapatgaram ', '', NULL, NULL, '', NULL, NULL, NULL, NULL, NULL, NULL, 0.00, 2, 1, '2025-10-09 13:43:08'),
(72, 'Bargabh agency,', 'Consignee', 'Sapatgaram ', '', NULL, NULL, '', NULL, NULL, NULL, NULL, NULL, NULL, 0.00, 2, 1, '2025-10-09 13:44:03'),
(73, 'Ramthakur Traders,', 'Consignee', 'Udaipur', 'Udaipur', 'Tripura', 'India', '', '', '', '0', NULL, NULL, NULL, 0.00, 2, 1, '2025-10-09 17:24:55'),
(74, 'The Next G,', 'Consignee', 'Kumarghat', 'Kolasib', 'Mizoram', 'India', '', '', '', '0', NULL, NULL, NULL, 0.00, 2, 1, '2025-10-09 17:28:11'),
(75, 'Karimganj Provijon Store', 'Consignee', 'Karimganj', 'Karimganj', 'Assam', 'India', '', '', '', '0', NULL, NULL, NULL, 0.00, 2, 1, '2025-10-10 04:44:39'),
(76, 'Adarsh Pan Bhandar', 'Consignee', 'Dhudnoi', 'Dudhnoi', 'Assam', 'India', '', '', '', '0', NULL, NULL, NULL, 0.00, 2, 1, '2025-10-10 14:09:25'),
(77, 'JAI GOVINDA BHANDAR', 'Consignee', 'Dhubri', 'Dhubri', 'Assam', 'India', '', '', '', '0', NULL, NULL, NULL, 0.00, 2, 1, '2025-10-10 14:48:32'),
(78, 'B.B ENTERPRISE', 'Consignee', 'Bongaigaon', 'Bongaigaon', 'Assam', 'India', '', '', '', '0', NULL, NULL, NULL, 0.00, 2, 1, '2025-10-10 14:58:56'),
(79, 'SETHIA BROTHERS', 'Consignee', 'Bilasipara', 'Bilasipara', 'Assam', 'India', '', '', '', '0', NULL, NULL, NULL, 0.00, 2, 1, '2025-10-10 15:20:04'),
(80, 'P.C MARKETING', 'Consignee', 'Sivsagar, Sonari', 'Sonari', 'Assam', 'India', '', '', '', '0', NULL, NULL, NULL, 0.00, 2, 1, '2025-10-11 06:25:55'),
(81, 'RABISANKAR DUTTA CHOUDHARY', 'Consignee', 'Karimganj', 'Karimganj', 'Assam', 'India', '', '', '', '0', NULL, NULL, NULL, 0.00, 2, 1, '2025-10-12 09:08:15'),
(82, 'DHRITISHREE ENTERPRISE', 'Consignee', 'Williamnagar', 'Williamnagar', 'Meghalaya', 'India', '', '', '', '0', NULL, NULL, NULL, 0.00, 2, 1, '2025-10-13 12:53:42'),
(83, 'M/S SAJ FOOD PRODUCTS PVT.LTD.', 'Consignor', 'Vill-Garal,P.O: Bhattapara,P.S: Azara, kamrup (M), Guwahati,Assam,781017', 'Azara', 'Assam', 'India', '', '', '', '0', NULL, NULL, NULL, 0.00, 2, 1, '2025-10-14 04:23:46'),
(84, 'CB TRADE AGENCIES', 'Consignee', 'Supr Biswanath Charali', 'Biswanath Charali', 'Assam', 'India', '', '', '', '0', NULL, NULL, NULL, 0.00, 2, 1, '2025-10-14 04:25:41'),
(85, 'AARYAN ENTERPRISE', 'Consignee', 'Siliguri', 'Siliguri', 'West Bengal', 'India', '', '', '', '0', NULL, NULL, NULL, 0.00, 2, 1, '2025-10-14 11:48:19'),
(86, 'Shri Krishna Store Meghalaya', 'Consignee', 'Singimari', 'Singimari ', 'Meghalaya', 'India', '', '', '', '0', NULL, NULL, NULL, 0.00, 2, 1, '2025-10-14 11:57:50'),
(87, 'BHAI BHAI STORE', 'Consignee', 'Krishnai', 'Krishnai ', 'Assam', 'India', '', '', '', '0', NULL, NULL, NULL, 0.00, 2, 1, '2025-10-14 16:00:00'),
(88, 'BHARGABH AGENCY ', 'Consignee', 'Sapatgaram ', '', NULL, NULL, '', NULL, NULL, NULL, NULL, NULL, NULL, 0.00, 2, 1, '2025-10-15 12:54:29'),
(89, 'GAUTAM BASAK', 'Consignee', 'Howly', 'Howly ', 'Assam', 'India', '', '', '', '0', NULL, NULL, NULL, 0.00, 2, 1, '2025-10-15 12:57:33'),
(90, 'PRAVA VARIETIES', 'Consignee', 'Champaknagar', 'Champaknagar', 'Tripura', 'India', '', '', '', '0', NULL, NULL, NULL, 0.00, 2, 1, '2025-10-15 17:26:35'),
(91, 'Ganesh store', 'Consignee', 'Lakhipur', 'Lakhipur ', 'Assam', 'India', '', '', '', '0', NULL, NULL, NULL, 0.00, 2, 1, '2025-10-16 12:38:43'),
(92, 'NAG STORE', 'Consignee', 'M.S Road, Dharmanagar', 'Dharmanagar ', 'Tripura', 'India', '', '', '', '0', NULL, NULL, NULL, 0.00, 2, 1, '2025-10-16 17:05:39'),
(94, 'SISTE,S BUSINESS HUB', 'Consignee', 'Kolasib', 'Kolasib', 'Mizoram', 'India', '', '', '', '0', NULL, NULL, NULL, 0.00, 2, 1, '2025-10-17 02:23:18'),
(96, 'Namita Enterprise', 'Consignee', 'C/O Nirod Bhowmik,Kalachhara.', 'Kalachhara ', 'Tripura', 'India', '', '', '', '0', NULL, NULL, NULL, 0.00, 2, 1, '2025-10-17 11:11:54'),
(97, 'SARDAMONI', 'Consignee', 'Gandacherra', 'Gandacherra ', 'Tripura', 'India', '', '', '', '0', NULL, NULL, NULL, 0.00, 2, 1, '2025-10-18 18:00:45'),
(98, 'Choudhary Store', 'Consignee', 'Abdullapur', 'Abdullapur ', 'Assam', 'India', '', '', '', '0', NULL, NULL, NULL, 0.00, 2, 1, '2025-10-18 18:04:00'),
(99, 'Subhash Das Brothers', 'Consignee', 'Baghmara', 'Baghmara', 'Meghalaya', 'India', '', '', '', '0', NULL, NULL, NULL, 0.00, 2, 1, '2025-10-22 14:41:17'),
(100, 'ROHAN ENTERPRISE', 'Consignee', 'Tulamura Bazar, Gomati', 'Tulamura ', 'Tripura', 'India', '', '', '', '0', NULL, NULL, NULL, 0.00, 2, 1, '2025-10-22 15:23:29'),
(101, 'UDDAN KHETRA', 'Consignee', 'Ratanpur Road, Hailakandi', 'Hailakandi ', 'Assam', 'India', '', '', '', '0', NULL, NULL, NULL, 0.00, 2, 1, '2025-10-22 15:50:45'),
(102, 'Das Store', 'Consignee', 'Gohpur', 'Gohpur ', 'Assam', 'India', '', '', '', '0', NULL, NULL, NULL, 0.00, 2, 1, '2025-10-26 03:05:49'),
(103, 'S.S AGENCIES', 'Consignee', 'Mendhipathar', 'Mendipathar', 'Meghalaya', 'India', '', '', '', '0', NULL, NULL, NULL, 0.00, 2, 1, '2025-10-27 13:25:50'),
(104, 'R.D BROTHERS', 'Consignee', 'Mankachar', 'Mankachar', 'Meghalaya', 'India', '', '', '', '0', NULL, NULL, NULL, 0.00, 2, 1, '2025-10-28 12:13:06'),
(105, 'Shimal Saha', 'Consignee', 'Nalchar', 'Nalchar ', 'Tripura', 'India', '', '', '', '0', NULL, NULL, NULL, 0.00, 2, 1, '2025-10-29 07:11:05'),
(106, 'G.G Enterprise, Mizoram', 'Consignee', 'BN 90 HN 101,Bazar Veng Lawngtlai', 'Lawngtlai ', 'Mizoram', 'India', '', '', '', '0', NULL, NULL, NULL, 0.00, 2, 1, '2025-10-29 11:05:47'),
(107, 'Jagadish Store,', 'Consignee', 'Kokrajhar', 'Kokrajhar ', 'Assam', 'India', '', '', '', '0', NULL, NULL, NULL, 0.00, 2, 1, '2025-10-31 03:32:32'),
(108, 'Sambhar,', 'Consignee', 'Barpeta Town', 'Barpeta town ', 'Assam', 'India', '', '', '', '0', NULL, NULL, NULL, 0.00, 2, 1, '2025-10-31 13:52:04'),
(109, 'Amrit Bhandar', 'Consignee', 'Gohpur', 'Gohpur ', 'Assam', 'India', '', '', '', '0', NULL, NULL, NULL, 0.00, 2, 1, '2025-11-01 05:48:31'),
(110, 'MJM STORE', 'Consignee', 'Bilasipara', 'Bilasipara', 'Assam', 'India', '', '', '', '0', NULL, NULL, NULL, 0.00, 2, 1, '2025-11-01 11:21:35'),
(111, 'SHYAM SEL & POWER LTD.', 'Consignor', 'BIJAYNAGAR MORE,DHASNA,BAHADURPUR,JAMURIA-713362', 'JAMURIA', 'West Bengal', 'India', '19AAECS9421J1ZZ', '', '', '0', NULL, NULL, NULL, 0.00, 3, 1, '2025-11-04 12:07:07'),
(112, 'MAA SHARDA STEELS.', 'Consignee', '301/20.LOHAMANDI,GHAZIABAD-201001', 'GHAZIABAD', 'Uttar Pradesh', 'India', '09ACBPM2186L1ZA', '', '', '0', NULL, NULL, NULL, 0.00, 3, 1, '2025-11-04 12:09:46'),
(113, 'STEEL AUTHORITY OF INDIA LTD.', 'Consignor', 'IISCO STEEL PLANT,BURNPUR-713325 (WEST BENGAL)', 'Asansol', NULL, NULL, '19AAACS7062F6Z6', NULL, NULL, NULL, NULL, NULL, NULL, 0.00, 3, 1, '2025-11-04 12:26:15'),
(114, 'SULIT METALS AND ALLOYS PVT LTD.', 'Consignee', '2ND PHASE,INDUSTRIAL AREA,KUDUMALAK,GAWRIBDANPUR,BANGALORE-561208', 'Bangalore', NULL, NULL, '29ABCCS9435P1ZG', NULL, NULL, NULL, NULL, NULL, NULL, 0.00, 3, 1, '2025-11-04 12:29:58'),
(115, 'SUPER SMELTER LTD.', 'Consignor', 'JAMURIA INDUSTRIAL ESTATE,JAMURIA-713362', 'Durgapur', NULL, NULL, '19AAFCS1116F1ZN', NULL, NULL, NULL, NULL, NULL, NULL, 0.00, 3, 1, '2025-11-04 12:39:22'),
(116, 'SURYA ALLOY INDUSTRISE LTD.(ROLLING)', 'Consignor', 'VILL GHUTGORIA,KADASOLE,BARJORA,DIST-BANKURA-722202', 'Durgapur', NULL, NULL, '19AADCS5890E1Z2', NULL, NULL, NULL, NULL, NULL, NULL, 0.00, 3, 1, '2025-11-04 12:42:42'),
(117, 'RAINBOW STEELS', 'Consignee', '120 LOHAMANDI,GHAZIABAD-201009', 'GHAZIABAD', NULL, NULL, '', NULL, NULL, NULL, NULL, NULL, NULL, 0.00, 3, 1, '2025-11-04 12:43:31'),
(118, 'SHRI LAXMI STEELS', 'Consignee', '593,LOHAMANDI,SECTOR-59,FARIDABAD-121004', '', 'Haryana', 'India', '06ADWFS6234M1Z9', '', '', '0', NULL, NULL, NULL, 500000.00, 3, 1, '2025-11-04 13:13:00'),
(119, 'KAMTA PRSAD BRIJMOHANLAL', 'Consignee', '76/10,HALSEY ROAD,KANPUR-208001', '', 'Uttar Pradesh', 'India', '09AAEFK2773N1ZT', '', '', '0', NULL, NULL, NULL, 500000.00, 3, 1, '2025-11-04 13:15:31'),
(120, 'MANGALDEEP STEELS.', 'Consignee', 'D BLOCK,LOHAMANDI,GHAZIABAD-201009', 'GHAZIABAD', 'Uttar Pradesh', 'India', '09AADFM7975R1Z6', '', '', '0', NULL, NULL, NULL, 500000.00, 3, 1, '2025-11-04 13:17:49'),
(121, 'KIRAN ENTERPRISES.', 'Consignee', 'SCF NO.251-252,SEC-59,LOHAMANDI,FARIDABAD-121004', 'Gurgaon', 'Haryana', 'India', '06AALFK1051E1ZQ', '', '', '0', NULL, NULL, NULL, 500000.00, 3, 1, '2025-11-04 13:20:33'),
(122, 'BEHARI LAL AMRIT LAL AND SONS.', 'Consignee', '84/20,JK IRON COMPOUND,FAZALGANJ,KANPUR-208012', '', 'Uttar Pradesh', 'India', '09ABBFB0930C1Z3', '', '', '0', NULL, NULL, NULL, 500000.00, 3, 1, '2025-11-04 13:26:26'),
(123, 'BEHARI LAL AMRIT LAL', 'Consignee', 'ARAJI NO.675,SHACHENDI,KANPUR-209304', '', 'Uttar Pradesh', 'India', '09AARFB6791L1ZJ', '', '', '0', NULL, NULL, NULL, 500000.00, 3, 1, '2025-11-04 13:28:34'),
(124, 'NAINI PAPERS LTD.', 'Consignee', '7TH KM STONE,MORADABAD ROAD,KASHIPUR-244713', 'Dehradun', NULL, NULL, '05AAACN3805D1Z2', NULL, NULL, NULL, NULL, NULL, NULL, 0.00, 3, 1, '2025-11-04 13:38:19'),
(125, 'ONKARMAL BANSHIDHAR ', 'Consignee', 'Chamber Road, Tinsukia ', 'Tinsukia', NULL, NULL, '', NULL, NULL, NULL, NULL, NULL, NULL, 0.00, 2, 1, '2025-11-05 13:50:30'),
(126, 'M.D ENTERPRISE ', 'Consignee', 'Kamlabari', 'Kamalabari', NULL, NULL, '', NULL, NULL, NULL, NULL, NULL, NULL, 0.00, 2, 1, '2025-11-06 04:14:05'),
(127, 'RA STEELS ', 'Consignee', 'SHOP NO 3A/6 GOURAV PATH ROAD UIT COLONY BHIWADI', 'BHIWADI', NULL, NULL, '08AAWFR2293N1Z7', NULL, NULL, NULL, NULL, NULL, NULL, 0.00, 3, 1, '2025-11-07 12:01:07'),
(128, 'Rajesh Kumar jain', 'Consignee', 'Ladrymbai', 'Lad Rymbai', NULL, NULL, '', NULL, NULL, NULL, NULL, NULL, NULL, 0.00, 2, 1, '2025-11-08 09:47:40'),
(129, 'S.S Agencies', 'Consignee', 'Mendhipathar', 'Mendipathar', NULL, NULL, '', NULL, NULL, NULL, NULL, NULL, NULL, 0.00, 2, 1, '2025-11-08 12:35:47'),
(130, 'MAAN STEEL & POWER LTD ', 'Consignor', 'JAMURIA INDUSTRIAL ESATE MOUZA IKRA JAMURIA WB', 'JAMURIA', NULL, NULL, '', NULL, NULL, NULL, NULL, NULL, NULL, 0.00, 3, 1, '2025-11-10 13:54:40'),
(131, 'MAAN STEEL & POWER LTD ', 'Consignor', 'JAMURIA INDUSTRIAL ESATE MOUZA IKRA JAMURIA WB', 'JAMURIA', NULL, NULL, '', NULL, NULL, NULL, NULL, NULL, NULL, 0.00, 3, 1, '2025-11-10 13:54:40'),
(132, 'Sena Store, Lawngtlai ', 'Consignee', 'Lawngtlai ', 'Lawngtlai ', NULL, NULL, '', NULL, NULL, NULL, NULL, NULL, NULL, 0.00, 2, 1, '2025-11-11 13:02:25'),
(133, 'RUHR ISPAT PVT LTD ', 'Consignor', 'MOUZA - GOPALPUR BAMUNARA INDUSTRIAL AREA BANSKOPA WB', 'Durgapur', NULL, NULL, '19AADCR3657E1ZA', NULL, NULL, NULL, NULL, NULL, NULL, 0.00, 3, 1, '2025-11-11 13:13:11'),
(134, 'PINAX STEEL INDUSTRIES PVT LTD ', 'Consignee', 'VILL- DEOKULI MUSEPUR BIHTA PATNA BIHAR', 'Patna', NULL, NULL, '10AABCP6374J1ZH', NULL, NULL, NULL, NULL, NULL, NULL, 0.00, 3, 1, '2025-11-11 13:15:12'),
(135, 'JVS ISPAT PVT LTD ', 'Consignor', 'BAMUNARA INDUSTRIAL AREA BANSKOPA DGP WB', 'Durgapur', NULL, NULL, '19AABCJ4674P1ZU', NULL, NULL, NULL, NULL, NULL, NULL, 0.00, 3, 1, '2025-11-11 13:22:33'),
(136, 'Rashmi Pan Bandhar', 'Consignee', 'Tinsukia, Doom Dooma', 'Tinsukia', NULL, NULL, '', NULL, NULL, NULL, NULL, NULL, NULL, 0.00, 2, 1, '2025-11-12 15:02:08'),
(137, 'Malakar stores, Borkhola Silchar ', 'Consignee', 'Silchar ', 'Silchar', NULL, NULL, '', NULL, NULL, NULL, NULL, NULL, NULL, 0.00, 2, 1, '2025-11-13 11:07:26'),
(138, 'ABHISHEK STEEL ', 'Consignee', '289,295 LOHA MANDI BULAND SAHAR ROAD GHAZIABAD UP ', 'GHAZIABAD', NULL, NULL, '09ALGPG0354G1ZD', NULL, NULL, NULL, NULL, NULL, NULL, 0.00, 3, 1, '2025-11-13 14:58:11'),
(139, 'SAHA BROTHERS ', 'Consignee', 'Ambassa,Dhalai', 'Ambasa', NULL, NULL, '', NULL, NULL, NULL, NULL, NULL, NULL, 0.00, 2, 1, '2025-11-14 16:22:39'),
(140, 'SHIV VIDHANT STEEL TRADERS ', 'Consignee', 'SHOP NO-302 LOHA MANDI SECTOR 59, FARIDABAD HARYANA ', 'FARIDABAD', NULL, NULL, '06ACPFS1651L1ZP', NULL, NULL, NULL, NULL, NULL, NULL, 0.00, 3, 1, '2025-11-15 07:25:12'),
(141, 'Tulor Agencies ', 'Consignee', 'Lawngtlai', 'Lawngtlai ', NULL, NULL, '', NULL, NULL, NULL, NULL, NULL, NULL, 0.00, 2, 1, '2025-11-15 11:00:12'),
(142, 'Shri Krishna store', 'Consignee', 'Duphdhara', 'Goalpara', NULL, NULL, '', NULL, NULL, NULL, NULL, NULL, NULL, 0.00, 2, 1, '2025-11-15 12:30:27'),
(143, 'PURBAK VARITIES ', 'Consignee', 'Sabroom', 'Sabroom', NULL, NULL, '', NULL, NULL, NULL, NULL, NULL, NULL, 0.00, 2, 1, '2025-11-16 05:38:48'),
(144, 'MAA SHARDA STEELS', 'Consignor', 'DISPATCHED - JAMURIA BUEDWAN JAMURIA WB', 'JAMURIA', NULL, NULL, '', NULL, NULL, NULL, NULL, NULL, NULL, 0.00, 3, 1, '2025-11-17 12:29:18'),
(145, 'MICRON INFRATECH ', 'Consignee', 'KHASRA NO131 VILLAGE HASANPUR DASNA HAPUR UP', 'GHAZIABAD', NULL, NULL, '', NULL, NULL, NULL, NULL, NULL, NULL, 0.00, 3, 1, '2025-11-17 12:30:53'),
(146, 'Joybaba lokenath store ', 'Consignee', 'Dhemaji ', 'Kamalabari', NULL, NULL, '', NULL, NULL, NULL, NULL, NULL, NULL, 0.00, 2, 1, '2025-11-18 13:15:26'),
(147, 'R.K STEELS', 'Consignor', 'DISPATCH- SAIL YARD DURGAPUR STOCK YARD DURGAPUR WB', 'Durgapur', NULL, NULL, '', NULL, NULL, NULL, NULL, NULL, NULL, 0.00, 3, 1, '2025-11-20 07:17:40'),
(148, 'SPS STEELS ROLLING MILLS LTD', 'Consignor', 'NASER AVENUE BIDHANNAGAR DURGAPUR WB', 'Durgapur', NULL, NULL, '', NULL, NULL, NULL, NULL, NULL, NULL, 0.00, 3, 1, '2025-11-21 11:31:23'),
(149, 'BHAWANI IRON SYNDICATE', 'Consignee', '193, LOHA MANDI GHAZIABAD UP', 'GHAZIABAD', NULL, NULL, '', NULL, NULL, NULL, NULL, NULL, NULL, 0.00, 3, 1, '2025-11-21 11:32:25'),
(150, 'BHAWANI IRON SYNDICATE', 'Consignee', '193, LOHA MANDI GHAZIABAD UP', 'GHAZIABAD', NULL, NULL, '', NULL, NULL, NULL, NULL, NULL, NULL, 0.00, 3, 1, '2025-11-21 11:32:25'),
(151, 'WONDER CEMENT LTD ', 'Consignee', 'JAISALMER PAREWAR UNIT ML NO - 08/2020 , NEAR PAREWAR JAISALMER', 'JAISALMER', NULL, NULL, '', NULL, NULL, NULL, NULL, NULL, NULL, 0.00, 3, 1, '2025-11-21 11:43:51'),
(152, 'BHAGWATI STEEL CENTRE ', 'Consignee', '348 LOHA MANDI BS ROAD GHAZIABAD UP', 'GHAZIABAD', NULL, NULL, '', NULL, NULL, NULL, NULL, NULL, NULL, 0.00, 3, 1, '2025-11-24 07:49:44'),
(153, 'Ganpati store,', 'Consignee', 'BIJNI', 'Bongaigaon', NULL, NULL, '', NULL, NULL, NULL, NULL, NULL, NULL, 0.00, 2, 1, '2025-11-24 11:22:56'),
(154, 'Ganpati store,', 'Consignee', 'BIJNI', 'Bongaigaon', NULL, NULL, '', NULL, NULL, NULL, NULL, NULL, NULL, 0.00, 2, 1, '2025-11-24 11:22:56'),
(155, 'M.H ENTERPRISE ', 'Consignee', 'Badarpur ', 'Silchar', NULL, NULL, '', NULL, NULL, NULL, NULL, NULL, NULL, 0.00, 2, 1, '2025-11-24 17:54:47'),
(156, 'Gunendra Chandra Roy', 'Consignee', 'Gandacherra ', 'Gandacherra ', NULL, NULL, '', NULL, NULL, NULL, NULL, NULL, NULL, 0.00, 2, 1, '2025-11-29 04:04:59'),
(157, 'SUSHIL KUMAR CHOWDHURY &SONS', 'Consignee', 'BHAGMARA', 'Baghmara', NULL, NULL, '', NULL, NULL, NULL, NULL, NULL, NULL, 0.00, 2, 1, '2025-11-29 10:50:23'),
(158, 'GANPATI STEELS  ', 'Consignor', 'EPIP GATE- BASKOPPA, OPP- HAYUNDAI SHOWROOM - GT ROAD DURGAPUR', 'Durgapur', NULL, NULL, '', NULL, NULL, NULL, NULL, NULL, NULL, 0.00, 3, 1, '2025-11-29 14:27:53'),
(159, 'NDS INDUSTRIES ', 'Consignee', 'SECTOR 15, PLOT NO . K 14, GIDA, SAJANWA GORAKHPUR UP', 'GORAKHPUR', NULL, NULL, '', NULL, NULL, NULL, NULL, NULL, NULL, 0.00, 3, 1, '2025-11-29 14:32:53'),
(160, 'SRIRAM AGENCY ', 'Consignee', 'Kumarghat ', 'Kumarghat', NULL, NULL, '', NULL, NULL, NULL, NULL, NULL, NULL, 0.00, 2, 1, '2025-11-29 14:57:04'),
(161, 'THREE BROTHERS STORE ', 'Consignee', 'Banskandi', 'Silchar', NULL, NULL, '', NULL, NULL, NULL, NULL, NULL, NULL, 0.00, 2, 1, '2025-11-29 15:06:02'),
(162, 'BIJOY GHOSH', 'Consignee', 'Rongram, Tura', 'Tura', NULL, NULL, '', NULL, NULL, NULL, NULL, NULL, NULL, 0.00, 2, 1, '2025-11-29 15:21:15'),
(163, 'GREAT ESTERN INFRACON PVT LTD ', 'Consignor', 'MANDALPUR JAMURIA INDUSTRIAL ESTATE JAMURIA WB', 'JAMURIA', NULL, NULL, '', NULL, NULL, NULL, NULL, NULL, NULL, 0.00, 3, 1, '2025-12-03 07:49:28'),
(164, 'MAA DURGA ENTERPRISES ', 'Consignee', 'Hailakandi ', 'Hailakandi ', NULL, NULL, '', NULL, NULL, NULL, NULL, NULL, NULL, 0.00, 2, 1, '2025-12-09 13:47:26'),
(165, 'PRASANTA DAS', 'Consignee', 'AMARPUR', 'Agartala', NULL, NULL, '', NULL, NULL, NULL, NULL, NULL, NULL, 0.00, 2, 1, '2025-12-16 14:29:49'),
(166, 'PRASANTA DAS', 'Consignee', 'AMARPUR', 'Agartala', NULL, NULL, '', NULL, NULL, NULL, NULL, NULL, NULL, 0.00, 2, 1, '2025-12-16 14:29:49'),
(167, 'SUJIT BHOWMIK', 'Consignee', 'Paschim Charakbai', 'Udaipur', NULL, NULL, '', NULL, NULL, NULL, NULL, NULL, NULL, 0.00, 2, 1, '2025-12-19 00:37:17'),
(168, 'MAA TARINI ASSOCIATES 25-26', 'Consignor', 'DISPATCH- SAIL BSO DURGAPUR', 'Durgapur', NULL, NULL, '', NULL, NULL, NULL, NULL, NULL, NULL, 0.00, 3, 1, '2025-12-20 10:16:30'),
(169, 'VIKASH STEELS GHAZIABAD', 'Consignee', 'H.O.K.M-113/6, KAVI NAGAR GHAZIABAD UP', 'GHAZIABAD', NULL, NULL, '', NULL, NULL, NULL, NULL, NULL, NULL, 0.00, 3, 1, '2025-12-20 10:18:12'),
(170, 'ABHISHEKH ENTERPRISES', 'Consignor', 'DISPATCH- JAMURIA PASCHIM BURDWAN WB', 'JAMURIA', NULL, NULL, '', NULL, NULL, NULL, NULL, NULL, NULL, 0.00, 3, 1, '2025-12-20 10:24:51'),
(171, 'SHREE JI METAL PROCESSORS', 'Consignee', 'KHEWAT/KHATA NO . 90/90, 30/30, MUSTIL NO. 14,11 NEARTATARPUR CHOWK , TEHSIL & DISTRIC PALWAL FARIDABAD', 'PALWAL', NULL, NULL, '', NULL, NULL, NULL, NULL, NULL, NULL, 0.00, 3, 1, '2025-12-20 10:29:12'),
(172, 'ADITIYA ENTERPRISE', 'Consignee', 'Sabroom ', 'Sabroom', NULL, NULL, '', NULL, NULL, NULL, NULL, NULL, NULL, 0.00, 2, 1, '2025-12-21 08:14:13'),
(173, 'MAHALAXMI TRADING CORPORATION MAHARASHTRA', 'Consignor', 'DISPATCH- BURNPUR WB', 'BURNPUR', NULL, NULL, '', NULL, NULL, NULL, NULL, NULL, NULL, 0.00, 3, 1, '2025-12-22 11:33:43'),
(174, 'JSW SEVERFIELD STRUCTURE LTD BELLARY', 'Consignee', 'NEAR 10MT GATE BESIDE JSW CEMENT LTD TORANAGALLU BELLARY', 'BANGALORE', NULL, NULL, '', NULL, NULL, NULL, NULL, NULL, NULL, 0.00, 3, 1, '2025-12-22 11:40:50'),
(175, 'JSW SEVERFIELD STRUCTURE LTD BELLARY', 'Consignee', 'NEAR 10MT GATE BESIDE JSW CEMENT LTD TORANAGALLU BELLARY', 'BANGALORE', NULL, NULL, '', NULL, NULL, NULL, NULL, NULL, NULL, 0.00, 3, 1, '2025-12-22 11:40:50'),
(176, 'ISHA STEEL ENTERPRISES ', 'Consignee', 'OPPOSITESHRI AMBICA MILL, ISHA STEEL ENTERPRISES , R.G. MILL ROAD MANDI GOBINGARH ', 'MANDI GOBINDGARH', NULL, NULL, '', NULL, NULL, NULL, NULL, NULL, NULL, 0.00, 3, 1, '2025-12-23 06:07:15'),
(177, 'BEHARILAL AMRIT LAL & SONS ', 'Consignor', 'DISPATCH- BURNPUR WEST BENGAL', 'BURNPUR', NULL, NULL, '', NULL, NULL, NULL, NULL, NULL, NULL, 0.00, 3, 1, '2025-12-24 11:36:41'),
(178, 'MAHALAXMI TRADING CORPORATIN ', 'Consignee', 'KHASRA NO - 56/3 AND 56/5 KAPSI KHURD BHANDARA ROAD NAGPUR MAHARASHTRA', 'NAGPUR', NULL, NULL, '', NULL, NULL, NULL, NULL, NULL, NULL, 0.00, 3, 1, '2025-12-24 11:39:42'),
(179, 'RBS ENTERPRISES ', 'Consignee', 'WORKSHOP ROAD INDUSTRIAL AREA YAMUNANAGAR', 'YAMUNANAGAR', NULL, NULL, '', NULL, NULL, NULL, NULL, NULL, NULL, 0.00, 3, 1, '2025-12-24 11:58:21'),
(180, 'M/S Complete Solution', 'Consignee', 'Agia', 'Agia', 'Assam', 'India', '', '', '', '0', NULL, NULL, NULL, 0.00, 2, 1, '2025-12-24 12:20:58'),
(181, 'MAHALAXMI TRADING CORPORATION', 'Consignor', 'DISPACH- DURGAPUR WB', 'Durgapur', NULL, NULL, '', NULL, NULL, NULL, NULL, NULL, NULL, 0.00, 3, 1, '2025-12-30 12:17:44'),
(182, 'P.K TRADING COMPANY ', 'Consignor', 'DISPATCH- BAMUNARA INDUSTRIAL AREA DURGAPUR WB', 'Durgapur', NULL, NULL, '', NULL, NULL, NULL, NULL, NULL, NULL, 0.00, 3, 1, '2026-01-01 07:32:04'),
(183, 'PINAX STEEL INDUSTRIES PVT LTD', 'Consignee', 'KANSA . JATGORIA AMLAJORA PASCHIM BURDWAN WB', 'Durgapur', NULL, NULL, '', NULL, NULL, NULL, NULL, NULL, NULL, 0.00, 3, 1, '2026-01-01 07:34:02'),
(184, 'S.S. STEEL', 'Consignee', 'BORINGNO 10, SONAULI ROAD, INDUSTRIAL ESTATE GORAKHPUR UP', 'GORAKHPUR', NULL, NULL, '', NULL, NULL, NULL, NULL, NULL, NULL, 0.00, 3, 1, '2026-01-03 05:42:15'),
(185, 'GOURAV SHARMA AND SONS', 'Consignee', 'LOHA MANDI INDUSTRIAL AREA 350 GHAZIABAD UP', 'GHAZIABAD', NULL, NULL, '', NULL, NULL, NULL, NULL, NULL, NULL, 0.00, 3, 1, '2026-01-07 11:53:54'),
(186, 'AAROMBOR DEVLOPER PVT LTD ', 'Consignor', 'DISPETCH- S R ENTERPRISES SANJIB SARANI DURGAPUR WB', 'Durgapur', NULL, NULL, '19AAQCA2764A1ZO', NULL, NULL, NULL, NULL, NULL, NULL, 0.00, 3, 1, '2026-01-07 12:02:35'),
(187, 'AAROMBOR DEVLOPER PVT LTD ', 'Consignee', 'KNOWTEQ EQUIPCARE LLP TARAKPUR , NEAR ECL HOSPITAL KAJODA, WB ', 'Durgapur', NULL, NULL, '', NULL, NULL, NULL, NULL, NULL, NULL, 0.00, 3, 1, '2026-01-07 12:04:47'),
(188, 'Britannia Industries Limited', 'Consignor', 'Ramnagar,Silchar, Assam', 'Silchar', 'Assam', 'India', '', '', '', '0', NULL, NULL, NULL, 0.00, 2, 1, '2026-01-07 13:19:25'),
(189, 'GG ENTERPRISES ', 'Consignee', 'Saiha,Saihatlang', 'Saiha', NULL, NULL, '', NULL, NULL, NULL, NULL, NULL, NULL, 0.00, 2, 1, '2026-01-07 16:39:28'),
(190, 'BHAWANI IRON SYNDICATE', 'Consignee', '234, LOHA MANDI GHAZIABAD UP', 'GHAZIABAD', NULL, NULL, '09AAEFB1286D1ZP', NULL, NULL, NULL, NULL, NULL, NULL, 0.00, 3, 1, '2026-01-09 07:42:34'),
(191, 'STRUCTURAL STEEL ', 'Consignor', 'DISPETCH-PLOT NO7 NEW INDUSTRIAL ANDAL DURGAPUR', 'ANDAL', NULL, NULL, '19AAGHM7919E1ZX', NULL, NULL, NULL, NULL, NULL, NULL, 0.00, 3, 1, '2026-01-12 12:32:19'),
(192, 'PRITAM STEEL PVT LTD', 'Consignee', 'GAT NO-428, PB ROAD OPP- KOLHAPUR STEEL NAGAON MAGARASHTRA', 'KOLHAPUR', NULL, NULL, '27AALCP1877G1Z1', NULL, NULL, NULL, NULL, NULL, NULL, 0.00, 3, 1, '2026-01-12 12:36:15'),
(193, 'PRITAM STEEL PVT LTD', 'Consignee', 'GAT NO-428, PB ROAD OPP- KOLHAPUR STEEL NAGAON MAGARASHTRA', 'KOLHAPUR', NULL, NULL, '27AALCP1877G1Z1', NULL, NULL, NULL, NULL, NULL, NULL, 0.00, 3, 1, '2026-01-12 12:36:15'),
(194, 'PRITAM STEEL PVT LTD', 'Consignee', 'GAT NO-428, PB ROAD OPP- KOLHAPUR STEEL NAGAON MAGARASHTRA', 'KOLHAPUR', NULL, NULL, '27AALCP1877G1Z1', NULL, NULL, NULL, NULL, NULL, NULL, 0.00, 3, 1, '2026-01-12 12:36:15'),
(195, 'LOKENATH ENTERPRISE ', 'Consignee', 'Udaipur ', 'Udaipur', NULL, NULL, '', NULL, NULL, NULL, NULL, NULL, NULL, 0.00, 2, 1, '2026-01-13 11:06:00'),
(196, 'AKASH STORE ', 'Consignee', 'Goalpara ', 'Goalpara', NULL, NULL, '', NULL, NULL, NULL, NULL, NULL, NULL, 0.00, 2, 1, '2026-01-13 11:32:39'),
(197, 'INFRA STEEL PROJECT ', 'Consignor', 'DISPATCH- PLOT NO 7 NEW INDUTRIAL PARK ANDAL DURGAPUR WB', 'ANDAL', NULL, NULL, '19AACHN9435N1ZI', NULL, NULL, NULL, NULL, NULL, NULL, 0.00, 3, 1, '2026-01-15 12:23:15'),
(198, 'KAUSHIK UDYOG PVT LTD ', 'Consignee', 'D2 MIDC INDUSTRIAL AREA BUTIBORI, NAGPUR MAHARASHTRA ', 'NAGPUR', NULL, NULL, '27AAACK7381D1ZK', NULL, NULL, NULL, NULL, NULL, NULL, 0.00, 3, 1, '2026-01-15 12:26:04'),
(199, 'KISAAN STEELS PVT LTD ', 'Consignee', 'PTOP GATE NO 30,32 VILLAGE MEHTABNAGAR , BULANDSH UP, 203205', 'SIKANDRABAD', NULL, NULL, '', NULL, NULL, NULL, NULL, NULL, NULL, 0.00, 3, 1, '2026-01-15 12:41:54'),
(200, 'MAAN COANCAST PVT LTD ', 'Consignor', 'MOUZA GHUTGORIA BANKURA BARJORA DGP WB', 'BARJORA', NULL, NULL, '19AAGCM1098K1Z0', NULL, NULL, NULL, NULL, NULL, NULL, 0.00, 3, 1, '2026-01-15 13:01:37');

-- --------------------------------------------------------

--
-- Table structure for table `payslips`
--

CREATE TABLE `payslips` (
  `id` int(11) NOT NULL,
  `employee_id` int(11) NOT NULL,
  `month_year` varchar(7) NOT NULL,
  `payable_days` int(2) NOT NULL,
  `gross_earnings` decimal(12,2) NOT NULL,
  `variable_earnings` decimal(10,2) DEFAULT 0.00,
  `total_deductions` decimal(12,2) NOT NULL,
  `variable_deductions` decimal(10,2) DEFAULT 0.00,
  `net_salary` decimal(12,2) NOT NULL,
  `payment_date` date DEFAULT NULL,
  `payment_mode` varchar(50) DEFAULT NULL,
  `reference_no` varchar(255) DEFAULT NULL,
  `status` enum('Generated','Paid') NOT NULL DEFAULT 'Generated'
) ENGINE=InnoDB DEFAULT CHARSET=utf8mb4 COLLATE=utf8mb4_general_ci;

--
-- Dumping data for table `payslips`
--

INSERT INTO `payslips` (`id`, `employee_id`, `month_year`, `payable_days`, `gross_earnings`, `variable_earnings`, `total_deductions`, `variable_deductions`, `net_salary`, `payment_date`, `payment_mode`, `reference_no`, `status`) VALUES
(4, 3, '2025-10', 30, 10000.00, 0.00, 0.00, 0.00, 10000.00, '2025-10-31', 'Bank Transfer', 'UPI', 'Paid'),
(5, 6, '2025-10', 30, 5000.00, 0.00, 0.00, 0.00, 5000.00, '2026-01-16', 'Bank Transfer', '', 'Paid'),
(6, 7, '2025-10', 30, 5000.00, 0.00, 0.00, 0.00, 5000.00, '2026-01-16', 'Bank Transfer', '', 'Paid'),
(7, 8, '2025-10', 30, 5000.00, 0.00, 0.00, 0.00, 5000.00, '2026-01-16', 'Bank Transfer', '', 'Paid'),
(8, 9, '2025-10', 30, 5000.00, 0.00, 0.00, 0.00, 5000.00, '2026-01-16', 'Bank Transfer', '', 'Paid'),
(9, 11, '2025-10', 30, 5000.00, 0.00, 0.00, 0.00, 5000.00, '2026-01-16', 'Bank Transfer', '', 'Paid'),
(10, 12, '2025-10', 30, 5000.00, 0.00, 0.00, 0.00, 5000.00, '2026-01-16', 'Bank Transfer', '', 'Paid'),
(11, 14, '2025-10', 30, 5000.00, 0.00, 0.00, 0.00, 5000.00, '2026-01-16', 'Bank Transfer', '', 'Paid'),
(12, 16, '2025-10', 30, 5000.00, 0.00, 0.00, 0.00, 5000.00, '2026-01-16', 'Bank Transfer', '', 'Paid'),
(13, 19, '2025-10', 30, 5000.00, 0.00, 0.00, 0.00, 5000.00, '2026-01-16', 'Bank Transfer', '', 'Paid'),
(14, 3, '2025-11', 30, 10000.00, 0.00, 0.00, 0.00, 10000.00, NULL, NULL, NULL, 'Generated'),
(15, 6, '2025-11', 30, 5000.00, 0.00, 10000.00, 10000.00, -5000.00, NULL, NULL, NULL, 'Generated'),
(16, 7, '2025-11', 30, 5000.00, 0.00, 0.00, 0.00, 5000.00, NULL, NULL, NULL, 'Generated'),
(17, 8, '2025-11', 30, 5000.00, 0.00, 0.00, 0.00, 5000.00, NULL, NULL, NULL, 'Generated'),
(18, 9, '2025-11', 30, 5000.00, 0.00, 0.00, 0.00, 5000.00, NULL, NULL, NULL, 'Generated'),
(19, 11, '2025-11', 30, 5000.00, 0.00, 0.00, 0.00, 5000.00, NULL, NULL, NULL, 'Generated'),
(20, 12, '2025-11', 30, 5000.00, 0.00, 0.00, 0.00, 5000.00, NULL, NULL, NULL, 'Generated'),
(21, 14, '2025-11', 30, 5000.00, 0.00, 0.00, 0.00, 5000.00, NULL, NULL, NULL, 'Generated'),
(22, 16, '2025-11', 30, 5000.00, 0.00, 0.00, 0.00, 5000.00, NULL, NULL, NULL, 'Generated'),
(23, 18, '2025-11', 30, 5000.00, 0.00, 0.00, 0.00, 5000.00, NULL, NULL, NULL, 'Generated'),
(24, 19, '2025-11', 30, 5000.00, 0.00, 0.00, 0.00, 5000.00, NULL, NULL, NULL, 'Generated'),
(25, 3, '2025-12', 31, 10000.00, 0.00, 0.00, 0.00, 10000.00, NULL, NULL, NULL, 'Generated'),
(26, 6, '2025-12', 31, 5000.00, 0.00, 0.00, 0.00, 5000.00, NULL, NULL, NULL, 'Generated'),
(27, 7, '2025-12', 31, 5000.00, 0.00, 0.00, 0.00, 5000.00, NULL, NULL, NULL, 'Generated'),
(28, 8, '2025-12', 31, 5000.00, 0.00, 0.00, 0.00, 5000.00, NULL, NULL, NULL, 'Generated'),
(29, 9, '2025-12', 31, 5000.00, 0.00, 0.00, 0.00, 5000.00, NULL, NULL, NULL, 'Generated'),
(30, 11, '2025-12', 31, 5000.00, 0.00, 0.00, 0.00, 5000.00, NULL, NULL, NULL, 'Generated'),
(31, 12, '2025-12', 31, 5000.00, 0.00, 0.00, 0.00, 5000.00, NULL, NULL, NULL, 'Generated'),
(32, 14, '2025-12', 31, 5000.00, 0.00, 0.00, 0.00, 5000.00, NULL, NULL, NULL, 'Generated'),
(33, 16, '2025-12', 31, 5000.00, 0.00, 0.00, 0.00, 5000.00, '2025-12-30', 'Bank Transfer', 'UPI TRANSFER', 'Paid'),
(34, 18, '2025-12', 31, 5000.00, 0.00, 0.00, 0.00, 5000.00, '2025-12-30', 'Bank Transfer', 'UPI TRANSFER', 'Paid'),
(35, 19, '2025-12', 31, 5000.00, 0.00, 0.00, 0.00, 5000.00, NULL, NULL, NULL, 'Generated');

-- --------------------------------------------------------

--
-- Table structure for table `permissions`
--

CREATE TABLE `permissions` (
  `id` int(11) NOT NULL,
  `name` varchar(100) NOT NULL COMMENT 'e.g., booking_edit',
  `description` text DEFAULT NULL
) ENGINE=InnoDB DEFAULT CHARSET=utf8mb4 COLLATE=utf8mb4_general_ci;

--
-- Dumping data for table `permissions`
--

INSERT INTO `permissions` (`id`, `name`, `description`) VALUES
(1, 'dashboard_view', 'Can view the main dashboard'),
(2, 'booking_create', 'Can create new shipment bookings'),
(3, 'booking_view_all', 'Can view all bookings (for their branch or all if admin)'),
(4, 'booking_edit', 'Can edit existing bookings'),
(5, 'tracking_update', 'Can update shipment tracking status'),
(6, 'pod_manage', 'Can manage Proof of Delivery (POD)'),
(7, 'billing_manage', 'Can access the Billing & Invoicing section'),
(8, 'accounting_manage', 'Can access the Accounting section'),
(9, 'fleet_manage', 'Can access the Fleet Management section'),
(10, 'reports_view', 'Can view all reports'),
(11, 'masters_manage', 'Can manage master data (Parties, Brokers, Drivers, Vehicles, etc.)'),
(12, 'settings_manage', 'Can manage system settings (Branches, Users, Company Details)');

-- --------------------------------------------------------

--
-- Table structure for table `reconciliation_vouchers`
--

CREATE TABLE `reconciliation_vouchers` (
  `id` int(11) NOT NULL,
  `voucher_no` varchar(100) NOT NULL,
  `voucher_date` date NOT NULL,
  `party_id` int(11) NOT NULL,
  `payment_mode` varchar(50) NOT NULL,
  `total_amount` decimal(12,2) NOT NULL,
  `reference_no` varchar(255) DEFAULT NULL,
  `reconciled_by_id` int(11) NOT NULL,
  `created_at` timestamp NOT NULL DEFAULT current_timestamp()
) ENGINE=InnoDB DEFAULT CHARSET=utf8mb4 COLLATE=utf8mb4_general_ci;

-- --------------------------------------------------------

--
-- Table structure for table `roles`
--

CREATE TABLE `roles` (
  `id` int(11) NOT NULL,
  `name` varchar(100) NOT NULL,
  `description` text DEFAULT NULL
) ENGINE=InnoDB DEFAULT CHARSET=utf8mb4 COLLATE=utf8mb4_general_ci;

--
-- Dumping data for table `roles`
--

INSERT INTO `roles` (`id`, `name`, `description`) VALUES
(1, 'Admin', 'Has all permissions and can manage the entire system.'),
(2, 'Manager', 'Can manage bookings, fleet, and accounting for their branch.'),
(3, 'Staff', 'Can create and view bookings, and update tracking information.'),
(4, 'Driver', 'Access to Driver Portal');

-- --------------------------------------------------------

--
-- Table structure for table `role_permissions`
--

CREATE TABLE `role_permissions` (
  `role_id` int(11) NOT NULL,
  `permission_id` int(11) NOT NULL
) ENGINE=InnoDB DEFAULT CHARSET=utf8mb4 COLLATE=utf8mb4_general_ci;

--
-- Dumping data for table `role_permissions`
--

INSERT INTO `role_permissions` (`role_id`, `permission_id`) VALUES
(1, 1),
(1, 2),
(1, 3),
(1, 4),
(1, 5),
(1, 6),
(1, 7),
(1, 8),
(1, 9),
(1, 10),
(1, 11),
(1, 12),
(2, 1),
(2, 2),
(2, 3),
(2, 4),
(2, 5),
(2, 6),
(2, 7),
(2, 8),
(2, 9),
(2, 10),
(2, 11),
(3, 1),
(3, 2),
(3, 3),
(3, 5),
(3, 6);

-- --------------------------------------------------------

--
-- Table structure for table `salary_structures`
--

CREATE TABLE `salary_structures` (
  `id` int(11) NOT NULL,
  `employee_id` int(11) NOT NULL,
  `effective_date` date NOT NULL,
  `basic_salary` decimal(12,2) NOT NULL DEFAULT 0.00,
  `hra` decimal(12,2) NOT NULL DEFAULT 0.00,
  `conveyance_allowance` decimal(12,2) NOT NULL DEFAULT 0.00,
  `special_allowance` decimal(12,2) NOT NULL DEFAULT 0.00,
  `pf_employee_contribution` decimal(12,2) NOT NULL DEFAULT 0.00,
  `esi_employee_contribution` decimal(12,2) NOT NULL DEFAULT 0.00,
  `professional_tax` decimal(12,2) NOT NULL DEFAULT 0.00,
  `tds` decimal(12,2) NOT NULL DEFAULT 0.00
) ENGINE=InnoDB DEFAULT CHARSET=utf8mb4 COLLATE=utf8mb4_general_ci;

--
-- Dumping data for table `salary_structures`
--

INSERT INTO `salary_structures` (`id`, `employee_id`, `effective_date`, `basic_salary`, `hra`, `conveyance_allowance`, `special_allowance`, `pf_employee_contribution`, `esi_employee_contribution`, `professional_tax`, `tds`) VALUES
(3, 14, '2025-10-01', 5000.00, 0.00, 0.00, 0.00, 0.00, 0.00, 0.00, 0.00),
(4, 3, '2025-10-01', 10000.00, 0.00, 0.00, 0.00, 0.00, 0.00, 0.00, 0.00),
(5, 11, '2025-10-01', 5000.00, 0.00, 0.00, 0.00, 0.00, 0.00, 0.00, 0.00),
(6, 7, '2025-10-01', 5000.00, 0.00, 0.00, 0.00, 0.00, 0.00, 0.00, 0.00),
(7, 16, '2025-10-01', 5000.00, 0.00, 0.00, 0.00, 0.00, 0.00, 0.00, 0.00),
(8, 9, '2025-10-01', 5000.00, 0.00, 0.00, 0.00, 0.00, 0.00, 0.00, 0.00),
(9, 19, '2025-10-01', 5000.00, 0.00, 0.00, 0.00, 0.00, 0.00, 0.00, 0.00),
(10, 8, '2025-10-01', 5000.00, 0.00, 0.00, 0.00, 0.00, 0.00, 0.00, 0.00),
(11, 6, '2025-10-01', 5000.00, 0.00, 0.00, 0.00, 0.00, 0.00, 0.00, 0.00),
(12, 12, '2025-10-01', 5000.00, 0.00, 0.00, 0.00, 0.00, 0.00, 0.00, 0.00),
(13, 18, '2025-10-01', 5000.00, 0.00, 0.00, 0.00, 0.00, 0.00, 0.00, 0.00),
(14, 22, '2025-12-30', 5000.00, 0.00, 0.00, 0.00, 0.00, 0.00, 0.00, 0.00),
(15, 23, '2025-12-30', 5000.00, 0.00, 0.00, 0.00, 0.00, 0.00, 0.00, 0.00);

-- --------------------------------------------------------

--
-- Table structure for table `shipments`
--

CREATE TABLE `shipments` (
  `id` int(11) NOT NULL,
  `consignment_no` varchar(100) NOT NULL,
  `consignment_date` date NOT NULL,
  `consignor_id` int(11) NOT NULL,
  `consignee_id` int(11) NOT NULL,
  `is_shipping_different` tinyint(1) NOT NULL DEFAULT 0,
  `shipping_name` varchar(255) DEFAULT NULL,
  `shipping_address` text DEFAULT NULL,
  `origin` varchar(255) NOT NULL,
  `destination` varchar(255) NOT NULL,
  `description_id` int(11) DEFAULT NULL,
  `quantity` varchar(50) DEFAULT NULL,
  `package_type` varchar(100) DEFAULT NULL,
  `net_weight` varchar(50) DEFAULT NULL,
  `net_weight_unit` varchar(20) DEFAULT 'Kg',
  `chargeable_weight` varchar(50) DEFAULT NULL,
  `chargeable_weight_unit` varchar(20) DEFAULT 'Kg',
  `billing_type` varchar(50) DEFAULT NULL,
  `broker_id` int(11) DEFAULT NULL,
  `driver_id` int(11) DEFAULT NULL,
  `vehicle_id` int(11) DEFAULT NULL,
  `status` varchar(50) NOT NULL DEFAULT 'Booked',
  `payment_entry_status` varchar(50) NOT NULL DEFAULT 'Pending',
  `pod_doc_path` varchar(255) DEFAULT NULL,
  `pod_remarks` text DEFAULT NULL,
  `reporting_datetime` datetime DEFAULT NULL,
  `delivery_datetime` datetime DEFAULT NULL,
  `vehicle_payment_status` varchar(50) NOT NULL DEFAULT 'Pending',
  `created_by_id` int(11) NOT NULL,
  `branch_id` int(11) DEFAULT NULL,
  `created_at` timestamp NOT NULL DEFAULT current_timestamp()
) ENGINE=InnoDB DEFAULT CHARSET=utf8mb4 COLLATE=utf8mb4_general_ci;

--
-- Dumping data for table `shipments`
--

INSERT INTO `shipments` (`id`, `consignment_no`, `consignment_date`, `consignor_id`, `consignee_id`, `is_shipping_different`, `shipping_name`, `shipping_address`, `origin`, `destination`, `description_id`, `quantity`, `package_type`, `net_weight`, `net_weight_unit`, `chargeable_weight`, `chargeable_weight_unit`, `billing_type`, `broker_id`, `driver_id`, `vehicle_id`, `status`, `payment_entry_status`, `pod_doc_path`, `pod_remarks`, `reporting_datetime`, `delivery_datetime`, `vehicle_payment_status`, `created_by_id`, `branch_id`, `created_at`) VALUES
(1, '07597', '2025-10-03', 3, 5, 0, NULL, NULL, 'Choutaki', 'Tura', 1, '840/00', 'Cartons/Pieces', '8512.919', 'Kg', '8512.919', 'Kg', 'To be Billed', 3, 9, 9, 'Delivered', 'Done', NULL, NULL, NULL, NULL, 'Pending', 3, 2, '2025-10-04 10:20:44'),
(2, '07598', '2025-10-03', 3, 4, 0, NULL, NULL, 'Choutaki', 'Mankachar', 1, '895/00', 'Cartons/Pieces', '8512.121', 'Kg', '8512.121', 'Kg', 'To be Billed', 3, 8, 8, 'Completed', 'Done', 'uploads/pod/pod_2_1762427369.jpeg', '', NULL, NULL, 'Pending', 3, 2, '2025-10-04 10:31:21'),
(3, '07599', '2025-10-04', 3, 18, 0, NULL, NULL, 'Choutaki', 'Hatsingimari', 1, '904/00', 'Cartons/Pieces', '8225.193', 'Kg', '8500.000', 'Kg', 'To be Billed', 3, 10, 5, 'Completed', 'Done', 'uploads/pod/pod_3_1763017876.jpg', '', NULL, NULL, 'Pending', 3, 2, '2025-10-04 11:51:28'),
(4, '07600', '2025-10-04', 3, 13, 0, NULL, NULL, 'Choutaki', 'Tura', 1, '831/200', 'Cartons/Pieces', '8505.708', 'Kg', '8505.708', 'Kg', 'To be Billed', 3, 8, 8, 'Completed', 'Done', 'uploads/pod/pod_4_1762426448.jpeg', '', NULL, NULL, 'Pending', 3, 2, '2025-10-04 13:30:01'),
(5, '08227', '2025-10-04', 21, 58, 0, NULL, NULL, 'Guwahati', 'Rangvamual ', 2, '1301', 'Cartons', 'FTL', '', 'FTL', '', 'To be Billed', 3, 5, 6, 'Completed', 'Done', 'uploads/pod/pod_5_1762414571.jpg', '', NULL, NULL, 'Pending', 3, 2, '2025-10-04 17:37:45'),
(6, '08228', '2025-10-04', 21, 59, 0, NULL, NULL, 'Guwahati', 'Bawngkawn ', 2, '1288', 'Cartons', 'FTL', '', 'FTL', '', 'To be Billed', 3, 2, 1, 'Completed', 'Done', 'uploads/1761903153_17619031244801597073595342154618.jpg', '', NULL, NULL, 'Pending', 3, 2, '2025-10-04 17:42:58'),
(7, '08229', '2025-10-04', 21, 42, 0, NULL, NULL, 'Guwahati', 'Silchar', 2, '1028', 'Cartons', 'FTL', '', 'FTL', '', 'To be Billed', 3, NULL, 11, 'Delivered', 'Done', NULL, NULL, NULL, NULL, 'Pending', 3, 2, '2025-10-04 18:09:08'),
(8, '08230', '2025-10-04', 21, 61, 0, NULL, NULL, 'Guwahati', 'Agartala', 2, '1798', 'Cartons', 'FTL', '', 'FTL', '', 'To be Billed', 3, 6, 12, 'Completed', 'Done', 'uploads/pod/pod_8_1762416029.jpg', '', NULL, NULL, 'Pending', 3, 2, '2025-10-04 18:16:44'),
(9, '03816', '2025-10-04', 62, 63, 0, NULL, NULL, 'Silchar', 'Silchar', 2, '1457', 'Cartons', 'FTL', '', 'FTL', '', 'To be Billed', 3, 4, 4, 'Completed', 'Done', 'uploads/pod/pod_9_1762418177.jpg', '', NULL, NULL, 'Pending', 3, 2, '2025-10-04 18:26:49'),
(10, '08231', '2025-10-04', 21, 39, 0, NULL, NULL, 'Guwahati', 'Karimganj', 3, '1399', 'Cartons', 'FTL', '', 'FTL', '', 'To be Billed', 3, 1, 7, 'Completed', 'Done', 'uploads/pod/pod_10_1762598930.jpg', '', NULL, NULL, 'Pending', 3, 2, '2025-10-05 06:38:30'),
(11, '07601', '2025-10-06', 3, 15, 0, NULL, NULL, 'Choutaki', 'Tura', 1, '826/00', 'Cartons/Pieces', '8259.622', 'Kg', '8259.622', 'Kg', 'To be Billed', 3, 10, 5, 'Completed', 'Done', 'uploads/pod/pod_11_1763017814.jpg', '', NULL, NULL, 'Pending', 3, 2, '2025-10-06 11:53:43'),
(12, '07602', '2025-10-06', 3, 12, 0, NULL, NULL, 'Choutaki', 'Williamnagar', 1, '860/00', 'Cartons/Pieces', '8295.102', 'Kg', '8500.000', 'Kg', 'To be Billed', 3, 9, 9, 'Delivered', 'Done', NULL, NULL, NULL, NULL, 'Pending', 3, 2, '2025-10-06 11:56:29'),
(13, '07603', '2025-10-06', 3, 6, 0, NULL, NULL, 'Choutaki', 'Phulbari', 1, '948/00', 'Cartons/Pieces', '8248.758', 'Kg', '8500.000', 'Kg', 'To be Billed', 3, 8, 8, 'Delivered', 'Done', NULL, NULL, NULL, NULL, 'Pending', 3, 2, '2025-10-06 12:33:20'),
(14, '03821', '2025-10-06', 1, 55, 0, NULL, NULL, 'Gauripur ', 'North Lakhimpur', 3, '1679', 'Cartons', 'FTL', '', 'FTL', '', 'To be Billed', 3, NULL, 11, 'Delivered', 'Done', NULL, NULL, NULL, NULL, 'Pending', 3, 2, '2025-10-06 12:44:08'),
(15, '03818', '2025-10-06', 62, 30, 0, NULL, NULL, 'Silchar', 'Katigorah', 3, '1388', 'Cartons', 'FTL', '', 'FTL', '', 'To be Billed', 3, 4, 4, 'Completed', 'Done', 'uploads/pod/pod_15_1762414063.jpg', '', NULL, NULL, 'Pending', 3, 2, '2025-10-06 15:17:18'),
(16, '03819', '2025-10-06', 62, 43, 0, NULL, NULL, 'Silchar', 'Vairengte', 3, '1830', 'Cartons', 'FTL', '', 'FTL', '', 'To be Billed', 3, 7, 3, 'Completed', 'Done', 'uploads/pod/pod_16_1762417759.jpg', '', NULL, NULL, 'Pending', 3, 2, '2025-10-06 17:37:03'),
(17, '07604', '2025-10-07', 3, 65, 0, NULL, NULL, 'Choutaki', 'Srirampur ', 1, '1185/180', 'Cartons/Pieces', '11142.2', 'Kg', '11142.2', 'Kg', 'To be Billed', 4, NULL, 14, 'Completed', 'Done', 'uploads/pod/pod_17_1763017288.jpg', '', NULL, NULL, 'Pending', 3, 2, '2025-10-07 05:53:42'),
(18, '07605', '2025-10-07', 3, 16, 0, NULL, NULL, 'Choutaki', 'Tura', 1, '818/00', 'Cartons/Pieces', '8261.265', 'Kg', '8261.265', 'Kg', 'To be Billed', 3, 8, 8, 'Completed', 'Done', 'uploads/pod/pod_18_1762426320.jpeg', '', NULL, NULL, 'Pending', 3, 2, '2025-10-07 11:31:03'),
(19, '07606', '2025-10-07', 3, 4, 0, NULL, NULL, 'Choutaki', 'Mankachar', 1, '884/00', 'Cartons/Pieces', '8268.01', 'Kg', '8268.01', 'Kg', 'To be Billed', 3, 9, 9, 'Delivered', 'Done', NULL, NULL, NULL, NULL, 'Pending', 3, 2, '2025-10-07 11:57:17'),
(20, '03820', '2025-10-07', 1, 66, 0, NULL, NULL, 'Gauripur ', 'Ladrymbai ', 3, '1421', 'Cartons', 'FTL', '', 'FTL', '', 'To be Billed', 3, 3, 2, 'Completed', 'Done', 'uploads/pod/pod_20_1762415359.jpg', '', NULL, NULL, 'Pending', 3, 2, '2025-10-07 13:24:03'),
(21, '07607', '2025-10-08', 3, 13, 0, NULL, NULL, 'Choutaki', 'Tura', 1, '793/7', 'Cartons/Pieces', '8282.044', 'Kg', '8282.044', 'Kg', 'To be Billed', 3, 9, 9, 'Delivered', 'Done', NULL, NULL, NULL, NULL, 'Pending', 3, 2, '2025-10-08 12:02:32'),
(22, '03824', '2025-10-08', 1, 55, 0, NULL, NULL, 'Gauripur ', 'North Lakhimpur', 3, '1623', 'Cartons', 'FTL', '', 'FTL', '', 'To be Billed', 3, 11, 10, 'Delivered', 'Done', NULL, NULL, NULL, NULL, 'Pending', 3, 2, '2025-10-08 12:13:17'),
(23, 'STC/UBPL/126', '2025-10-08', 67, 68, 0, NULL, NULL, 'Guwahati', 'Phuentsholing ', 3, '835', 'Cartons', 'FTL', '', 'FTL', '', 'To be Billed', 5, NULL, 15, 'Delivered', 'Done', NULL, NULL, NULL, NULL, 'Pending', 3, 2, '2025-10-08 13:04:32'),
(24, 'STC/UBPL/127', '2025-10-08', 67, 69, 0, NULL, NULL, 'Guwahati', 'Thimphu town ', 3, '336', 'Cartons', 'FTL', '', 'FTL', '', 'To be Billed', 6, NULL, 16, 'Delivered', 'Done', NULL, NULL, NULL, NULL, 'Pending', 3, 2, '2025-10-08 13:09:31'),
(25, '07608', '2025-10-09', 3, 70, 0, NULL, NULL, 'Choutaki', 'Tura', 1, '662/1', 'Cartons/Pieces', '8215.443', 'Kg', '8215.443', 'Kg', 'To be Billed', 3, 8, 8, 'Completed', 'Done', 'uploads/pod/pod_25_1762426177.jpeg', '', NULL, NULL, 'Pending', 3, 2, '2025-10-09 07:39:13'),
(26, '07609', '2025-10-09', 3, 11, 0, NULL, NULL, 'Choutaki', 'Tikrikilla', 1, '900/36', 'Cartons/Pieces', '8251.006', 'Kg', '8251.006', 'Kg', 'To be Billed', 3, 10, 5, 'Completed', 'Done', 'uploads/pod/pod_26_1763017954.jpg', '', NULL, NULL, 'Pending', 3, 2, '2025-10-09 12:35:53'),
(27, '07610', '2025-10-09', 3, 72, 0, NULL, NULL, 'Choutaki', 'Sapatgaram ', 1, '1212/15', 'Cartons/Pieces', '9006.717', 'Kg', '9006.717', 'Kg', 'To be Billed', 4, NULL, 17, 'Completed', 'Done', 'uploads/pod/pod_27_1763017335.jpg', '', NULL, NULL, 'Pending', 3, 2, '2025-10-09 13:48:38'),
(28, '03822', '2025-10-09', 62, 73, 0, NULL, NULL, 'Silchar', 'Udaipur', 3, '1430', 'Cartons', 'FTL', '', 'FTL', '', 'To be Billed', 3, 7, 3, 'Completed', 'Done', 'uploads/pod/pod_28_1768199193.jpg', '', NULL, NULL, 'Pending', 3, 2, '2025-10-09 17:26:46'),
(29, '03823', '2025-10-09', 62, 74, 0, NULL, NULL, 'Silchar', 'Kumarghat', 3, '1555', 'Cartons', 'FTL', '', 'FTL', '', 'To be Billed', 3, 4, 4, 'Completed', 'Done', 'uploads/pod/pod_29_1762417577.jpg', '', NULL, NULL, 'Pending', 3, 2, '2025-10-09 17:30:07'),
(30, '08232', '2025-10-09', 21, 75, 0, NULL, NULL, 'Guwahati', 'Karimganj', 3, '1210', 'Cartons', 'FTL', '', 'FTL', '', 'To be Billed', 3, 3, 2, 'Completed', 'Done', 'uploads/pod/pod_30_1762415103.jpg', '', NULL, NULL, 'Pending', 3, 2, '2025-10-10 04:46:14'),
(31, '03827', '2025-10-10', 62, 36, 0, NULL, NULL, 'Silchar', 'Silchar', 3, '1351', 'Cartons', 'FTL', '', 'FTL', '', 'To be Billed', 3, 6, 12, 'Completed', 'Done', 'uploads/pod/pod_31_1762416002.jpg', '', NULL, NULL, 'Pending', 3, 2, '2025-10-10 13:42:37'),
(32, '07611', '2025-10-10', 3, 8, 0, NULL, NULL, 'Choutaki', 'Barengapara', 1, '818', 'Cartons/Pieces', '8206.476', 'Kg', '8206.476', 'Kg', 'To be Billed', 3, 10, 5, 'Completed', 'Done', 'uploads/pod/pod_32_1763017471.jpg', '', NULL, NULL, 'Pending', 3, 2, '2025-10-10 14:06:11'),
(33, '07612', '2025-10-10', 3, 76, 0, NULL, NULL, 'Choutaki', 'Dudhnoi', 1, '1027/00', 'Cartons/Pieces', '9062.82', 'Kg', '9062.82', 'Kg', 'To be Billed', 4, NULL, 23, 'Completed', 'Done', 'uploads/pod/pod_33_1762940547.jpg', '', NULL, NULL, 'Pending', 3, 2, '2025-10-10 14:11:35'),
(34, '08233', '2025-10-10', 21, 28, 0, NULL, NULL, 'Guwahati', 'Saiha', 3, '1185', 'Cartons', 'FTL', '', 'FTL', '', 'To be Billed', 1, NULL, 24, 'Delivered', 'Done', NULL, NULL, NULL, NULL, 'Pending', 3, 2, '2025-10-10 14:22:19'),
(35, '03826', '2025-10-10', 1, 77, 0, NULL, NULL, 'Gauripur ', 'Dhubri', 3, '1367', 'Cartons', 'FTL', '', 'FTL', '', 'To be Billed', 5, NULL, 25, 'Delivered', 'Done', NULL, NULL, NULL, NULL, 'Pending', 3, 2, '2025-10-10 14:50:39'),
(36, '07613', '2025-10-10', 3, 78, 0, NULL, NULL, 'Choutaki', 'Bongaigaon', 1, '898.30', 'Cartons/Pieces', '9005.745', 'Kg', '9005.745', 'Kg', 'To be Billed', 4, NULL, 14, 'Completed', 'Done', 'uploads/pod/pod_36_1762940496.jpg', '', NULL, NULL, 'Pending', 3, 2, '2025-10-10 15:00:41'),
(37, '07614', '2025-10-10', 3, 79, 0, NULL, NULL, 'Choutaki', 'Bilasipara', 1, '1030/00', 'Cartons/Pieces', '9019.381', 'Kg', '9019.381', 'Kg', 'To be Billed', 4, NULL, 26, 'Completed', 'Done', 'uploads/pod/pod_37_1762940869.jpg', '', NULL, NULL, 'Pending', 3, 2, '2025-10-10 15:21:46'),
(38, '03825', '2025-10-10', 1, 80, 0, NULL, NULL, 'Gauripur ', 'Sonari', 3, '1533', 'Cartons', 'FTL', '', 'FTL', '', 'To be Billed', 3, 1, 7, 'Completed', 'Done', 'uploads/pod/pod_38_1762599593.jpg', '', NULL, NULL, 'Pending', 3, 2, '2025-10-11 06:27:56'),
(39, '07615', '2025-10-11', 3, 4, 0, NULL, NULL, 'Choutaki', 'Mankachar', 1, '839/12', 'Cartons/Pieces', '8265.98', 'Kg', '8265.98', 'Kg', 'To be Billed', 3, 8, 8, 'Completed', 'Done', 'uploads/pod/pod_39_1762426258.jpeg', '', NULL, NULL, 'Pending', 3, 2, '2025-10-11 12:17:32'),
(40, '03828', '2025-10-11', 62, 37, 0, NULL, NULL, 'Silchar', 'Silchar', 3, '879', 'Cartons', 'FTL', '', 'FTL', '', 'To be Billed', 3, 6, 12, 'Completed', 'Done', 'uploads/pod/pod_40_1762415858.jpg', '', NULL, NULL, 'Pending', 3, 2, '2025-10-11 14:57:44'),
(41, '03829', '2025-10-11', 62, 81, 0, NULL, NULL, 'Silchar', 'Karimganj', 3, '1381', 'Cartons', 'FTL', '', 'FTL', '', 'To be Billed', 3, 4, 4, 'Completed', 'Done', 'uploads/pod/pod_41_1762417978.jpg', '', NULL, NULL, 'Pending', 3, 2, '2025-10-12 09:09:40'),
(42, '07616', '2025-10-13', 3, 17, 0, NULL, NULL, 'Choutaki', 'Mahendraganj', 1, '878/15', 'Cartons/Pieces', '8227.769', 'Kg', '8227.769', 'Kg', 'To be Billed', 3, 9, 9, 'Delivered', 'Done', NULL, NULL, NULL, NULL, 'Pending', 3, 2, '2025-10-13 11:13:22'),
(43, '07617', '2025-10-13', 3, 6, 0, NULL, NULL, 'Choutaki', 'Phulbari', 1, '921/00', 'Cartons/Pieces', '8241.532', 'Kg', '8241.532', 'Kg', 'To be Billed', 3, 10, 5, 'Completed', 'Done', 'uploads/pod/pod_43_1763017632.jpg', '', NULL, NULL, 'Pending', 3, 2, '2025-10-13 12:05:00'),
(44, '07618', '2025-10-13', 3, 5, 0, NULL, NULL, 'Choutaki', 'Tura', 1, '814/00', 'Cartons/Pieces', '8214.416', 'Kg', '8214.416', 'Kg', 'To be Billed', 3, 8, 8, 'Completed', 'Done', 'uploads/pod/pod_44_1762426118.jpeg', '', NULL, NULL, 'Pending', 3, 2, '2025-10-13 12:13:48'),
(45, '03830', '2025-10-13', 1, 82, 0, NULL, NULL, 'Gauripur ', 'Williamnagar', 3, '1513', 'Cartons', 'FTL', '', 'FTL', '', 'To be Billed', 7, NULL, 27, 'Delivered', 'Done', NULL, NULL, NULL, NULL, 'Pending', 3, 2, '2025-10-13 12:56:00'),
(46, '010024', '2025-10-14', 83, 84, 0, NULL, NULL, 'Azara', 'Biswanath Charali', 4, '1213', 'Cartons', 'FTL', '', 'FTL', '', 'To be Billed', 3, NULL, 11, 'Delivered', 'Pending', NULL, NULL, NULL, NULL, 'Pending', 3, 2, '2025-10-14 04:30:02'),
(47, '07619', '2025-10-14', 3, 15, 0, NULL, NULL, 'Choutaki', 'Tura', 1, '825/00', 'Cartons/Pieces', '8247.295', 'Kg', '8247.295', 'Kg', 'To be Billed', 3, 10, 5, 'Completed', 'Done', 'uploads/pod/pod_47_1763017528.jpg', '', NULL, NULL, 'Pending', 3, 2, '2025-10-14 09:40:10'),
(48, '07620', '2025-10-14', 3, 13, 0, NULL, NULL, 'Choutaki', 'Tura', 1, '1051/00', 'Cartons/Pieces', '11064.791', 'Kg', '11064.791', 'Kg', 'To be Billed', 8, NULL, 28, 'Completed', 'Done', 'uploads/pod/pod_48_1762940750.jpg', '', NULL, NULL, 'Pending', 3, 2, '2025-10-14 11:36:48'),
(49, 'STC/UBPL/128', '2025-10-14', 67, 85, 0, NULL, NULL, 'Guwahati', 'Siliguri ', 3, '202', 'Cartons', 'FTL', '', 'FTL', '', 'To be Billed', 6, NULL, 29, 'Delivered', 'Done', NULL, NULL, NULL, NULL, 'Pending', 3, 2, '2025-10-14 11:53:15'),
(50, 'STC/UBPL/129', '2025-10-14', 67, 86, 0, NULL, NULL, 'Guwahati', 'Singimari ', 3, '365', 'Cartons', 'FTL', '', 'FTL', '', 'To be Billed', 6, NULL, 29, 'Delivered', 'Done', NULL, NULL, NULL, NULL, 'Pending', 3, 2, '2025-10-14 12:02:27'),
(51, '08234', '2025-10-14', 21, 22, 0, NULL, NULL, 'Guwahati', 'Lunglei', 3, '1285', 'Cartons', 'FTL', '', 'FTL', '', 'To be Billed', 3, NULL, 30, 'Completed', 'Done', 'uploads/pod/pod_51_1763112769.jpg', '', NULL, NULL, 'Pending', 3, 2, '2025-10-14 13:40:39'),
(52, '07621', '2025-10-14', 3, 78, 0, NULL, NULL, 'Choutaki', 'Bongaigaon', 1, '813/540', 'Cartons/Pieces', '9075.031', 'Kg', '9075.031', 'Kg', 'To be Billed', 4, NULL, 14, 'Completed', 'Done', 'uploads/pod/pod_52_1762939689.jpg', '', NULL, NULL, 'Pending', 3, 2, '2025-10-14 13:47:20'),
(53, '07622', '2025-10-14', 3, 65, 0, NULL, NULL, 'Choutaki', 'Srirampur ', 1, '1188/19', 'Cartons/Pieces', '11679.944', 'Kg', '11679.944', 'Kg', 'To be Billed', 4, NULL, 31, 'Completed', 'Done', 'uploads/pod/pod_53_1762939663.jpg', '', NULL, NULL, 'Pending', 3, 2, '2025-10-14 15:13:28'),
(54, '07623', '2025-10-14', 3, 18, 0, NULL, NULL, 'Choutaki', 'Hatsingimari', 1, '925/00', 'Cartons/Pieces', '8208.412', 'Kg', '8208.412', 'Kg', 'To be Billed', 3, 9, 9, 'Delivered', 'Done', NULL, NULL, NULL, NULL, 'Pending', 3, 2, '2025-10-14 15:16:37'),
(55, '03833', '2025-10-14', 1, 87, 0, NULL, NULL, 'Gauripur ', 'Krishnai ', 3, '1575', 'Cartons', 'FTL', '', 'FTL', '', 'To be Billed', 3, 11, 10, 'Completed', 'Done', 'uploads/pod/pod_55_1763121543.jpg', '', NULL, NULL, 'Pending', 3, 2, '2025-10-14 16:02:30'),
(56, '03831', '2025-10-14', 62, 81, 0, NULL, NULL, 'Silchar', 'Karimganj', 3, '1492', 'Cartons', 'FTL', '', 'FTL', '', 'To be Billed', 3, 6, 12, 'Completed', 'Done', 'uploads/pod/pod_56_1764572751.jpg', '', NULL, NULL, 'Pending', 3, 2, '2025-10-15 03:40:12'),
(57, '07624', '2025-10-15', 3, 4, 0, NULL, NULL, 'Choutaki', 'Mankachar', 1, '910/00', 'Cartons/Pieces', '8274.85', 'Kg', '8274.85', 'Kg', 'To be Billed', 3, 8, 8, 'Completed', 'Done', 'uploads/pod/pod_57_1762425766.jpeg', '', NULL, NULL, 'Pending', 3, 2, '2025-10-15 05:31:36'),
(58, '07625', '2025-10-15', 3, 88, 0, NULL, NULL, 'Choutaki', 'Sapatgaram ', 1, '907/00', 'Cartons/Pieces', '9053.96', 'Kg', '9053.96', 'Kg', 'To be Billed', 4, NULL, 32, 'Completed', 'Done', 'uploads/pod/pod_58_1762939541.jpg', '', NULL, NULL, 'Pending', 3, 2, '2025-10-15 12:56:13'),
(59, '07626', '2025-10-15', 3, 89, 0, NULL, NULL, 'Choutaki', 'Howly ', 1, '986/00', 'Cartons/Pieces', '9044.14', 'Kg', '9044.14', 'Kg', 'To be Billed', 4, NULL, 33, 'Completed', 'Done', 'uploads/pod/pod_59_1762939567.jpg', '', NULL, NULL, 'Pending', 3, 2, '2025-10-15 12:59:57'),
(60, '08235', '2025-10-15', 21, 73, 0, NULL, NULL, 'Guwahati', 'Udaipur', 3, '1604', 'Cartons', 'FTL', '', 'FTL', '', 'To be Billed', 3, 1, 7, 'Completed', 'Done', 'uploads/pod/pod_60_1762598888.jpg', '', NULL, NULL, 'Pending', 3, 2, '2025-10-15 15:21:31'),
(61, '03832', '2025-10-15', 62, 90, 0, NULL, NULL, 'Silchar', 'Champaknagar ', 3, '1296', 'Cartons', 'FTL', '', 'FTL', '', 'To be Billed', 3, 4, 4, 'Completed', 'Done', 'uploads/pod/pod_61_1762417945.jpg', '', NULL, NULL, 'Pending', 3, 2, '2025-10-15 17:28:43'),
(62, '07627', '2025-10-16', 3, 79, 0, NULL, NULL, 'Choutaki', 'Bilasipara', 1, '998/11', 'Cartons/Pieces', '9020.003', 'Kg', '9020.003', 'Kg', 'To be Billed', 4, NULL, 34, 'Completed', 'Done', 'uploads/pod/pod_62_1762939411.jpg', '', NULL, NULL, 'Pending', 3, 2, '2025-10-16 12:30:12'),
(63, '07628', '2025-10-16', 3, 91, 0, NULL, NULL, 'Choutaki', 'Lakhipur ', 1, '1026/00', 'Cartons/Pieces', '9027.335', 'Kg', '9027.335', 'Kg', 'To be Billed', 4, NULL, 23, 'Completed', 'Done', 'uploads/pod/pod_63_1762939459.jpg', '', NULL, NULL, 'Pending', 3, 2, '2025-10-16 12:41:48'),
(64, '03836', '2025-10-16', 1, 50, 0, NULL, NULL, 'Gauripur ', 'Sonari', 3, '1675', 'Cartons', 'FTL', '', 'FTL', '', 'To be Billed', 3, 3, 2, 'Completed', 'Done', 'uploads/pod/pod_64_1762415312.jpg', '', NULL, NULL, 'Pending', 3, 2, '2025-10-16 13:03:49'),
(65, '08236', '2025-10-16', 21, 92, 0, NULL, NULL, 'Guwahati', 'Dharmanagar ', 3, '1396', 'Cartons', 'FTL', '', 'FTL', '', 'To be Billed', 3, 2, 1, 'Delivered', 'Done', NULL, NULL, NULL, NULL, 'Pending', 3, 2, '2025-10-16 17:07:56'),
(66, '08237', '2025-10-16', 21, 94, 0, NULL, NULL, 'Guwahati', 'Kolasib', 3, '1344', 'Cartons', 'FTL', '', 'FTL', '', 'To be Billed', 3, 5, 6, 'Completed', 'Done', 'uploads/pod/pod_66_1762414604.jpg', '', NULL, NULL, 'Pending', 3, 2, '2025-10-17 02:26:50'),
(67, '08238', '2025-10-16', 21, 40, 0, NULL, NULL, 'Guwahati', 'Silchar', 3, '1602', 'Cartons', 'FTL', '', 'FTL', '', 'To be Billed', 3, NULL, 11, 'Delivered', 'Done', NULL, NULL, NULL, NULL, 'Pending', 3, 2, '2025-10-17 02:29:54'),
(68, '03834', '2025-10-16', 62, 41, 0, NULL, NULL, 'Guwahati', 'Bhaga Bazar ', 3, '1192', 'Cartons', 'FTL', '', 'FTL', '', 'To be Billed', 3, 6, 12, 'Completed', 'Done', 'uploads/pod/pod_68_1762415809.jpg', '', NULL, NULL, 'Pending', 3, 2, '2025-10-17 02:34:20'),
(69, '07629', '2025-10-17', 3, 6, 0, NULL, NULL, 'Choutaki', 'Phulbari', 1, '1002/00', 'Cartons/Pieces', '8239.878', 'Kg', '8239.878', 'Kg', 'To be Billed', 3, 8, 8, 'Completed', 'Done', 'uploads/pod/pod_69_1762426061.jpeg', '', NULL, NULL, 'Pending', 3, 2, '2025-10-17 10:43:04'),
(70, '03835', '2025-10-16', 62, 96, 0, NULL, NULL, 'Silchar', 'Kalachhara ', 3, '1418', 'Cartons', 'FTL', '', 'FTL', '', 'To be Billed', 3, 7, 3, 'Completed', 'Done', 'uploads/pod/pod_70_1762417825.jpg', '', NULL, NULL, 'Pending', 3, 2, '2025-10-17 11:17:46'),
(71, '03837', '2025-10-17', 1, 48, 0, NULL, NULL, 'Gauripur ', 'Sivsagar ', 3, '1752', 'Cartons', 'FTL', '', 'FTL', '', 'To be Billed', 3, NULL, 11, 'Completed', 'Done', 'uploads/pod/pod_71_1763120204.jpg', '', NULL, NULL, 'Pending', 3, 2, '2025-10-18 09:55:38'),
(72, '03841', '2025-10-18', 1, 77, 0, NULL, NULL, 'Gauripur ', 'Dhubri', 3, '1429', 'Cartons', 'FTL', '', 'FTL', '', 'To be Billed', 5, NULL, 35, 'Delivered', 'Done', NULL, NULL, NULL, NULL, 'Pending', 3, 2, '2025-10-18 17:59:29'),
(73, '03839', '2025-10-18', 62, 97, 0, NULL, NULL, 'Silchar', 'Gandacherra ', 3, '1367', 'Cartons', 'FTL', '', 'FTL', '', 'To be Billed', 3, 6, 12, 'Delivered', 'Done', NULL, NULL, NULL, NULL, 'Pending', 3, 2, '2025-10-18 18:02:32'),
(74, '03838', '2025-10-18', 62, 98, 0, NULL, NULL, 'Silchar', 'Abdullapur ', 3, '1424', 'Cartons', 'FTL', '', 'FTL', '', 'To be Billed', 3, 4, 4, 'Completed', 'Done', 'uploads/pod/pod_74_1762415834.jpg', '', NULL, NULL, 'Pending', 3, 2, '2025-10-18 18:05:43'),
(75, '03840', '2025-10-19', 1, 49, 0, NULL, NULL, 'Gauripur ', 'Moranhat', 2, '1097', 'Cartons', 'FTL', '', 'FTL', '', 'To be Billed', 3, 11, 10, 'Completed', 'Done', 'uploads/pod/pod_75_1763121041.jpg', '', NULL, NULL, 'Pending', 3, 2, '2025-10-20 08:47:22'),
(76, '07630', '2025-10-21', 3, 16, 0, NULL, NULL, 'Choutaki', 'Tura', 1, '797/00', 'Cartons/Pieces', '8258.438', 'Kg', '8258.438', 'Kg', 'To be Billed', 3, 8, 8, 'Completed', 'Done', 'uploads/pod/pod_76_1762420216.jpeg', '', NULL, NULL, 'Pending', 3, 2, '2025-10-21 11:45:34'),
(77, '07631', '2025-10-21', 3, 12, 0, NULL, NULL, 'Choutaki', 'Williamnagar', 1, '778/00', 'Cartons/Pieces', '8254.946', 'Kg', '8254.946', 'Kg', 'To be Billed', 3, 9, 9, 'Delivered', 'Done', NULL, NULL, NULL, NULL, 'Pending', 3, 2, '2025-10-21 12:37:23'),
(78, '07632', '2025-10-22', 3, 9, 0, NULL, NULL, 'Choutaki', 'Garobadha', 1, '959/00', 'Cartons/Pieces', '8202.586', 'Kg', '8202.586', 'Kg', 'To be Billed', 3, 10, 5, 'Completed', 'Done', 'uploads/pod/pod_78_1762938754.jpg', '', NULL, NULL, 'Pending', 3, 2, '2025-10-22 10:45:57'),
(79, '07633', '2025-10-22', 3, 5, 0, NULL, NULL, 'Choutaki', 'Tura', 1, '813/00', 'Cartons/Pieces', '8201.7', 'Kg', '8201.7', 'Kg', 'To be Billed', 3, 9, 9, 'Delivered', 'Done', NULL, NULL, NULL, NULL, 'Pending', 3, 2, '2025-10-22 12:28:49'),
(80, '03843', '2025-10-22', 1, 99, 0, NULL, NULL, 'Gauripur ', 'Baghmara', 3, '1515', 'Cartons', 'FTL', '', 'FTL', '', 'To be Billed', 7, NULL, 36, 'Completed', 'Done', 'uploads/pod/pod_80_1762764497.jpg', '', NULL, NULL, 'Pending', 3, 2, '2025-10-22 14:43:11'),
(81, '08239', '2025-10-22', 21, 100, 0, NULL, NULL, 'Guwahati', 'Tulamura ', 3, '1362', 'Cartons', 'FTL', '', 'FTL', '', 'To be Billed', 3, 1, 7, 'Completed', 'Done', 'uploads/pod/pod_81_1762599274.jpg', '', NULL, NULL, 'Pending', 3, 2, '2025-10-22 15:25:45'),
(82, '08240', '2025-10-22', 21, 73, 0, NULL, NULL, 'Guwahati', 'Udaipur', 3, '239', 'Cartons', 'FTL', '', 'FTL', '', 'To be Billed', 3, 1, 7, 'Completed', 'Done', 'uploads/pod/pod_82_1762599233.jpg', '', NULL, NULL, 'Pending', 3, 2, '2025-10-22 15:28:06'),
(83, '03842', '2025-10-22', 62, 101, 0, NULL, NULL, 'Silchar', 'Hailakandi ', 3, '1312', 'Cartons', 'FTL', '', 'FTL', '', 'To be Billed', 3, 6, 12, 'Completed', 'Done', 'uploads/pod/pod_83_1762415773.jpg', '', NULL, NULL, 'Pending', 3, 2, '2025-10-22 15:52:52'),
(84, '07634', '2025-10-23', 3, 4, 0, NULL, NULL, 'Choutaki', 'Mankachar', 1, '838/00', 'Cartons/Pieces', '8255.87', 'Kg', '8255.87', 'Kg', 'To be Billed', 3, 8, 8, 'Delivered', 'Done', NULL, NULL, NULL, NULL, 'Pending', 3, 2, '2025-10-23 07:34:41'),
(85, '07635', '2025-10-23', 3, 65, 0, NULL, NULL, 'Choutaki', 'Srirampur ', 1, '1428/00', 'Cartons/Pieces', '11789.26', 'Kg', '11789.26', 'Kg', 'To be Billed', 4, NULL, 14, 'Completed', 'Done', 'uploads/pod/pod_85_1762939363.jpg', '', NULL, NULL, 'Pending', 3, 2, '2025-10-23 12:45:04'),
(86, '08242', '2025-10-23', 21, 23, 0, NULL, NULL, 'Guwahati', 'Belonia', 3, '1433', 'Cartons', 'FTL', '', 'FTL', '', 'To be Billed', 3, 5, 6, 'Completed', 'Done', 'uploads/pod/pod_86_1762414497.jpg', '', NULL, NULL, 'Pending', 3, 2, '2025-10-23 15:16:47'),
(87, '08241', '2025-10-23', 21, 57, 0, NULL, NULL, 'Guwahati', 'Khowai', 3, '1410', 'Cartons', 'FTL', '', 'FTL', '', 'To be Billed', 3, 2, 1, 'Completed', 'Done', 'uploads/pod/pod_87_1763188736.jpg', '', NULL, NULL, 'Pending', 3, 2, '2025-10-23 16:14:25'),
(88, '08243', '2025-10-23', 21, 75, 0, NULL, NULL, 'Guwahati', 'Karimganj', 3, '1180', 'Cartons', 'FTL', '', 'FTL', '', 'To be Billed', 3, NULL, 11, 'Completed', 'Done', 'uploads/pod/pod_88_1763188685.jpg', '', NULL, NULL, 'Pending', 3, 2, '2025-10-23 16:16:51'),
(89, '07636', '2025-10-24', 3, 6, 0, NULL, NULL, 'Choutaki', 'Phulbari', 1, '976/00', 'Cartons/Pieces', '8285.64', 'Kg', '8285.64', 'Kg', 'To be Billed', 3, 9, 9, 'Delivered', 'Done', NULL, NULL, NULL, NULL, 'Pending', 3, 2, '2025-10-24 09:45:26'),
(90, '07637', '2025-10-24', 3, 15, 0, NULL, NULL, 'Choutaki', 'Tura', 1, '826/13', 'Cartons/Pieces', '8235.973', 'Kg', '8235.973', 'Kg', 'To be Billed', 3, 10, 5, 'Completed', 'Done', 'uploads/pod/pod_90_1762938924.jpg', '', NULL, NULL, 'Pending', 3, 2, '2025-10-24 10:27:59'),
(91, '03844', '2025-10-24', 62, 33, 0, NULL, NULL, 'Silchar', 'Dharmanagar ', 3, '1240', 'Cartons', 'FTL', '', 'FTL', '', 'To be Billed', 3, 6, 12, 'Completed', 'Done', 'uploads/pod/pod_91_1762415746.jpg', '', NULL, NULL, 'Pending', 3, 2, '2025-10-24 13:08:46'),
(92, '07638', '2025-10-24', 3, 8, 0, NULL, NULL, 'Choutaki', 'Barengapara', 1, '847/00', 'Cartons/Pieces', '8205.089', 'Kg', '8205.089', 'Kg', 'To be Billed', 3, 8, 8, 'Completed', 'Done', 'uploads/pod/pod_92_1762425972.jpeg', '', NULL, NULL, 'Pending', 3, 2, '2025-10-24 13:42:45'),
(93, '03845', '2025-10-25', 1, 48, 0, NULL, NULL, 'Gauripur ', 'Sivsagar ', 3, '1565', 'Cartons', 'FTL', '', 'FTL', '', 'To be Billed', 3, 11, 10, 'Completed', 'Done', 'uploads/pod/pod_93_1763121443.jpg', '', NULL, NULL, 'Pending', 3, 2, '2025-10-25 10:33:51'),
(94, '07639', '2025-10-25', 3, 88, 0, NULL, NULL, 'Choutaki', 'Sapatgaram ', 1, '809/20', 'Cartons/Pieces', '9011.334', 'Kg', '9011.334', 'Kg', 'To be Billed', 4, NULL, 37, 'Completed', 'Done', 'uploads/pod/pod_94_1762939316.jpg', '', NULL, NULL, 'Pending', 3, 2, '2025-10-25 11:35:03'),
(95, '07640', '2025-10-25', 3, 56, 0, NULL, NULL, 'Choutaki', 'Bilasipara', 1, '1000/30', 'Cartons/Pieces', '9012.264', 'Kg', '9012.264', 'Kg', 'To be Billed', 4, NULL, 38, 'Completed', 'Done', 'uploads/pod/pod_95_1762939187.jpg', '', NULL, NULL, 'Pending', 3, 2, '2025-10-25 11:42:15'),
(96, '08244', '2025-10-25', 21, 26, 0, NULL, NULL, 'Guwahati', 'Lunglei', 3, '1245', 'Cartons', 'FTL', '', 'FTL', '', 'To be Billed', 9, NULL, 39, 'Completed', 'Done', 'uploads/pod/pod_96_1762414337.jpg', '', NULL, NULL, 'Pending', 3, 2, '2025-10-25 11:56:17'),
(97, '07641', '2025-10-25', 3, 18, 0, NULL, NULL, 'Choutaki', 'Hatsingimari', 1, '926/00', 'Cartons/Pieces', '8246.431', 'Kg', '8246.431', 'Kg', 'To be Billed', 3, 9, 9, 'Completed', 'Done', 'uploads/pod/pod_97_1762930025.jpg', '', NULL, NULL, 'Pending', 3, 2, '2025-10-25 12:15:21'),
(98, '08245', '2025-10-25', 21, 26, 0, NULL, NULL, 'Guwahati', 'Lunglei', 3, '1100', 'Cartons', 'FTL', '', 'FTL', '', 'To be Billed', 1, NULL, 24, 'Completed', 'Done', 'uploads/pod/pod_98_1762414142.jpg', '', NULL, NULL, 'Pending', 3, 2, '2025-10-25 13:00:20'),
(99, '03846', '2025-10-25', 1, 102, 0, NULL, NULL, 'Gauripur ', 'Gohpur ', 2, '1520', 'Cartons', 'FTL', '', 'FTL', '', 'To be Billed', 3, 4, 4, 'Delivered', 'Done', NULL, NULL, NULL, NULL, 'Pending', 3, 2, '2025-10-26 03:08:15'),
(100, '03847', '2025-10-25', 1, 2, 0, NULL, NULL, 'Gauripur ', 'Silchar', 3, '2946', 'Cartons', 'FTL', '', 'FTL', '', 'To be Billed', 3, 3, 2, 'Completed', 'Done', 'uploads/pod/pod_100_1762415274.jpg', '', NULL, NULL, 'Pending', 3, 2, '2025-10-26 03:11:17'),
(101, '07642', '2025-10-27', 3, 18, 0, NULL, NULL, 'Choutaki', 'Hatsingimari', 1, '955/000', 'Cartons/Pieces', '8250.72', 'Kg', '8250.72', 'Kg', 'To be Billed', 3, 8, 8, 'Completed', 'Done', 'uploads/pod/pod_101_1762423799.jpeg', '', NULL, NULL, 'Pending', 5, 2, '2025-10-27 11:30:03'),
(102, '07643', '2025-10-27', 3, 4, 0, NULL, NULL, 'Choutaki', 'Mankachar', 1, '856/000', 'Cartons/Pieces', '8262.75', 'Kg', '8262.75', 'Kg', 'To be Billed', 3, 10, 5, 'Completed', 'Done', 'uploads/pod/pod_102_1762938621.jpg', '', NULL, NULL, 'Pending', 5, 2, '2025-10-27 11:34:03'),
(103, '07644', '2025-10-27', 3, 19, 0, NULL, NULL, 'Choutaki', 'Mendipathar', 1, '770/000', 'Cartons/Pieces', '8205.413', 'Kg', '8205.413', 'Kg', 'To be Billed', 3, 9, 9, 'Delivered', 'Done', NULL, NULL, NULL, NULL, 'Pending', 5, 2, '2025-10-27 13:19:59'),
(104, '07645', '2025-10-27', 3, 103, 0, NULL, NULL, 'Choutaki', 'Mendipathar', 1, '770/00', 'Cartons/Pieces', '8205.413', 'Kg', '8205.413', 'Kg', 'To be Billed', 3, 9, 9, 'Delivered', 'Done', NULL, NULL, NULL, NULL, 'Pending', 3, 2, '2025-10-27 13:27:08'),
(105, '03848', '2025-10-27', 62, 35, 0, NULL, NULL, 'Silchar', 'Kakraban', 3, '1345', 'Cartons', 'FTL', '', 'FTL', '', 'To be Billed', 3, 6, 12, 'Completed', 'Done', 'uploads/pod/pod_105_1762415704.jpg', '', NULL, NULL, 'Pending', 3, 2, '2025-10-27 14:37:57'),
(106, '08247', '2025-10-27', 21, 42, 0, NULL, NULL, 'Guwahati', 'Silchar', 3, '1150', 'Cartons', 'FTL', '', 'FTL', '', 'To be Billed', 3, 4, 4, 'Completed', 'Done', 'uploads/pod/pod_106_1762413879.jpg', '', NULL, NULL, 'Pending', 3, 2, '2025-10-27 14:57:27'),
(107, '08246', '2025-10-27', 21, 22, 0, NULL, NULL, 'Guwahati', 'Lunglei', 3, '1400', 'Cartons', 'FTL', '', 'FTL', '', 'To be Billed', 1, NULL, 40, 'Completed', 'Done', 'uploads/pod/pod_107_1762585961.jpg', '', NULL, NULL, 'Pending', 3, 2, '2025-10-27 15:00:19'),
(108, '08250', '2025-10-28', 21, 22, 0, NULL, NULL, 'Guwahati', 'Lunglei', 3, '1175', 'Cartons', 'FTL', '', 'FTL', '', 'To be Billed', 1, NULL, 41, 'Completed', 'Done', 'uploads/pod/pod_108_1762413808.jpg', '', NULL, NULL, 'Pending', 3, 2, '2025-10-28 11:08:13'),
(109, '07646', '2025-10-28', 3, 104, 0, NULL, NULL, 'Choutaki', 'Mankachar', 1, '706/00', 'Cartons/Pieces', '8251.81', 'Kg', '8251.81', 'Kg', 'To be Billed', 3, 9, 9, 'Delivered', 'Done', NULL, NULL, NULL, NULL, 'Pending', 3, 2, '2025-10-28 12:14:41'),
(110, '08249', '2025-10-28', 21, 39, 0, NULL, NULL, 'Guwahati', 'Karimganj', 3, '1655', 'Cartons', 'FTL', '', 'FTL', '', 'To be Billed', 2, NULL, 42, 'Completed', 'Done', 'uploads/pod/pod_110_1763189702.jpg', '', NULL, NULL, 'Pending', 3, 2, '2025-10-28 12:23:05'),
(111, '07647', '2025-10-28', 3, 13, 0, NULL, NULL, 'Choutaki', 'Tura', 1, '757/00', 'Cartons/Pieces', '8239.665', 'Kg', '8239.665', 'Kg', 'To be Billed', 3, 10, 5, 'Completed', 'Done', 'uploads/pod/pod_111_1762938866.jpg', '', NULL, NULL, 'Pending', 3, 2, '2025-10-28 12:43:15'),
(112, '07648', '2025-10-28', 3, 17, 0, NULL, NULL, 'Choutaki', 'Mahendraganj', 1, '904/00', 'Cartons/Pieces', '8269.64', 'Kg', '8269.64', 'Kg', 'To be Billed', 3, 8, 8, 'Delivered', 'Done', NULL, NULL, NULL, NULL, 'Pending', 3, 2, '2025-10-28 12:59:13'),
(113, '07649', '2025-10-28', 3, 65, 0, NULL, NULL, 'Choutaki', 'Srirampur ', 1, '852/00', 'Cartons/Pieces', '11043.984', 'Kg', '11043.984', 'Kg', 'To be Billed', 4, NULL, 43, 'Completed', 'Done', 'uploads/pod/pod_113_1762939091.jpg', '', NULL, NULL, 'Pending', 3, 2, '2025-10-28 13:38:59'),
(114, '08248', '2025-10-28', 21, 105, 0, NULL, NULL, 'Guwahati', 'Nalchar ', 3, '1360', 'Cartons', 'FTL', '', 'FTL', '', 'To be Billed', 3, 1, 7, 'Completed', 'Done', 'uploads/pod/pod_114_1762599155.jpg', '', NULL, NULL, 'Pending', 3, 2, '2025-10-29 07:14:23'),
(115, '03849', '2025-10-27', 1, 80, 0, NULL, NULL, 'Gauripur ', 'Sonari', 3, '1729', 'Cartons', 'FTL', '', 'FTL', '', 'To be Billed', 3, NULL, 11, 'Completed', 'Done', 'uploads/pod/pod_115_1763120543.jpg', '', NULL, NULL, 'Pending', 3, 2, '2025-10-29 07:25:29'),
(116, '03850', '2025-10-29', 1, 106, 0, NULL, NULL, 'Gauripur ', 'Lawngtlai ', 3, '1502', 'Cartons', 'FTL', '', 'FTL', '', 'To be Billed', 3, 2, 1, 'Completed', 'Done', 'uploads/pod/pod_116_1762416949.jpg', '', NULL, NULL, 'Pending', 3, 2, '2025-10-29 11:08:29'),
(117, '07650', '2025-10-29', 3, 11, 0, NULL, NULL, 'Choutaki', 'Tikrikilla', 1, '888/00', 'Cartons/Pieces', '8271.909', 'Kg', '8271.909', 'Kg', 'To be Billed', 3, 9, 9, 'Delivered', 'Done', NULL, NULL, NULL, NULL, 'Pending', 3, 2, '2025-10-29 11:35:01'),
(118, '08251', '2025-10-30', 21, 26, 0, NULL, NULL, 'Guwahati', 'Lunglei', 3, '1250', 'Cartons', 'FTL', '', 'FTL', '', 'To be Billed', 1, NULL, 44, 'Completed', 'Done', 'uploads/pod/pod_118_1762413275.jpg', '', NULL, NULL, 'Pending', 3, 2, '2025-10-30 10:46:18'),
(119, '07651', '2025-10-30', 3, 12, 0, NULL, NULL, 'Choutaki', 'Williamnagar', 1, '781/108', 'Cartons/Pieces', '8271.871', 'Kg', '8271.871', 'Kg', 'To be Billed', 3, 9, 9, 'Delivered', 'Done', NULL, NULL, NULL, NULL, 'Pending', 3, 2, '2025-10-30 11:13:17'),
(120, '07652', '2025-10-30', 3, 6, 0, NULL, NULL, 'Choutaki', 'Phulbari', 1, '969/00', 'Cartons/Pieces', '8263.045', 'Kg', '8263.045', 'Kg', 'To be Billed', 3, 10, 5, 'Completed', 'Done', 'uploads/pod/pod_120_1762938815.jpg', '', NULL, NULL, 'Pending', 3, 2, '2025-10-30 11:20:29'),
(121, '07653', '2025-10-30', 3, 8, 0, NULL, NULL, 'Choutaki', 'Barengapara', 1, '757/72', 'Cartons/Pieces', '8219.493', 'Kg', '8219.493', 'Kg', 'To be Billed', 3, 8, 8, 'Completed', 'Done', 'uploads/pod/pod_121_1762759811.jpg', '', NULL, NULL, 'Pending', 3, 2, '2025-10-30 13:39:49'),
(122, '03851', '2025-10-30', 62, 36, 0, NULL, NULL, 'Silchar', 'Silchar', 3, '1340', 'Cartons', 'FTL', '', 'FTL', '', 'To be Billed', 3, 3, 2, 'Completed', 'Done', 'uploads/pod/pod_122_1762415247.jpg', '', NULL, NULL, 'Pending', 3, 2, '2025-10-31 03:27:33'),
(123, '03852', '2025-10-30', 62, 33, 0, NULL, NULL, 'Silchar', 'Dharmanagar', 3, '1389', 'Cartons', 'FTL', '', 'FTL', '', 'To be Billed', 3, 6, 12, 'Completed', 'Done', 'uploads/pod/pod_123_1762416087.jpg', '', NULL, NULL, 'Pending', 3, 2, '2025-10-31 03:30:53'),
(124, '03854', '2025-10-30', 1, 107, 0, NULL, NULL, 'Gauripur ', 'Kokrajhar ', 3, '1557', 'Cartons', 'FTL', '', 'FTL', '', 'To be Billed', 5, NULL, 45, 'Delivered', 'Done', NULL, NULL, NULL, NULL, 'Pending', 3, 2, '2025-10-31 03:35:05'),
(125, '07654', '2025-10-31', 3, 7, 0, NULL, NULL, 'Choutaki', 'Rongram', 1, '991/18', 'Cartons/Pieces', '8211.882', 'Kg', '8211.882', 'Kg', 'To be Billed', 3, 10, 5, 'Completed', 'Done', 'uploads/pod/pod_125_1762929791.jpg', '', NULL, NULL, 'Pending', 3, 2, '2025-10-31 13:16:40'),
(126, '07655', '2025-10-31', 3, 16, 0, NULL, NULL, 'Choutaki', 'Tura', 1, '741/00', 'Cartons/Pieces', '8276.656', 'Kg', '8276.656', 'Kg', 'To be Billed', 3, 9, 9, 'Completed', 'Done', 'uploads/pod/pod_126_1762929949.jpg', '', NULL, NULL, 'Pending', 3, 2, '2025-10-31 13:19:25'),
(127, '07656', '2025-10-31', 3, 76, 0, NULL, NULL, 'Choutaki', 'Dudhnoi', 1, '1115/43', 'Cartons/Pieces', '9554.169', 'Kg', '9554.169', 'Kg', 'To be Billed', 4, NULL, 23, 'Completed', 'Done', 'uploads/pod/pod_127_1762415044.jpg', '', NULL, NULL, 'Pending', 3, 2, '2025-10-31 13:30:54'),
(128, '07657', '2025-10-31', 3, 108, 0, NULL, NULL, 'Choutaki', 'Barpeta town ', 1, '1021/00', 'Cartons/Pieces', '9045.012', 'Kg', '9045.012', 'Kg', 'To be Billed', 4, NULL, 33, 'Completed', 'Done', 'uploads/pod/pod_128_1762414920.jpg', '', NULL, NULL, 'Pending', 3, 2, '2025-10-31 13:55:29'),
(129, '07658', '2025-10-31', 3, 65, 0, NULL, NULL, 'Choutaki', 'Srirampur ', 1, '1830/23', 'Cartons/Pieces', '16591.435', 'Kg', '16591.435', 'Kg', 'To be Billed', 4, NULL, 46, 'Completed', 'Done', 'uploads/pod/pod_129_1762414869.jpg', '', NULL, NULL, 'Pending', 3, 2, '2025-10-31 15:25:08'),
(130, '03855', '2025-10-31', 62, 31, 0, NULL, NULL, 'Silchar', 'Belonia', 3, '1349', 'Cartons', 'FTL', '', 'FTL', '', 'To be Billed', 3, 3, 2, 'Completed', 'Done', 'uploads/pod/pod_130_1762415191.jpg', '', NULL, NULL, 'Pending', 3, 2, '2025-11-01 05:47:19'),
(131, '03853', '2025-10-31', 1, 109, 0, NULL, NULL, 'Gauripur ', 'Gohpur ', 2, '1670', 'Cartons', 'FTL', '', 'FTL', '', 'To be Billed', 3, 11, 10, 'Completed', 'Done', 'uploads/pod/pod_131_1763121302.jpg', '', NULL, NULL, 'Pending', 3, 2, '2025-11-01 05:51:09'),
(132, '07659', '2025-10-31', 3, 4, 0, NULL, NULL, 'Choutaki', 'Mankachar', 1, '827/00', 'Cartons/Pieces', '8331.695', 'Kg', '8331.695', 'Kg', 'To be Billed', 3, 8, 8, 'Completed', 'Done', 'uploads/pod/pod_132_1762424006.jpeg', '', NULL, NULL, 'Pending', 3, 2, '2025-11-01 06:14:38'),
(133, '07660', '2025-10-31', 3, 110, 0, NULL, NULL, 'Choutaki', 'Bilasipara', 1, '989/27', 'Cartons/Pieces', '9046.423', 'Kg', '9046.423', 'Kg', 'To be Billed', 4, NULL, 47, 'Completed', 'Done', 'uploads/pod/pod_133_1762415018.jpg', '', NULL, NULL, 'Pending', 3, 2, '2025-11-01 11:23:30'),
(134, '08252', '2025-11-01', 21, 26, 0, NULL, NULL, 'Guwahati', 'Lunglei', 3, '1140', 'Cartons', 'FTL', '', 'FTL', '', 'To be Billed', 1, NULL, 48, 'Completed', 'Done', 'uploads/pod/pod_134_1762931896.jpg', '', NULL, NULL, 'Pending', 3, 2, '2025-11-01 12:37:28'),
(135, '07661', '2025-11-02', 3, 4, 0, NULL, NULL, 'Choutaki', 'Mankachar', 1, '868/52', 'Cartons/Pieces', '8261.326', 'Kg', '8261.326', 'Kg', 'To be Billed', 3, 9, 9, 'Completed', 'Done', 'uploads/pod/pod_135_1762929691.jpg', '', NULL, NULL, 'Pending', 3, 2, '2025-11-02 07:01:45'),
(136, '07662', '2025-11-02', 3, 5, 0, NULL, NULL, 'Choutaki', 'Tura', 1, '775/29', 'Cartons/Pieces', '8258.962', 'Kg', '8258.962', 'Kg', 'To be Billed', 3, 10, 5, 'Completed', 'Done', 'uploads/pod/pod_136_1762497362.jpg', '', NULL, NULL, 'Pending', 3, 2, '2025-11-02 07:06:23'),
(137, 'STC/UBPL/130', '2025-11-03', 67, 85, 0, NULL, NULL, 'Guwahati', 'Siliguri ', 3, '650', 'Cartons', 'FTL', '', 'FTL', '', 'To be Billed', 5, NULL, 49, 'Completed', 'Done', 'uploads/pod/pod_137_1762339484.jpeg', '', NULL, NULL, 'Pending', 3, 2, '2025-11-03 11:09:30'),
(138, '03856', '2025-11-03', 62, 30, 0, NULL, NULL, 'Silchar', 'Katigorah', 3, '1245', 'Cartons', 'FTL', '', 'FTL', '', 'To be Billed', 3, 4, 4, 'Completed', 'Done', 'uploads/pod/pod_138_1762419320.jpg', '', NULL, NULL, 'Pending', 3, 2, '2025-11-03 12:11:39'),
(139, '08253', '2025-11-03', 21, 26, 0, NULL, NULL, 'Guwahati', 'Lunglei', 3, '1200', 'Cartons', 'FTL', '', 'FTL', '', 'To be Billed', 1, NULL, 51, 'Completed', 'Done', 'uploads/pod/pod_139_1763014512.jpg', '', NULL, NULL, 'Pending', 3, 2, '2025-11-03 14:00:23'),
(140, '02102', '2025-11-01', 111, 112, 0, NULL, NULL, 'JAMURIA', 'GHAZIABAD', 5, 'LOOSE', 'Loose', '41.800', 'Ton', '41.800', 'Ton', 'To be Billed', 10, NULL, 52, 'Delivered', 'Done', NULL, NULL, NULL, NULL, 'Pending', 4, 3, '2025-11-04 12:17:27'),
(141, '07663', '2025-11-04', 3, 6, 0, NULL, NULL, 'Choutaki', 'Phulbari', 1, '943', 'Cartons/Pieces', '8225.943', 'Kg', '8225.943', 'Kg', 'To be Billed', 3, 9, 9, 'Completed', 'Done', 'uploads/pod/pod_141_1762930125.jpg', '', NULL, NULL, 'Pending', 3, 2, '2025-11-04 13:31:44'),
(142, '07664', '2025-11-04', 3, 18, 0, NULL, NULL, 'Choutaki', 'Hatsingimari', 1, '906/00', 'Cartons/Pieces', '8220.55', 'Kg', '8220.25', 'Kg', 'To be Billed', 3, 8, 8, 'Completed', 'Done', 'uploads/pod/pod_142_1762425601.jpeg', '', NULL, NULL, 'Pending', 3, 2, '2025-11-04 13:32:20'),
(143, '02103', '2025-11-01', 116, 120, 1, 'NAINI PAPERS LTD.', 'MORADABAD ROAD,KASHIPUR-UTTARAKHAND', 'BARJORA', 'KASHIPUR', 5, '', 'Loose', '41.180', 'Ton', '41.180', 'Ton', 'To be Billed', 14, NULL, 53, 'Delivered', 'Reverify', NULL, NULL, NULL, NULL, 'Pending', 4, 3, '2025-11-04 13:41:47'),
(144, '02104', '2025-11-01', 115, 112, 0, NULL, NULL, 'Durgapur', 'GHAZIABAD', 5, '', 'Loose', '42.950', 'Ton', '42.950', 'Ton', 'To be Billed', 10, NULL, 54, 'Delivered', 'Pending', NULL, NULL, NULL, NULL, 'Pending', 4, 3, '2025-11-04 13:45:40'),
(145, '02105', '2025-11-01', 116, 121, 0, NULL, NULL, 'Durgapur', 'FARIDABAD', 5, '', 'Loose', '41.460', 'Ton', '41.460', 'Ton', 'To Pay', 15, NULL, 55, 'Delivered', 'Pending', NULL, NULL, NULL, NULL, 'Pending', 4, 3, '2025-11-04 13:49:35'),
(146, '02106', '2025-11-02', 115, 112, 0, NULL, NULL, 'JAMURIA', 'GHAZIABAD', 5, '', 'Loose', '42.080', 'Ton', '42.080', 'Ton', 'To Pay', 16, NULL, 56, 'Delivered', 'Pending', NULL, NULL, NULL, NULL, 'Pending', 4, 3, '2025-11-04 13:53:21'),
(147, '02107', '2025-11-03', 116, 117, 0, NULL, NULL, 'BARJORA', 'GHAZIABAD', 9, '', 'Loose', '42.280', 'Ton', '42.280', 'Ton', 'To be Billed', 12, NULL, 57, 'In Transit', 'Pending', NULL, NULL, NULL, NULL, 'Pending', 4, 3, '2025-11-04 13:57:02'),
(148, '02108', '2025-11-04', 115, 112, 0, NULL, NULL, 'JAMURIA', 'GHAZIABAD', 5, '', 'Loose', '42.710', 'Ton', '42.710', 'Ton', 'To be Billed', 10, NULL, 58, 'Booked', 'Pending', NULL, NULL, NULL, NULL, 'Pending', 2, 3, '2025-11-04 15:06:19'),
(149, '02109', '2025-11-04', 113, 114, 0, NULL, NULL, 'BURNPUR', 'Bangalore', 10, '', 'Loose', '33.130', 'Ton', '33.130', 'Ton', 'To be Billed', 11, NULL, 60, 'Booked', 'Reverify', NULL, NULL, NULL, NULL, 'Pending', 2, 3, '2025-11-04 15:23:22'),
(150, '02110', '2025-11-04', 113, 114, 0, NULL, NULL, 'BURNPUR', 'Bangalore', 10, '', 'Loose', '33.180', 'Ton', '33.180', 'Ton', 'To be Billed', 11, NULL, 61, 'Booked', 'Reverify', NULL, NULL, NULL, NULL, 'Pending', 2, 3, '2025-11-04 15:29:50'),
(151, '02111', '2025-11-04', 113, 114, 0, NULL, NULL, 'BURNPUR', 'Bangalore', 10, '', 'Loose', '33.250', 'Ton', '33.250', 'Ton', 'To be Billed', 11, NULL, 62, 'Booked', 'Pending', NULL, NULL, NULL, NULL, 'Pending', 2, 3, '2025-11-04 15:38:48'),
(152, '03857', '2025-11-04', 62, 74, 0, NULL, NULL, 'Silchar', 'Kumarghat', 3, '1521', 'Cartons', 'FTL', '', 'FTL', '', 'To be Billed', 3, 4, 4, 'Completed', 'Done', 'uploads/pod/pod_152_1762413220.jpg', '', NULL, NULL, 'Pending', 3, 2, '2025-11-05 02:55:26'),
(153, '08254', '2025-11-04', 21, 25, 0, NULL, NULL, 'Guwahati', 'Santirbazar', 3, '1378', 'Cartons', 'FTL', '', 'FTL', '', 'To be Billed', 3, 6, 12, 'Completed', 'Done', 'uploads/pod/pod_153_1762859164.jpg', '', NULL, NULL, 'Pending', 3, 2, '2025-11-05 02:58:17'),
(154, '07665', '2025-11-05', 3, 15, 0, NULL, NULL, 'Choutaki', 'Tura', 1, '792/00', 'Cartons/Pieces', '8284.302', 'Kg', '8284.302', 'Kg', 'To be Billed', 3, 9, 9, 'Completed', 'Done', 'uploads/pod/pod_154_1762496203.jpg', '', NULL, NULL, 'Pending', 3, 2, '2025-11-05 12:06:36'),
(155, '02112', '2025-11-05', 113, 114, 0, NULL, NULL, 'BURNPUR', 'Bangalore', 10, '', 'Loose', '33.340', 'Ton', '33.340', 'Ton', 'To be Billed', 17, NULL, 63, 'Booked', 'Reverify', NULL, NULL, NULL, NULL, 'Pending', 2, 3, '2025-11-05 12:13:42'),
(156, '02113', '2025-11-05', 113, 114, 0, NULL, NULL, 'BURNPUR', 'Bangalore', 10, '', 'Loose', '32.760', 'Ton', '32.760', 'Ton', 'To be Billed', 11, NULL, 64, 'Booked', 'Reverify', NULL, NULL, NULL, NULL, 'Pending', 2, 3, '2025-11-05 12:20:56'),
(157, '03860', '2025-11-05', 1, 125, 0, NULL, NULL, 'Gauripur ', 'Tinsukia', 3, '1780', 'Cartons', 'FTL', '', 'FTL', '', 'To be Billed', 3, 5, 6, 'Completed', 'Done', 'uploads/pod/pod_157_1762930200.jpg', '', NULL, NULL, 'Pending', 3, 2, '2025-11-05 13:54:26'),
(158, '03859', '2025-11-05', 1, 102, 0, NULL, NULL, 'Gauripur ', 'Gohpur ', 3, '1670', 'Cartons', 'FTL', '', 'FTL', '', 'To be Billed', 3, NULL, 11, 'Completed', 'Done', 'uploads/pod/pod_158_1762496795.jpg', '', NULL, NULL, 'Pending', 3, 2, '2025-11-05 13:57:25'),
(159, '07666', '2025-11-05', 3, 13, 0, NULL, NULL, 'Choutaki', 'Tura', 1, '779/70', 'Cartons/Pieces', '8249.986', 'Kg', '8249.986', 'Kg', 'To be Billed', 3, 8, 8, 'Completed', 'Done', 'uploads/pod/pod_159_1762496235.jpg', '', NULL, NULL, 'Pending', 3, 2, '2025-11-05 14:06:29'),
(160, '03858', '2025-11-06', 1, 126, 0, NULL, NULL, 'Gauripur ', 'Kamalabari', 3, '1789', 'Cartons', 'FTL', '', 'FTL', '', 'To be Billed', 3, 11, 10, 'Completed', 'Done', 'uploads/pod/pod_160_1763121206.jpg', '', NULL, NULL, 'Pending', 3, 2, '2025-11-06 04:15:45'),
(161, '07667', '2025-11-06', 3, 91, 0, NULL, NULL, 'Choutaki', 'Lakhipur ', 1, '977/00', 'Cartons/Pieces', '9011.65', 'Kg', '9011.65', 'Kg', 'To be Billed', 4, NULL, 23, 'Completed', 'Done', 'uploads/pod/pod_161_1762500501.jpg', '', NULL, NULL, 'Pending', 3, 2, '2025-11-06 12:17:32'),
(162, '07668', '2025-11-06', 3, 8, 0, NULL, NULL, 'Choutaki', 'Barengapara', 1, '822/00', 'Cartons/Pieces', '8275.374', 'Kg', '8275.374', 'Kg', 'To be Billed', 3, 10, 5, 'Completed', 'Done', 'uploads/pod/pod_162_1762497258.jpg', '', NULL, NULL, 'Pending', 3, 2, '2025-11-06 12:30:04'),
(163, '02116', '2025-11-06', 113, 114, 0, NULL, NULL, 'BURNPUR', 'Bangalore', 10, '', 'Loose', '33.310', 'Ton', '33.310', 'Ton', 'To be Billed', 20, NULL, 65, 'Booked', 'Pending', NULL, NULL, NULL, NULL, 'Pending', 2, 3, '2025-11-06 12:57:57'),
(164, '02117', '2025-11-06', 113, 114, 0, NULL, NULL, 'BURNPUR', 'Bangalore', 10, '', 'Loose', '33.010', 'Ton', '33.010', 'Ton', 'To be Billed', 20, NULL, 66, 'Booked', 'Pending', NULL, NULL, NULL, NULL, 'Pending', 2, 3, '2025-11-06 13:04:07'),
(165, '02118', '2025-11-06', 113, 114, 0, NULL, NULL, 'BURNPUR', 'Bangalore', 10, '', 'Loose', '34.250', 'Ton', '34.250', 'Ton', 'To be Billed', 20, NULL, 67, 'Booked', 'Pending', NULL, NULL, NULL, NULL, 'Pending', 2, 3, '2025-11-06 13:24:36'),
(166, '02119', '2025-11-07', 113, 114, 0, NULL, NULL, 'BURNPUR', 'Bangalore', 10, '', 'Loose', '33.300', 'Ton', '33.300', 'Ton', 'To be Billed', 23, NULL, 68, 'Booked', 'Reverify', NULL, NULL, NULL, NULL, 'Pending', 2, 3, '2025-11-07 11:20:40'),
(167, '02120', '2025-11-07', 113, 114, 0, NULL, NULL, 'BURNPUR', 'Bangalore', 10, '', 'Loose', '33.310', 'Ton', '33.310', 'Ton', 'To be Billed', 11, NULL, 69, 'Booked', 'Reverify', NULL, NULL, NULL, NULL, 'Pending', 2, 3, '2025-11-07 11:28:41'),
(168, '02115', '2025-11-05', 116, 127, 0, NULL, NULL, 'BARJORA', 'BHIWADI', 5, '', 'Loose', '35.240', 'Ton', '35.240', 'Ton', 'To be Billed', 24, NULL, 70, 'Delivered', 'Pending', NULL, NULL, NULL, NULL, 'Pending', 2, 3, '2025-11-07 12:06:35'),
(169, '07669', '2025-11-07', 3, 72, 0, NULL, NULL, 'Choutaki', 'Sapatgaram ', 1, '1062/00', 'Cartons/Pieces', '9056.348', 'Kg', '9056.348', 'Kg', 'To be Billed', 4, NULL, 34, 'Completed', 'Done', 'uploads/pod/pod_169_1762581528.jpg', '', NULL, NULL, 'Pending', 3, 2, '2025-11-07 12:18:29'),
(170, '07670', '2025-11-07', 3, 65, 0, NULL, NULL, 'Choutaki', 'Srirampur ', 1, '1051/30', 'Cartons/Pieces', '11004.444', 'Kg', '11004.444', 'Kg', 'To be Billed', 4, NULL, 33, 'Completed', 'Done', 'uploads/pod/pod_170_1762581573.jpg', '', NULL, NULL, 'Pending', 3, 2, '2025-11-07 12:53:42'),
(171, '02121', '2025-11-07', 113, 114, 0, NULL, NULL, 'BURNPUR', 'Bangalore', 10, '', 'Loose', '34.350', 'Ton', '34.350', 'Ton', 'To be Billed', 23, NULL, 71, 'Booked', 'Pending', NULL, NULL, NULL, NULL, 'Pending', 2, 3, '2025-11-07 13:13:47'),
(172, '03861', '2025-11-07', 62, 37, 0, NULL, NULL, 'Silchar', 'Silchar', 3, '849', 'Cartons', 'FTL', '', 'FTL', '', 'To be Billed', 3, 4, 4, 'Completed', 'Done', 'uploads/pod/pod_172_1762595046.jpg', '', NULL, NULL, 'Pending', 3, 2, '2025-11-08 03:02:42'),
(173, '08255', '2025-11-07', 21, 40, 0, NULL, NULL, 'Guwahati', 'Silchar', 3, '1683', 'Cartons', 'FTL', '', 'FTL', '', 'To be Billed', 3, 1, 7, 'Completed', 'Done', 'uploads/pod/pod_173_1763107643.jpg', '', NULL, NULL, 'Pending', 3, 2, '2025-11-08 06:07:24'),
(174, '03862', '2025-11-07', 1, 128, 0, NULL, NULL, 'Guwahati', 'Ladrymbai ', 3, '1490', 'Cartons', 'FTL', '', 'FTL', '', 'To be Billed', 3, 3, 2, 'Completed', 'Done', 'uploads/pod/pod_174_1762769430.jpg', '', NULL, NULL, 'Pending', 8, 2, '2025-11-08 09:53:39'),
(175, '07671', '2025-11-08', 3, 11, 0, NULL, NULL, 'Choutaki', 'Tikrikilla', 1, '919/00', 'Cartons/Pieces', '8204.271', 'Kg', '8204.271', 'Kg', 'To be Billed', 3, 8, 8, 'Completed', 'Done', 'uploads/pod/pod_175_1762759858.jpg', '', NULL, NULL, 'Pending', 3, 2, '2025-11-08 10:36:55'),
(176, '07672', '2025-11-08', 3, 79, 0, NULL, NULL, 'Choutaki', 'Bilasipara', 1, '989/00', 'Cartons/Pieces', '9044.49', 'Kg', '9044.49', 'Kg', 'To be Billed', 4, NULL, 72, 'Completed', 'Done', 'uploads/pod/pod_176_1762759901.jpg', '', NULL, NULL, 'Pending', 8, 2, '2025-11-08 10:49:05'),
(177, '08256', '2025-11-08', 21, 58, 0, NULL, NULL, 'Guwahati', 'Aizawl', 2, '1418', 'Cartons', 'FTL', '', 'FTL', '', 'To be Billed', 25, NULL, 44, 'Completed', 'Done', 'uploads/pod/pod_177_1762931357.jpg', '', NULL, NULL, 'Pending', 8, 2, '2025-11-08 11:51:27'),
(178, '02122', '2025-11-07', 115, 112, 0, NULL, NULL, 'JAMURIA', 'GHAZIABAD', 5, '', 'Loose', '43.160', 'Ton', '43.160', 'Ton', 'To be Billed', 10, NULL, 73, 'Booked', 'Pending', NULL, NULL, NULL, NULL, 'Pending', 2, 3, '2025-11-08 12:14:43'),
(179, '02123', '2025-11-07', 115, 112, 0, NULL, NULL, 'JAMURIA', 'GHAZIABAD', 5, '', 'Loose', '42.650', 'Ton', '42.650', 'Ton', 'To be Billed', 10, NULL, 74, 'Booked', 'Reverify', NULL, NULL, NULL, NULL, 'Pending', 2, 3, '2025-11-08 12:17:31'),
(180, '07673', '2025-11-08', 3, 129, 0, NULL, NULL, 'Choutaki', 'Mendipathar', 1, '787/00', 'Cartons/Pieces', '8256.041', 'Kg', '8256.041', 'Kg', 'To be Billed', 3, 10, 5, 'Completed', 'Done', 'uploads/pod/pod_180_1762930931.jpg', '', NULL, NULL, 'Pending', 8, 2, '2025-11-08 12:38:18'),
(181, '02124', '2025-11-09', 113, 114, 0, NULL, NULL, 'BURNPUR', 'Bangalore', 10, '', 'Loose', '32.340', 'Ton', '32.340', 'Ton', 'To be Billed', 18, NULL, 75, 'Booked', 'Pending', NULL, NULL, NULL, NULL, 'Pending', 2, 3, '2025-11-09 13:40:06'),
(182, '02125', '2025-11-09', 113, 114, 0, NULL, NULL, 'BURNPUR', 'Bangalore', 10, '', 'Loose', '32.230', 'Ton', '32.230', 'Ton', 'To be Billed', 18, NULL, 76, 'Booked', 'Pending', NULL, NULL, NULL, NULL, 'Pending', 2, 3, '2025-11-09 13:50:45'),
(183, '03863', '2025-11-09', 62, 43, 0, NULL, NULL, 'Silchar', 'Vairengte', 3, '2265', 'Cartons', 'FTL', '', 'FTL', '', 'To be Billed', 3, 2, 1, 'Completed', 'Done', 'uploads/pod/pod_183_1762848388.jpg', '', NULL, NULL, 'Pending', 3, 2, '2025-11-10 02:56:41'),
(184, 'STC/UBPL/131', '2025-11-10', 67, 69, 0, NULL, NULL, 'Guwahati', 'Thimphu town ', 3, '370', 'Cartons', 'FTL', '', 'FTL', '', 'To be Billed', 6, NULL, 77, 'Completed', 'Done', 'uploads/pod/pod_184_1763014964.pdf', '', NULL, NULL, 'Pending', 3, 2, '2025-11-10 09:19:48'),
(185, 'STC/UBPL/132', '2025-11-10', 67, 85, 0, NULL, NULL, 'Guwahati', 'Siliguri', 3, '650', 'Cartons', 'FTL', '', 'FTL', '', 'To be Billed', 6, NULL, 78, 'Completed', 'Pending', 'uploads/pod/pod_185_1763015000.pdf', '', NULL, NULL, 'Pending', 3, 2, '2025-11-10 12:33:04'),
(186, '07674', '2025-11-10', 3, 70, 0, NULL, NULL, 'Choutaki', 'Tura', 1, '666/4', 'Cartons/Pieces', '8242.434', 'Kg', '8242.434', 'Kg', 'To be Billed', 3, 8, 8, 'Completed', 'Done', 'uploads/pod/pod_186_1762860435.jpg', '', NULL, NULL, 'Pending', 3, 2, '2025-11-10 13:06:48'),
(187, '07675', '2025-11-10', 3, 6, 0, NULL, NULL, 'Choutaki', 'Phulbari', 1, '907/00', 'Cartons/Pieces', '8262.538', 'Kg', '8262.538', 'Kg', 'To be Billed', 3, 10, 5, 'Completed', 'Done', 'uploads/pod/pod_187_1762931036.jpg', '', NULL, NULL, 'Pending', 3, 2, '2025-11-10 13:09:07'),
(188, '02126', '2025-11-10', 131, 112, 0, NULL, NULL, 'JAMURIA', 'GHAZIABAD', 13, '', 'Loose', '31.000', 'Ton', '31.000', 'Ton', 'To be Billed', 26, NULL, 79, 'Booked', 'Pending', NULL, NULL, NULL, NULL, 'Pending', 2, 3, '2025-11-10 13:58:37');
INSERT INTO `shipments` (`id`, `consignment_no`, `consignment_date`, `consignor_id`, `consignee_id`, `is_shipping_different`, `shipping_name`, `shipping_address`, `origin`, `destination`, `description_id`, `quantity`, `package_type`, `net_weight`, `net_weight_unit`, `chargeable_weight`, `chargeable_weight_unit`, `billing_type`, `broker_id`, `driver_id`, `vehicle_id`, `status`, `payment_entry_status`, `pod_doc_path`, `pod_remarks`, `reporting_datetime`, `delivery_datetime`, `vehicle_payment_status`, `created_by_id`, `branch_id`, `created_at`) VALUES
(189, '02127', '2025-11-10', 115, 112, 0, NULL, NULL, 'JAMURIA', 'GHAZIABAD', 5, '', 'Loose', '42.070', 'Ton', '42.070', 'Ton', 'To be Billed', 16, NULL, 80, 'Booked', 'Pending', NULL, NULL, NULL, NULL, 'Pending', 2, 3, '2025-11-10 14:02:27'),
(190, '02128', '2025-11-10', 116, 112, 0, NULL, NULL, 'BARJORA', 'GHAZIABAD', 5, '', 'Loose', '41.920', 'Ton', '41.920', 'Ton', 'To be Billed', 24, NULL, 81, 'Booked', 'Pending', NULL, NULL, NULL, NULL, 'Pending', 2, 3, '2025-11-10 14:55:57'),
(191, '02129', '2025-11-10', 113, 114, 0, NULL, NULL, 'BURNPUR', 'Bangalore', 10, '', 'Loose', '27.990/04.880', 'Ton', '32.870', 'Ton', 'To be Billed', 11, NULL, 82, 'Booked', 'Pending', NULL, NULL, NULL, NULL, 'Pending', 2, 3, '2025-11-10 15:11:07'),
(192, '03865', '2025-11-10', 62, 101, 0, NULL, NULL, 'Silchar', 'Hailakandi ', 3, '1309', 'Cartons', 'FTL', '', 'FTL', '', 'To be Billed', 3, 4, 4, 'Completed', 'Done', 'uploads/pod/pod_192_1762848451.jpg', '', NULL, NULL, 'Pending', 3, 2, '2025-11-10 16:44:46'),
(193, '08257', '2025-11-10', 21, 26, 0, NULL, NULL, 'Guwahati', 'Lunglei', 3, '1160', 'Cartons', 'FTL', '', 'FTL', '', 'To be Billed', 1, NULL, 24, 'Delivered', 'Done', NULL, NULL, NULL, NULL, 'Pending', 3, 2, '2025-11-10 16:50:16'),
(194, 'STC/UBPL/133', '2025-11-11', 67, 68, 0, NULL, NULL, 'Guwahati', 'Phuentsholing', 3, '824', 'Cartons', 'FTL', '', 'FTL', '', 'To be Billed', 3, 3, 2, 'Completed', 'Done', 'uploads/pod/pod_194_1767959821.jpg', '', NULL, NULL, 'Pending', 3, 2, '2025-11-11 10:10:38'),
(195, '07676', '2025-11-11', 3, 12, 0, NULL, NULL, 'Choutaki', 'Williamnagar', 1, '866/00', 'Cartons/Pieces', '8254.747', 'Kg', '8254.747', 'Kg', 'To be Billed', 3, 9, 9, 'Completed', 'Done', 'uploads/pod/pod_195_1762929874.jpg', '', NULL, NULL, 'Pending', 3, 2, '2025-11-11 10:20:44'),
(196, '02130', '2025-11-10', 115, 112, 0, NULL, NULL, 'JAMURIA', 'GHAZIABAD', 5, '', 'Loose', '41.260', 'Ton', '41.260', 'Ton', 'To be Billed', 16, NULL, 83, 'Booked', 'Pending', NULL, NULL, NULL, NULL, 'Pending', 2, 3, '2025-11-11 11:52:45'),
(197, '02131', '2025-11-10', 115, 112, 0, NULL, NULL, 'JAMURIA', 'GHAZIABAD', 5, '', 'Loose', '42.730', 'Ton', '42.730', 'Ton', 'To be Billed', 10, NULL, 86, 'Booked', 'Pending', NULL, NULL, NULL, NULL, 'Pending', 2, 3, '2025-11-11 12:03:30'),
(198, '07677', '2025-11-11', 3, 18, 0, NULL, NULL, 'Choutaki', 'Hatsingimari', 1, '939/00', 'Cartons/Pieces', '8221.124', 'Kg', '8221.124', 'Kg', 'To be Billed', 3, 10, 5, 'Completed', 'Done', 'uploads/pod/pod_198_1763015139.jpg', '', NULL, NULL, 'Pending', 3, 2, '2025-11-11 12:49:25'),
(199, '03866', '2025-11-11', 62, 132, 0, NULL, NULL, 'Silchar', 'Lawngtlai ', 3, '1337', 'Cartons', 'FTL', '', 'FTL', '', 'To be Billed', 3, 2, 1, 'Completed', 'Done', 'uploads/pod/pod_199_1763452140.jpg', '', NULL, NULL, 'Pending', 3, 2, '2025-11-11 13:03:50'),
(200, '02132', '2025-11-11', 133, 134, 0, NULL, NULL, 'Durgapur', 'BIHTA', 5, '', 'Loose', '0.500', 'Kg', '0.500', 'Kg', 'To be Billed', 29, NULL, 87, 'Booked', 'Pending', NULL, NULL, NULL, NULL, 'Pending', 2, 3, '2025-11-11 13:19:27'),
(201, '02133', '2025-11-11', 135, 134, 0, NULL, NULL, 'Durgapur', 'BIHTA', 5, '', 'Loose', '39.540', 'Ton', '39.540', 'Ton', 'To be Billed', 27, NULL, 87, 'Booked', 'Pending', NULL, NULL, NULL, NULL, 'Pending', 2, 3, '2025-11-11 13:25:17'),
(202, '08258', '2025-11-11', 21, 26, 0, NULL, NULL, 'Guwahati', 'Lunglei', 3, '1160', 'Cartons', 'FTL', '', 'FTL', '', 'To be Billed', 1, NULL, 88, 'Delivered', 'Done', NULL, NULL, NULL, NULL, 'Pending', 3, 2, '2025-11-11 14:09:39'),
(203, '03868', '2025-11-11', 1, 46, 0, NULL, NULL, 'Guwahati', 'Dibrugarh', 2, '1745', 'Cartons', 'FTL', '', 'FTL', '', 'To be Billed', 3, NULL, 11, 'Completed', 'Done', 'uploads/pod/pod_203_1763120699.jpg', '', NULL, NULL, 'Pending', 3, 2, '2025-11-11 17:20:54'),
(204, '07678', '2025-11-12', 3, 4, 0, NULL, NULL, 'Choutaki', 'Mankachar', 1, '915/00', 'Cartons/Pieces', '8289.31', 'Kg', '8289.31', 'Kg', 'To be Billed', 3, 9, 9, 'Completed', 'Done', 'uploads/pod/pod_204_1763033929.jpg', '', NULL, NULL, 'Pending', 8, 2, '2025-11-12 06:23:50'),
(205, '07679', '2025-11-12', 3, 5, 0, NULL, NULL, 'Choutaki', 'Tura', 1, '1062/5', 'Cartons/Pieces', '10741.821', 'Kg', '10741.821', 'Kg', 'To be Billed', 8, NULL, 28, 'Completed', 'Done', 'uploads/pod/pod_205_1763726521.jpg', '', NULL, NULL, 'Pending', 3, 2, '2025-11-12 10:37:03'),
(206, '07680', '2025-11-12', 3, 13, 0, NULL, NULL, 'Choutaki', 'Tura', 1, '1006/00', 'Cartons/Pieces', '10974.12', 'Kg', '10974.12', 'Kg', 'To be Billed', 8, NULL, 89, 'Completed', 'Done', 'uploads/pod/pod_206_1763102718.jpg', '', NULL, NULL, 'Pending', 8, 2, '2025-11-12 10:49:38'),
(207, '07681', '2025-11-12', 3, 76, 0, NULL, NULL, 'Choutaki', 'Dudhnoi', 1, '1005/00', 'Cartons/Pieces', '9042.38', 'Kg', '9042.38', 'Kg', 'To be Billed', 4, NULL, 23, 'Completed', 'Done', 'uploads/pod/pod_207_1763034394.jpg', '', NULL, NULL, 'Pending', 8, 2, '2025-11-12 11:48:05'),
(208, '07682', '2025-11-12', 3, 16, 0, NULL, NULL, 'Choutaki', 'Tura', 1, '771/54', 'Cartons/Pieces', '8261.89', 'Kg', '8261.89', 'Kg', 'To be Billed', 3, 8, 8, 'Completed', 'Done', 'uploads/pod/pod_208_1763102785.jpg', '', NULL, NULL, 'Pending', 3, 2, '2025-11-12 11:59:41'),
(209, '03870', '2025-11-12', 1, 136, 0, NULL, NULL, 'Guwahati', 'Doom Dooma', 3, '2252', 'Cartons', 'FTL', '', 'FTL', '', 'To be Billed', 3, 5, 6, 'Completed', 'Done', 'uploads/pod/pod_209_1763967415.jpg', '', NULL, NULL, 'Pending', 3, 2, '2025-11-12 15:04:09'),
(210, '03867', '2025-11-12', 62, 33, 0, NULL, NULL, 'Silchar', 'Dharmanagar', 3, '1466', 'Cartons', 'FTL', '', 'FTL', '', 'To be Billed', 3, 4, 4, 'Completed', 'Done', 'uploads/pod/pod_210_1763103822.jpg', '', NULL, NULL, 'Pending', 3, 2, '2025-11-13 04:13:37'),
(211, '03871', '2025-11-13', 62, 137, 0, NULL, NULL, 'Silchar', 'Borkhola ', 3, '635', 'Cartons', 'FTL', '', 'FTL', '', 'To be Billed', 3, 6, 12, 'Completed', 'Done', 'uploads/pod/pod_211_1763105298.jpg', '', NULL, NULL, 'Pending', 8, 2, '2025-11-13 11:10:19'),
(212, '07683', '2025-11-13', 3, 17, 0, NULL, NULL, 'Choutaki', 'Mahendraganj', 1, '838/00', 'Cartons/Pieces', '8254.13', 'Kg', '8254.13', 'Kg', 'To be Billed', 3, 9, 9, 'Completed', 'Done', 'uploads/pod/pod_212_1763113660.jpg', '', NULL, NULL, 'Pending', 8, 2, '2025-11-13 12:26:30'),
(213, '08259', '2025-11-13', 21, 75, 0, NULL, NULL, 'Guwahati', 'Karimganj', 3, '950', 'Cartons', 'FTL', '', 'FTL', '', 'To be Billed', 2, NULL, 90, 'Completed', 'Done', 'uploads/pod/pod_213_1763966933.jpg', '', NULL, NULL, 'Pending', 8, 2, '2025-11-13 12:49:48'),
(214, '08260', '2025-11-13', 21, 22, 0, NULL, NULL, 'Guwahati', 'Lunglei', 3, '1180', 'Cartons', 'FTL', '', 'FTL', '', 'To be Billed', 1, NULL, 40, 'Completed', 'Done', 'uploads/pod/pod_214_1764055596.jpg', '', NULL, NULL, 'Pending', 8, 2, '2025-11-13 13:36:34'),
(215, '02134', '2025-11-13', 116, 138, 0, NULL, NULL, 'BARJORA', 'GHAZIABAD', 5, '', 'Loose', '42.680', 'Ton', '42.680', 'Ton', 'To be Billed', 10, NULL, 91, 'Booked', 'Pending', NULL, NULL, NULL, NULL, 'Pending', 2, 3, '2025-11-13 15:01:04'),
(216, '02135', '2025-11-13', 115, 112, 0, NULL, NULL, 'JAMURIA', 'GHAZIABAD', 5, '', 'Loose', '43.200', 'Ton', '43.200', 'Ton', 'To be Billed', 10, NULL, 92, 'Booked', 'Pending', NULL, NULL, NULL, NULL, 'Pending', 2, 3, '2025-11-14 06:26:32'),
(217, '02136', '2025-11-13', 115, 112, 0, NULL, NULL, 'JAMURIA', 'GHAZIABAD', 5, '', 'Loose', '43.050', 'Ton', '43.050', 'Ton', 'To be Billed', 10, NULL, 93, 'Booked', 'Pending', NULL, NULL, NULL, NULL, 'Pending', 2, 3, '2025-11-14 06:31:10'),
(218, '03869', '2025-11-14', 62, 30, 0, NULL, NULL, 'Silchar', 'Katigorah', 3, '784', 'Cartons', 'FTL', '', 'FTL', '', 'To be Billed', 3, 1, 7, 'Completed', 'Done', 'uploads/pod/pod_218_1763967608.jpg', '', NULL, NULL, 'Pending', 3, 2, '2025-11-14 10:59:26'),
(219, '07684', '2025-11-14', 3, 4, 0, NULL, NULL, 'Choutaki', 'Mankachar', 1, '845/8', 'Cartons/Pieces', '8233.936', 'Kg', '8233.936', 'Kg', 'To be Billed', 3, NULL, 8, 'Completed', 'Done', 'uploads/pod/pod_219_1763372455.jpg', '', NULL, NULL, 'Pending', 3, 2, '2025-11-14 11:50:25'),
(220, '02114', '2025-11-05', 116, 117, 0, NULL, NULL, 'Durgapur', 'Bhopal', 5, '', 'Loose', '42.200', 'Ton', '42.200', 'Ton', 'To be Billed', 30, NULL, 94, 'Booked', 'Reverify', NULL, NULL, NULL, NULL, 'Pending', 2, 3, '2025-11-14 12:43:42'),
(221, '07685', '2025-11-14', 3, 65, 0, NULL, NULL, 'Choutaki', 'Srirampur ', 1, '2190/8', 'Cartons/Pieces', '22621.244', 'Kg', '22621.244', 'Kg', 'To be Billed', 4, NULL, 95, 'Completed', 'Done', 'uploads/pod/pod_221_1763190194.jpg', '', NULL, NULL, 'Pending', 3, 2, '2025-11-14 13:34:00'),
(222, '03873', '2025-11-14', 1, 102, 0, NULL, NULL, 'Guwahati', 'Gohpur ', 3, '1730', 'Cartons', 'FTL', '', 'FTL', '', 'To be Billed', 3, NULL, 11, 'Delivered', 'Done', NULL, NULL, NULL, NULL, 'Pending', 3, 2, '2025-11-14 14:16:22'),
(223, '08261', '2025-11-14', 21, 139, 0, NULL, NULL, 'Guwahati', 'AMBASSA', 3, '1519', 'Cartons', 'FTL', '', 'FTL', '', 'To be Billed', 1, NULL, 96, 'Completed', 'Done', 'uploads/pod/pod_223_1763459953.jpg', '', NULL, NULL, 'Pending', 3, 2, '2025-11-14 16:24:31'),
(224, '02137', '2025-11-14', 116, 140, 0, NULL, NULL, 'BARJORA', 'FARIDABAD', 5, '', 'Loose', '40.240', 'Ton', '40.240', 'Ton', 'To be Billed', 13, NULL, 97, 'Booked', 'Pending', NULL, NULL, NULL, NULL, 'Pending', 2, 3, '2025-11-15 07:27:33'),
(225, '03872', '2025-11-15', 62, 141, 0, NULL, NULL, 'Silchar', 'Lawngtlai ', 3, '1224', 'Cartons', 'FTL', '', 'FTL', '', 'To be Billed', 3, 2, 1, 'Completed', 'Done', 'uploads/pod/pod_225_1763720594.jpg', '', NULL, NULL, 'Pending', 8, 2, '2025-11-15 11:02:44'),
(226, '08262', '2025-11-15', 21, 26, 0, NULL, NULL, 'Guwahati', 'Lunglei', 3, '1130', 'Cartons', 'FTL', '', 'FTL', '', 'To be Billed', 25, NULL, 44, 'Completed', 'Done', 'uploads/pod/pod_226_1763704877.jpg', '', NULL, NULL, 'Pending', 3, 2, '2025-11-15 11:20:44'),
(227, '07686', '2025-11-15', 3, 142, 0, NULL, NULL, 'Choutaki', 'Dhupdhara', 1, '930/136', 'Cartons/Pieces', '8243.27', 'Kg', '8243.27', 'Kg', 'To be Billed', 3, 10, 5, 'Completed', 'Done', 'uploads/pod/pod_227_1763466874.jpg', '', NULL, NULL, 'Pending', 3, 2, '2025-11-15 12:33:08'),
(228, '07687', '2025-11-15', 3, 9, 0, NULL, NULL, 'Choutaki', 'Garobadha', 1, '951/00', 'Cartons/Pieces', '8211.98', 'Kg', '8211.98', 'Kg', 'To be Billed', 3, 8, 8, 'Completed', 'Done', 'uploads/pod/pod_228_1763372360.jpg', '', NULL, NULL, 'Pending', 3, 2, '2025-11-15 12:58:37'),
(229, '03874', '2025-11-15', 1, 31, 0, NULL, NULL, 'Gauripur ', 'Belonia', 3, '1353', 'Cartons', 'FTL', '', 'FTL', '', 'To be Billed', 31, NULL, 98, 'Completed', 'Done', 'uploads/pod/pod_229_1763717405.jpg', '', NULL, NULL, 'Pending', 8, 2, '2025-11-15 15:43:03'),
(230, '03876', '2025-11-15', 1, 73, 0, NULL, NULL, 'Gauripur ', 'Udaipur', 3, '1527', 'Cartons', 'FTL', '', 'FTL', '', 'To be Billed', 31, NULL, 101, 'Completed', 'Done', 'uploads/pod/pod_230_1764675614.jpg', '', NULL, NULL, 'Pending', 3, 2, '2025-11-15 15:52:44'),
(231, '03879', '2025-11-15', 1, 74, 0, NULL, NULL, 'Gauripur ', 'Kumarghat', 3, '1435', 'Cartons', 'FTL', '', 'FTL', '', 'To be Billed', 3, 6, 12, 'Completed', 'Done', 'uploads/pod/pod_231_1763968686.jpg', '', NULL, NULL, 'Pending', 3, 2, '2025-11-15 16:01:19'),
(232, '08263', '2025-11-15', 21, 22, 0, NULL, NULL, 'Guwahati', 'Lunglei', 3, '845', 'Cartons', 'FTL', '', 'FTL', '', 'To be Billed', 25, NULL, 41, 'Completed', 'Done', 'uploads/pod/pod_232_1763793542.jpg', '', NULL, NULL, 'Pending', 3, 2, '2025-11-15 16:32:42'),
(233, '03878', '2025-11-15', 1, 44, 0, NULL, NULL, 'Guwahati', 'Silchar', 3, '1287', 'Cartons', 'FTL', '', 'FTL', '', 'To be Billed', 3, 4, 4, 'Completed', 'Done', 'uploads/pod/pod_233_1763968892.jpg', '', NULL, NULL, 'Pending', 3, 2, '2025-11-15 18:20:03'),
(234, '03877', '2025-11-15', 1, 36, 0, NULL, NULL, 'Gauripur ', 'Silchar', 3, '1637', 'Cartons', 'FTL', '', 'FTL', '', 'To be Billed', 2, NULL, 102, 'Completed', 'Done', 'uploads/pod/pod_234_1766559170.jpg', '', NULL, NULL, 'Pending', 3, 2, '2025-11-15 18:22:53'),
(235, '08266', '2025-11-15', 21, 61, 0, NULL, NULL, 'Guwahati', 'Agartala', 3, '1420', 'Cartons', 'FTL', '', 'FTL', '', 'To be Billed', 3, 11, 10, 'Completed', 'Done', 'uploads/pod/pod_235_1764403287.jpg', '', NULL, NULL, 'Pending', 3, 2, '2025-11-16 05:35:59'),
(236, '08264', '2025-11-15', 21, 143, 0, NULL, NULL, 'Guwahati', 'Sabroom', 3, '1383', 'Cartons', 'FTL', '', 'FTL', '', 'To be Billed', 3, 5, 6, 'Completed', 'Done', 'uploads/pod/pod_236_1764403491.jpg', '', NULL, NULL, 'Pending', 3, 2, '2025-11-16 05:41:01'),
(237, '08265', '2025-11-15', 21, 73, 0, NULL, NULL, 'Guwahati', 'Udaipur', 3, '1500', 'Cartons', 'FTL', '', 'FTL', '', 'To be Billed', 3, 3, 2, 'Completed', 'Done', 'uploads/pod/pod_237_1764227388.jpg', '', NULL, NULL, 'Pending', 3, 2, '2025-11-16 06:20:13'),
(238, '02139', '2025-11-16', 115, 112, 0, NULL, NULL, 'JAMURIA', 'GHAZIABAD', 5, '', 'Loose', '42.580', 'Ton', '42.580', 'Ton', 'To be Billed', 10, NULL, 103, 'Booked', 'Pending', NULL, NULL, NULL, NULL, 'Pending', 2, 3, '2025-11-16 08:17:28'),
(239, '08267', '2025-11-17', 21, 75, 0, NULL, NULL, 'Guwahati', 'Karimganj', 3, '1081', 'Cartons', 'FTL', '', 'FTL', '', 'To be Billed', 2, NULL, 104, 'Completed', 'Done', 'uploads/pod/pod_239_1764568124.jpg', '', NULL, NULL, 'Pending', 8, 2, '2025-11-17 12:13:38'),
(240, '02138', '2025-11-15', 144, 145, 0, NULL, NULL, 'JAMURIA', 'DASNA', 5, '', 'Loose', '42.480', 'Ton', '42.480', 'Ton', 'To be Billed', 10, NULL, 105, 'Booked', 'Pending', NULL, NULL, NULL, NULL, 'Pending', 2, 3, '2025-11-17 12:36:32'),
(241, '02140', '2025-11-17', 115, 112, 0, NULL, NULL, 'JAMURIA', 'GHAZIABAD', 5, '', 'Loose', '42.780', 'Ton', '42.780', 'Ton', 'To be Billed', 10, NULL, 54, 'Booked', 'Pending', NULL, NULL, NULL, NULL, 'Pending', 2, 3, '2025-11-17 12:43:13'),
(242, '07688', '2025-11-17', 3, 6, 0, NULL, NULL, 'Choutaki', 'Phulbari', 1, '1128/36', 'Cartons/Pieces', '9876.748', 'Kg', '9876.748', 'Kg', 'To be Billed', 3, NULL, 107, 'Completed', 'Done', 'uploads/pod/pod_242_1763466627.jpg', '', NULL, NULL, 'Pending', 3, 2, '2025-11-17 13:27:36'),
(243, '07689', '2025-11-18', 3, 8, 0, NULL, NULL, 'Choutaki', 'Barengapara', 1, '769/20', 'Cartons/Pieces', '8276.661', 'Kg', '8276.661', 'Kg', 'To be Billed', 3, 8, 8, 'Completed', 'Done', 'uploads/pod/pod_243_1763624721.jpg', '', NULL, NULL, 'Pending', 3, 2, '2025-11-18 12:49:19'),
(244, '07690', '2025-11-18', 3, 4, 0, NULL, NULL, 'Choutaki', 'Mankachar', 1, '993/00', 'Cartons/Pieces', '9029.909', 'Kg', '9029.909', 'Kg', 'To be Billed', 3, NULL, 107, 'Completed', 'Done', 'uploads/pod/pod_244_1763537903.jpg', '', NULL, NULL, 'Pending', 3, 2, '2025-11-18 12:53:45'),
(245, '03880', '2025-11-18', 1, 146, 0, NULL, NULL, 'Guwahati', 'Dhemaji ', 3, '1783', 'Cartons', 'FTL', '', 'FTL', '', 'To be Billed', 3, 1, 7, 'Completed', 'Done', 'uploads/pod/pod_245_1763623696.jpg', '', NULL, NULL, 'Pending', 8, 2, '2025-11-18 13:19:07'),
(246, '07691', '2025-11-18', 3, 129, 0, NULL, NULL, 'Choutaki', 'Mendipathar', 1, '785/48', 'Cartons/Pieces', '8214.505', 'Kg', '8214.505', 'Kg', 'To be Billed', 3, 9, 9, 'Completed', 'Done', 'uploads/pod/pod_246_1763535639.jpg', '', NULL, NULL, 'Pending', 3, 2, '2025-11-18 13:49:37'),
(247, '08268', '2025-11-18', 21, 26, 0, NULL, NULL, 'Guwahati', 'Lunglei', 3, '1008', 'Cartons', 'FTL', '', 'FTL', '', 'To be Billed', 1, NULL, 108, 'Delivered', 'Done', NULL, NULL, NULL, NULL, 'Pending', 3, 2, '2025-11-19 02:29:25'),
(248, '03881', '2025-11-19', 1, 99, 0, NULL, NULL, 'Gauripur ', 'Baghmara', 3, '1574', 'Cartons', 'FTL', '', 'FTL', '', 'To be Billed', 7, NULL, 36, 'Completed', 'Done', 'uploads/pod/pod_248_1763816342.jpg', '', NULL, NULL, 'Pending', 3, 2, '2025-11-19 11:11:55'),
(249, '03882', '2025-11-19', 1, 48, 0, NULL, NULL, 'Gauripur ', 'Sibsagar', 3, '1636', 'Cartons', 'FTL', '', 'FTL', '', 'To be Billed', 3, NULL, 11, 'Delivered', 'Done', NULL, NULL, NULL, NULL, 'Pending', 3, 2, '2025-11-19 14:35:08'),
(250, '03883', '2025-11-19', 1, 46, 0, NULL, NULL, 'Gauripur ', 'Dibrugarh', 3, '1634', 'Cartons', 'FTL', '', 'FTL', '', 'To be Billed', 3, 10, 5, 'Completed', 'Done', 'uploads/pod/pod_250_1763967160.jpg', '', NULL, NULL, 'Pending', 3, 2, '2025-11-19 15:58:07'),
(251, '02141', '2025-11-18', 115, 112, 0, NULL, NULL, 'JAMURIA', 'GHAZIABAD', 5, '', 'Loose', '43.080', 'Ton', '43.080', 'Ton', 'To be Billed', 10, NULL, 109, 'Booked', 'Pending', NULL, NULL, NULL, NULL, 'Pending', 2, 3, '2025-11-20 07:12:41'),
(252, '02142', '2025-11-19', 115, 112, 0, NULL, NULL, 'JAMURIA', 'GHAZIABAD', 5, '', 'Loose', '43.050', 'Ton', '43.050', 'Ton', 'To be Billed', 10, NULL, 113, 'Booked', 'Pending', NULL, NULL, NULL, NULL, 'Pending', 2, 3, '2025-11-20 07:15:28'),
(253, '07692', '2025-11-20', 3, 15, 0, NULL, NULL, 'Choutaki', 'Tura', 1, '835', 'Cartons/Pieces', '8261.696', 'Kg', '8261.696', 'Kg', 'To be Billed', 3, 8, 8, 'Completed', 'Done', 'uploads/pod/pod_253_1763968363.jpg', '', NULL, NULL, 'Pending', 3, 2, '2025-11-20 10:21:55'),
(254, '02145', '2025-11-21', 130, 112, 0, NULL, NULL, 'JAMURIA', 'GHAZIABAD', 14, '', 'Loose', '30.120', 'Ton', '30.120', 'Ton', 'To be Billed', 26, NULL, 79, 'Booked', 'Pending', NULL, NULL, NULL, NULL, 'Pending', 2, 3, '2025-11-21 10:07:17'),
(255, '02144', '2025-11-20', 148, 150, 0, NULL, NULL, 'Durgapur', 'GHAZIABAD', 5, '', 'Loose', '41.900', 'Ton', '41.900', 'Ton', 'To be Billed', 18, NULL, 114, 'Booked', 'Pending', NULL, NULL, NULL, NULL, 'Pending', 2, 3, '2025-11-21 11:34:48'),
(256, '02143', '2025-11-19', 147, 151, 0, NULL, NULL, 'Durgapur', 'JAISALMER', 15, '', 'Loose', '38.320', 'Ton', '40.000', 'Ton', 'To be Billed', 32, NULL, 115, 'Booked', 'Pending', NULL, NULL, NULL, NULL, 'Pending', 2, 3, '2025-11-21 11:46:44'),
(257, '07693', '2025-11-21', 3, 16, 0, NULL, NULL, 'Choutaki', 'Tura', 1, '846/60', 'Cartons/Pieces', '8873.742', 'Kg', '8873.742', 'Kg', 'To be Billed', 3, NULL, 107, 'Completed', 'Done', 'uploads/pod/pod_257_1764052172.jpg', '', NULL, NULL, 'Pending', 3, 2, '2025-11-21 12:40:10'),
(258, '07694', '2025-11-21', 3, 6, 0, NULL, NULL, 'Choutaki', 'Phulbari', 1, '1000/36', 'Cartons/Pieces', '8214.428', 'Kg', '8214.428', 'Kg', 'To be Billed', 3, 9, 9, 'Delivered', 'Done', NULL, NULL, NULL, NULL, 'Pending', 3, 2, '2025-11-21 13:15:53'),
(259, '07695', '2025-11-22', 3, 12, 0, NULL, NULL, 'Choutaki', 'Williamnagar', 1, '800/00', 'Cartons/Pieces', '8269.928', 'Kg', '8269.928', 'Kg', 'To be Billed', 3, 9, 9, 'Completed', 'Done', 'uploads/pod/pod_259_1764070810.jpg', '', NULL, NULL, 'Pending', 3, 2, '2025-11-22 11:45:36'),
(260, '07696', '2025-11-22', 3, 65, 0, NULL, NULL, 'Choutaki', 'Srirampur ', 1, '1153/80', 'Cartons/Pieces', '11271.49', 'Kg', '11271.49', 'Kg', 'To be Billed', 4, NULL, 33, 'Completed', 'Done', 'uploads/pod/pod_260_1763969116.jpg', '', NULL, NULL, 'Pending', 3, 2, '2025-11-22 15:41:54'),
(261, '08269', '2025-11-22', 21, 105, 0, NULL, NULL, 'Guwahati', 'Nalchar ', 3, '1376', 'Cartons', 'FTL', '', 'FTL', '', 'To be Billed', 3, 2, 1, 'Completed', 'Done', 'uploads/pod/pod_261_1764157332.jpg', '', NULL, NULL, 'Pending', 3, 2, '2025-11-22 15:45:14'),
(262, '08271', '2025-11-22', 21, 73, 0, NULL, NULL, 'Guwahati', 'Udaipur', 3, '548', 'Cartons', 'FTL', '', 'FTL', '', 'To be Billed', 3, 1, 7, 'Completed', 'Done', 'uploads/pod/pod_262_1764157006.jpg', '', NULL, NULL, 'Pending', 3, 2, '2025-11-22 15:47:14'),
(263, '08273', '2025-11-22', 21, 59, 0, NULL, NULL, 'Guwahati', 'Aizawl', 3, '1327', 'Cartons', 'FTL', '', 'FTL', '', 'To be Billed', 25, NULL, 41, 'Completed', 'Done', 'uploads/pod/pod_263_1764222595.jpg', '', NULL, NULL, 'Pending', 3, 2, '2025-11-22 15:50:32'),
(264, '08272', '2025-11-22', 21, 39, 0, NULL, NULL, 'Guwahati', 'Karimganj', 3, '1522', 'Cartons', 'FTL', '', 'FTL', '', 'To be Billed', 3, 10, 5, 'Delivered', 'Done', NULL, NULL, NULL, NULL, 'Pending', 3, 2, '2025-11-22 15:53:41'),
(265, '08270', '2025-11-21', 21, 23, 0, NULL, NULL, 'Guwahati', 'Belonia', 3, '1550', 'Cartons', 'FTL', '', 'FTL', '', 'To be Billed', 3, 1, 7, 'Completed', 'Done', 'uploads/pod/pod_265_1766392446.jpg', '', NULL, NULL, 'Pending', 3, 2, '2025-11-24 03:44:26'),
(266, '02146', '2025-11-21', 115, 112, 0, NULL, NULL, 'JAMURIA', 'GHAZIABAD', 5, '', 'Loose', '43.170', 'Ton', '43.170', 'Ton', 'To be Billed', 10, NULL, 116, 'Booked', 'Pending', NULL, NULL, NULL, NULL, 'Pending', 2, 3, '2025-11-24 07:38:33'),
(267, '02147', '2025-11-22', 115, 112, 0, NULL, NULL, 'JAMURIA', 'GHAZIABAD', 5, '', 'Loose', '42.590', 'Ton', '42.590', 'Ton', 'To be Billed', 10, NULL, 117, 'Booked', 'Pending', NULL, NULL, NULL, NULL, 'Pending', 2, 3, '2025-11-24 07:45:54'),
(268, '02148', '2025-11-22', 116, 152, 0, NULL, NULL, 'BARJORA', 'GHAZIABAD', 5, '', 'Loose', '43.200', 'Ton', '43.200', 'Ton', 'To be Billed', 10, NULL, 118, 'Booked', 'Pending', NULL, NULL, NULL, NULL, 'Pending', 2, 3, '2025-11-24 07:51:31'),
(269, '02149', '2025-11-23', 115, 112, 0, NULL, NULL, 'JAMURIA', 'GHAZIABAD', 5, '', 'Loose', '43.560', 'Ton', '43.560', 'Ton', 'To be Billed', 10, NULL, 119, 'Booked', 'Pending', NULL, NULL, NULL, NULL, 'Pending', 2, 3, '2025-11-24 07:55:47'),
(270, '02150', '2025-11-23', 116, 118, 0, NULL, NULL, 'BARJORA', 'FARIDABAD', 8, '', 'Loose', '41.600', 'Ton', '41.600', 'Ton', 'To be Billed', 32, NULL, 120, 'Booked', 'Pending', NULL, NULL, NULL, NULL, 'Pending', 2, 3, '2025-11-24 07:58:50'),
(271, '03884', '2025-11-24', 1, 82, 0, NULL, NULL, 'Gauripur ', 'Williamnagar', 3, '1580', 'Cartons', 'FTL', '', 'FTL', '', 'To be Billed', 7, NULL, 36, 'Completed', 'Done', 'uploads/pod/pod_271_1764228070.jpg', '', NULL, NULL, 'Pending', 8, 2, '2025-11-24 10:39:08'),
(272, '07697', '2025-11-24', 3, 154, 0, NULL, NULL, 'Choutaki', 'Bijni', 3, '1455/00', 'Cartons/Pieces', '11933.45', 'Kg', '11933.45', 'Kg', 'To be Billed', 4, NULL, 14, 'Completed', 'Done', 'uploads/pod/pod_272_1764228697.jpg', '', NULL, NULL, 'Pending', 3, 2, '2025-11-24 11:27:14'),
(273, '07698', '2025-11-24', 3, 4, 0, NULL, NULL, 'Choutaki', 'Mankachar', 1, '880/45', 'Cartons/Pieces', '8249.444', 'Kg', '8249.444', 'Kg', 'To be Billed', 3, 8, 8, 'Completed', 'Done', 'uploads/pod/pod_273_1764222495.jpg', '', NULL, NULL, 'Pending', 3, 2, '2025-11-24 12:23:33'),
(274, '07699', '2025-11-24', 3, 13, 0, NULL, NULL, 'Choutaki', 'Tura', 1, '756/00', 'Cartons/Pieces', '8254.788', 'Kg', '8254.788', 'Kg', 'To be Billed', 3, 9, 9, 'Completed', 'Done', 'uploads/pod/pod_274_1764072789.jpg', '', NULL, NULL, 'Pending', 3, 2, '2025-11-24 13:41:14'),
(275, '07700', '2025-11-24', 3, 11, 0, NULL, NULL, 'Choutaki', 'Tikrikilla', 1, '1045/335', 'Cartons/Pieces', '9017.929', 'Kg', '9017.929', 'Kg', 'To be Billed', 3, NULL, 107, 'Completed', 'Done', 'uploads/pod/pod_275_1764055292.jpg', '', NULL, NULL, 'Pending', 3, 2, '2025-11-24 13:43:31'),
(276, '08274', '2025-11-24', 21, 22, 0, NULL, NULL, 'Guwahati', 'Lunglei', 3, '1200', 'Cartons', 'FTL', '', 'FTL', '', 'To be Billed', 3, 4, 4, 'Delivered', 'Done', NULL, NULL, NULL, NULL, 'Pending', 3, 2, '2025-11-24 16:00:59'),
(277, '03885', '2025-11-24', 62, 155, 0, NULL, NULL, 'Silchar', 'Badarpur', 3, '1276', 'Cartons', 'FTL', '', 'FTL', '', 'To be Billed', 3, 6, 12, 'Completed', 'Done', 'uploads/pod/pod_277_1764073030.jpg', '', NULL, NULL, 'Pending', 3, 2, '2025-11-24 17:58:49'),
(278, '07701', '2025-11-25', 3, 5, 0, NULL, NULL, 'Choutaki', 'Tura', 1, '864', 'Cartons/Pieces', '9116.77', 'Kg', '9116.77', 'Kg', 'To be Billed', 3, NULL, 107, 'Completed', 'Done', 'uploads/pod/pod_278_1764228605.jpg', '', NULL, NULL, 'Pending', 3, 2, '2025-11-25 11:24:42'),
(279, '07702', '2025-11-25', 3, 18, 0, NULL, NULL, 'Choutaki', 'Hatsingimari', 1, '908/00', 'Cartons/Pieces', '8230.14', 'Kg', '8230.14', 'Kg', 'To be Billed', 3, 8, 8, 'Completed', 'Done', 'uploads/pod/pod_279_1764222448.jpg', '', NULL, NULL, 'Pending', 3, 2, '2025-11-25 12:46:42'),
(280, '07703', '2025-11-25', 3, 79, 0, NULL, NULL, 'Choutaki', 'Bilasipara', 1, '1051/00', 'Cartons/Pieces', '9042.177', 'Kg', '9042.177', 'Kg', 'To be Billed', 4, NULL, 121, 'Completed', 'Done', 'uploads/pod/pod_280_1764154891.jpg', '', NULL, NULL, 'Pending', 3, 2, '2025-11-25 13:53:17'),
(281, '03886', '2025-11-25', 62, 98, 0, NULL, NULL, 'Silchar', 'Abdullapur ', 3, '1518', 'Cartons', 'FTL', '', 'FTL', '', 'To be Billed', 3, 3, 2, 'Completed', 'Done', 'uploads/pod/pod_281_1764247335.jpg', '', NULL, NULL, 'Pending', 3, 2, '2025-11-26 02:52:13'),
(282, '08275', '2025-11-26', 21, 42, 0, NULL, NULL, 'Guwahati', 'Silchar', 3, '1170', 'Cartons/Pieces', 'FTL', '', 'FTL', '', 'To be Billed', 2, NULL, 122, 'Completed', 'Done', 'uploads/pod/pod_282_1764400015.jpg', '', NULL, NULL, 'Pending', 8, 2, '2025-11-26 10:46:19'),
(283, '07704', '2025-11-26', 3, 104, 0, NULL, NULL, 'Choutaki', 'Mankachar', 1, '744/47', 'Cartons/Pieces', '8299.428', 'Kg', '8299.428', 'Kg', 'To be Billed', 3, 9, 9, 'Completed', 'Done', 'uploads/pod/pod_283_1764313231.jpg', '', NULL, NULL, 'Pending', 3, 2, '2025-11-26 12:07:01'),
(284, '03888', '2025-11-26', 62, 58, 0, NULL, NULL, 'Silchar', 'Aizawl', 3, '1507', 'Cartons/Pieces', 'FTL', '', '', 'Kg', 'To be Billed', 3, 3, 2, 'Completed', 'Done', 'uploads/pod/pod_284_1764399085.jpg', '', NULL, NULL, 'Pending', 8, 2, '2025-11-26 14:10:39'),
(285, '03890', '2025-11-26', 1, 48, 0, NULL, NULL, 'Guwahati', 'Sibsagar', 3, '1640', 'Cartons', 'FTL', '', 'FTL', '', 'To be Billed', 3, NULL, 11, 'Delivered', 'Done', NULL, NULL, NULL, NULL, 'Pending', 3, 2, '2025-11-26 16:46:44'),
(286, '03887', '2025-11-26', 1, 66, 0, NULL, NULL, 'Guwahati', 'Lad Rymbai', 3, '1380', 'Cartons', 'FTL', '', 'FTL', '', 'To be Billed', 3, 5, 6, 'Completed', 'Done', 'uploads/pod/pod_286_1764403991.jpg', '', NULL, NULL, 'Pending', 3, 2, '2025-11-26 16:48:35'),
(287, '02152', '2025-11-26', 115, 112, 0, NULL, NULL, 'JAMURIA', 'GHAZIABAD', 5, '', 'Loose', '42.820', 'Ton', '42.820', 'Ton', 'To be Billed', 10, NULL, 123, 'Booked', 'Pending', NULL, NULL, NULL, NULL, 'Pending', 2, 3, '2025-11-27 05:20:14'),
(288, '07705', '2025-11-27', 3, 15, 0, NULL, NULL, 'Choutaki', 'Tura', 1, '833/00', 'Cartons/Pieces', '8238.5', 'Kg', '8238.5', 'Kg', 'To be Billed', 3, 8, 8, 'Completed', 'Done', 'uploads/pod/pod_288_1764398544.jpg', '', NULL, NULL, 'Pending', 3, 2, '2025-11-27 10:46:19'),
(289, '07706', '2025-11-27', 3, 17, 0, NULL, NULL, 'Choutaki', 'Mahendraganj', 1, '1158/00', 'Cartons/Pieces', '10040.55', 'Kg', '10040.55', 'Kg', 'To be Billed', 3, NULL, 107, 'Completed', 'Done', 'uploads/pod/pod_289_1764316413.jpg', '', NULL, NULL, 'Pending', 3, 2, '2025-11-27 12:14:21'),
(290, '03889', '2025-11-27', 62, 31, 0, NULL, NULL, 'Silchar', 'Belonia', 3, '1348', 'Cartons', 'FTL', '', 'FTL', '', 'To be Billed', 3, 6, 12, 'Completed', 'Done', 'uploads/pod/pod_290_1764572938.jpg', '', NULL, NULL, 'Pending', 3, 2, '2025-11-27 15:06:33'),
(291, '03891', '2025-11-28', 1, 47, 0, NULL, NULL, 'Guwahati', 'Dibrugarh', 3, '1594', 'Cartons', 'FTL', '', 'FTL', '', 'To be Billed', 3, 10, 5, 'Delivered', 'Done', NULL, NULL, NULL, NULL, 'Pending', 8, 2, '2025-11-28 12:43:28'),
(292, '08277', '2025-11-28', 21, 22, 0, NULL, NULL, 'Guwahati', 'Lunglei', 3, '1130', 'Cartons', 'FTL', '', 'FTL', '', 'To be Billed', 1, NULL, 88, 'Completed', 'Done', 'uploads/pod/pod_292_1764915629.jpg', '', NULL, NULL, 'Pending', 8, 2, '2025-11-28 12:58:21'),
(293, '08276', '2025-11-28', 21, 156, 0, NULL, NULL, 'Guwahati', 'Gandacherra ', 3, '1316', 'Cartons', 'FTL', '', 'FTL', '', 'To be Billed', 9, NULL, 39, 'Completed', 'Done', 'uploads/pod/pod_293_1765004927.jpg', '', NULL, NULL, 'Pending', 3, 2, '2025-11-29 04:06:24'),
(294, '07707', '2025-11-29', 3, 157, 0, NULL, NULL, 'Choutaki', 'Baghmara', 1, '1032/8', 'Cartons/Pieces', '9984.715', 'Kg', '9984.715', 'Kg', 'To be Billed', 3, NULL, 124, 'Delivered', 'Done', NULL, NULL, NULL, NULL, 'Pending', 3, 2, '2025-11-29 10:54:50'),
(295, '07708', '2025-11-29', 3, 4, 0, NULL, NULL, 'Choutaki', 'Mankachar', 1, '445', 'Cartons', '5711.950', 'Kg', '9000.000', 'Kg', 'To be Billed', 3, NULL, 107, 'Completed', 'Done', 'uploads/pod/pod_295_1765788267.jpg', '', NULL, NULL, 'Pending', 8, 2, '2025-11-29 12:02:33'),
(296, '07709', '2025-11-29', 3, 7, 0, NULL, NULL, 'Choutaki', 'Rongram', 1, '894', 'Cartons', '8216.18', 'Kg', '8216.18', 'Kg', 'To be Billed', 3, 9, 9, 'Completed', 'Done', 'uploads/pod/pod_296_1764570619.jpg', '', NULL, NULL, 'Pending', 8, 2, '2025-11-29 12:56:00'),
(297, '07710', '2025-11-29', 3, 6, 0, NULL, NULL, 'Choutaki', 'Phulbari', 1, '1025/00', 'Cartons/Pieces', '8203.922', 'Kg', '8203.922', 'Kg', 'To be Billed', 3, 8, 8, 'Delivered', 'Done', NULL, NULL, NULL, NULL, 'Pending', 3, 2, '2025-11-29 13:49:52'),
(298, '02151', '2025-11-25', 158, 159, 0, NULL, NULL, 'Durgapur', 'GORAKHPUR', 16, '', 'Loose', '41.640', 'Ton', '41.640', 'Ton', 'To be Billed', 33, NULL, 125, 'Booked', 'Pending', NULL, NULL, NULL, NULL, 'Pending', 2, 3, '2025-11-29 14:35:47'),
(299, '08278', '2025-11-29', 21, 57, 0, NULL, NULL, 'Guwahati', 'Khowai', 3, '1470', 'Cartons', 'FTL', '', 'FTL', '', 'To be Billed', 3, 2, 1, 'Completed', 'Done', 'uploads/pod/pod_299_1765004802.jpg', '', NULL, NULL, 'Pending', 3, 2, '2025-11-29 14:54:30'),
(300, '08279', '2025-11-29', 21, 160, 0, NULL, NULL, 'Guwahati', 'Kumarghat', 3, '1442', 'Cartons', 'FTL', '', 'FTL', '', 'To be Billed', 3, 5, 6, 'Completed', 'Done', 'uploads/pod/pod_300_1768284724.jpg', '', NULL, NULL, 'Pending', 3, 2, '2025-11-29 14:59:26'),
(301, '08280', '2025-11-29', 21, 161, 0, NULL, NULL, 'Guwahati', 'BANSKANDI', 3, '1557', 'Cartons', 'FTL', '', 'FTL', '', 'To be Billed', 3, 11, 10, 'Completed', 'Done', 'uploads/pod/pod_301_1764675118.jpg', '', NULL, NULL, 'Pending', 3, 2, '2025-11-29 15:07:51'),
(302, '03892', '2025-11-29', 1, 162, 0, NULL, NULL, 'Gauripur ', 'Tura', 3, '1607', 'Cartons', 'FTL', '', 'FTL', '', 'To be Billed', 7, NULL, 126, 'Delivered', 'Done', NULL, NULL, NULL, NULL, 'Pending', 3, 2, '2025-11-29 15:23:12'),
(303, '07711', '2025-11-29', 3, 91, 0, NULL, NULL, 'Choutaki', 'Lakhipur ', 1, '1092/00', 'Cartons/Pieces', '9133.04', 'Kg', '9133.04', 'Kg', 'To be Billed', 4, NULL, 23, 'Completed', 'Done', 'uploads/pod/pod_303_1764583872.jpg', '', NULL, NULL, 'Pending', 3, 2, '2025-11-29 15:35:25'),
(304, '07712', '2025-11-30', 3, 78, 0, NULL, NULL, 'Choutaki', 'Bongaigaon', 1, '869/00', 'Cartons/Pieces', '9005.635', 'Kg', '9005.635', 'Kg', 'To be Billed', 4, NULL, 127, 'Completed', 'Done', 'uploads/pod/pod_304_1764657279.jpg', '', NULL, NULL, 'Pending', 3, 2, '2025-11-30 07:18:12'),
(305, '07713', '2025-11-30', 3, 65, 0, NULL, NULL, 'Choutaki', 'Srirampur ', 1, '866/00', 'Cartons/Pieces', '9033.866', 'Kg', '9033.866', 'Kg', 'To be Billed', 4, NULL, 33, 'Completed', 'Done', 'uploads/pod/pod_305_1764583723.jpg', '', NULL, NULL, 'Pending', 3, 2, '2025-11-30 07:20:13'),
(306, '07714', '2025-11-30', 3, 16, 0, NULL, NULL, 'Choutaki', 'Tura', 1, '804/00', 'Cartons/Pieces', '8260.046', 'Kg', '8260.046', 'Kg', 'To be Billed', 3, 9, 9, 'Completed', 'Done', 'uploads/pod/pod_306_1765348728.jpg', '', NULL, NULL, 'Pending', 3, 2, '2025-11-30 10:34:34'),
(307, '07715', '2025-11-30', 3, 9, 0, NULL, NULL, 'Choutaki', 'Garobadha', 1, '954/00', 'Cartons/Pieces', '8208.466', 'Kg', '8208.466', 'Kg', 'To be Billed', 3, 8, 8, 'Completed', 'Done', 'uploads/pod/pod_307_1764834120.jpg', '', NULL, NULL, 'Pending', 3, 2, '2025-11-30 11:31:09'),
(308, '02154', '2025-11-30', 115, 112, 0, NULL, NULL, 'JAMURIA', 'GHAZIABAD', 5, '', 'Loose', '43.080', 'Ton', '43.080', 'Ton', 'To be Billed', 10, NULL, 113, 'Booked', 'Reverify', NULL, NULL, NULL, NULL, 'Pending', 2, 3, '2025-11-30 15:47:15'),
(309, '03893', '2025-11-30', 62, 90, 0, NULL, NULL, 'Silchar', 'Champaknagar', 3, '1290', 'Cartons', 'FTL', '', 'FTL', '', 'To be Billed', 3, 1, 7, 'Completed', 'Done', 'uploads/pod/pod_309_1764833104.jpg', '', NULL, NULL, 'Pending', 8, 2, '2025-12-01 07:29:33'),
(310, '07716', '2025-12-01', 3, 88, 0, NULL, NULL, 'Choutaki', 'Sapatgaram ', 1, '724/00', 'Cartons/Pieces', '9059.954', 'Kg', '9059.954', 'Kg', 'To be Billed', 4, NULL, 128, 'Completed', 'Done', 'uploads/pod/pod_310_1764658898.jpg', '', NULL, NULL, 'Pending', 3, 2, '2025-12-01 11:35:06'),
(311, '02153', '2025-11-29', 116, 121, 0, NULL, NULL, 'BARJORA', 'FARIDABAD', 5, '', 'Loose', '40.220', 'Ton', '40.220', 'Ton', 'To be Billed', 13, NULL, 129, 'Booked', 'Pending', NULL, NULL, NULL, NULL, 'Pending', 2, 3, '2025-12-01 11:44:37'),
(312, '02155', '2025-12-01', 115, 112, 0, NULL, NULL, 'JAMURIA', 'GHAZIABAD', 5, '', 'Loose', '42.240', 'Ton', '42.240', 'Ton', 'To be Billed', 16, NULL, 130, 'Booked', 'Pending', NULL, NULL, NULL, NULL, 'Pending', 2, 3, '2025-12-02 05:26:28'),
(313, '07717', '2025-12-02', 3, 18, 0, NULL, NULL, 'Choutaki', 'Hatsingimari', 1, '983/00', 'Cartons/Pieces', '8279.408', 'Kg', '8279.408', 'Kg', 'To be Billed', 3, 8, 8, 'Completed', 'Done', 'uploads/pod/pod_313_1765348221.jpg', '', NULL, NULL, 'Pending', 3, 2, '2025-12-02 10:54:27'),
(314, '07718', '2025-12-02', 3, 4, 0, NULL, NULL, 'Choutaki', 'Mankachar', 1, '867/00', 'Cartons/Pieces', '8286.97', 'Kg', '8286.97', 'Kg', 'To be Billed', 3, 9, 9, 'Completed', 'Done', 'uploads/pod/pod_314_1764834267.jpg', '', NULL, NULL, 'Pending', 3, 2, '2025-12-02 12:03:15'),
(315, '07719', '2025-11-30', 3, 13, 0, NULL, NULL, 'Choutaki', 'Tura', 1, '705/00', 'Cartons/Pieces', '6845.94', 'Kg', '6845.94', 'Kg', 'To be Billed', 8, NULL, 132, 'Completed', 'Done', 'uploads/pod/pod_315_1764834647.jpg', '', NULL, NULL, 'Pending', 3, 2, '2025-12-02 12:19:40'),
(316, '07720', '2025-11-30', 3, 5, 0, NULL, NULL, 'Choutaki', 'Tura', 1, '336/00', 'Cartons/Pieces', '3990.608', 'Kg', '3990.608', 'Kg', 'To be Billed', 8, NULL, 132, 'Completed', 'Done', 'uploads/pod/pod_316_1764834685.jpg', '', NULL, NULL, 'Pending', 3, 2, '2025-12-02 12:23:31'),
(317, '03894', '2025-12-02', 62, 43, 0, NULL, NULL, 'Silchar', 'Vairengte', 3, '1034', 'Cartons', 'FTL', '', 'FTL', '', 'To be Billed', 3, 1, 7, 'Completed', 'Done', 'uploads/pod/pod_317_1764833892.jpg', '', NULL, NULL, 'Pending', 3, 2, '2025-12-03 06:27:02'),
(318, '02156', '2025-12-02', 163, 112, 0, NULL, NULL, 'JAMURIA', 'GHAZIABAD', 5, '', 'Loose', '40.770', 'Ton', '40.770', 'Ton', 'To be Billed', 16, NULL, 133, 'Booked', 'Pending', NULL, NULL, NULL, NULL, 'Pending', 2, 3, '2025-12-03 07:51:26'),
(319, '07724', '2025-12-03', 3, 12, 0, NULL, NULL, 'Choutaki', 'Williamnagar', 1, '828/00', 'Cartons/Pieces', '8269.496', 'Kg', '8269.496', 'Kg', 'To be Billed', 3, 9, 9, 'Completed', 'Done', 'uploads/pod/pod_319_1765348122.jpg', '', NULL, NULL, 'Pending', 3, 2, '2025-12-03 12:22:15'),
(320, '02157', '2025-12-03', 148, 117, 0, NULL, NULL, 'Durgapur', 'GHAZIABAD', 5, '', 'Loose', '41.910', 'Ton', '41.910', 'Ton', 'To be Billed', 13, NULL, 134, 'Booked', 'Pending', NULL, NULL, NULL, NULL, 'Pending', 2, 3, '2025-12-04 07:37:32'),
(321, '03895', '2025-12-04', 62, 36, 0, NULL, NULL, 'Silchar', 'Silchar', 3, '1287', 'Cartons', 'FTL', '', 'FTL', '', 'To be Billed', 3, 1, 7, 'Delivered', 'Done', NULL, NULL, NULL, NULL, 'Pending', 3, 2, '2025-12-05 03:13:30'),
(322, '08281', '2025-12-04', 21, 22, 0, NULL, NULL, 'Guwahati', 'Lunglei', 3, '1263', 'Cartons', 'FTL', '', 'FTL', '', 'To be Billed', 3, 6, 12, 'Completed', 'Done', 'uploads/pod/pod_322_1765611415.jpg', '', NULL, NULL, 'Pending', 3, 2, '2025-12-05 03:19:22'),
(323, '08282', '2025-12-04', 21, 58, 0, NULL, NULL, 'Guwahati', 'Aizawl', 3, '1400', 'Cartons', 'FTL', '', 'FTL', '', 'To be Billed', 3, 4, 4, 'Completed', 'Done', 'uploads/pod/pod_323_1765781702.jpg', '', NULL, NULL, 'Pending', 3, 2, '2025-12-05 05:48:02'),
(324, '07725', '2025-12-05', 3, 6, 0, NULL, NULL, 'Choutaki', 'Phulbari', 1, '981/9', 'Cartons/Pieces', '9071.568', 'Kg', '9071.568', 'Kg', 'To be Billed', 3, NULL, 107, 'Completed', 'Done', 'uploads/pod/pod_324_1765349014.jpg', '', NULL, NULL, 'Pending', 3, 2, '2025-12-05 11:08:23'),
(325, '07726', '2025-12-05', 3, 18, 0, NULL, NULL, 'Choutaki', 'Hatsingimari', 1, '896/00', 'Cartons/Pieces', '8252.45', 'Kg', '8252.45', 'Kg', 'To be Billed', 3, 8, 8, 'Completed', 'Done', 'uploads/pod/pod_325_1765348337.jpg', '', NULL, NULL, 'Pending', 3, 2, '2025-12-05 11:34:25'),
(326, '08283', '2025-12-05', 21, 75, 0, NULL, NULL, 'Guwahati', 'Karimganj', 3, '878', 'Cartons', 'FTL', '', 'FTL', '', 'To be Billed', 3, 10, 5, 'Completed', 'Done', 'uploads/pod/pod_326_1765348902.jpg', '', NULL, NULL, 'Pending', 8, 2, '2025-12-05 11:50:47'),
(327, '02159', '2025-12-05', 115, 112, 0, NULL, NULL, 'JAMURIA', 'GHAZIABAD', 5, '', 'Loose', '43.920', 'Ton', '43.920', 'Ton', 'To be Billed', 10, NULL, 136, 'Booked', 'Pending', NULL, NULL, NULL, NULL, 'Pending', 2, 3, '2025-12-05 16:37:29'),
(328, '02158', '2025-12-05', 115, 112, 0, NULL, NULL, 'JAMURIA', 'GHAZIABAD', 5, '', 'Loose', '43.650', 'Ton', '43.650', 'Ton', 'To be Billed', 10, NULL, 137, 'Booked', 'Pending', NULL, NULL, NULL, NULL, 'Pending', 2, 3, '2025-12-06 14:07:58'),
(329, 'STC/UBPL/134', '2025-12-08', 67, 68, 0, NULL, NULL, 'Guwahati', 'Phuentsholing', 3, '570', 'Cartons', 'FTL', '', 'FTL', '', 'To be Billed', 5, NULL, 138, 'Delivered', 'Pending', NULL, NULL, NULL, NULL, 'Pending', 3, 2, '2025-12-08 08:30:13'),
(330, '07727', '2025-12-08', 3, 13, 0, NULL, NULL, 'Choutaki', 'Tura', 1, '964/00', 'Cartons/Pieces', '10043.885', 'Kg', '10043.885', 'Kg', 'To be Billed', 3, NULL, 107, 'Completed', 'Done', 'uploads/pod/pod_330_1765781582.jpg', '', NULL, NULL, 'Pending', 3, 2, '2025-12-08 12:04:53'),
(331, '07728', '2025-12-08', 3, 16, 0, NULL, NULL, 'Choutaki', 'Tura', 1, '777/22', 'Cartons/Pieces', '8270.922', 'Kg', '8270.922', 'Kg', 'To be Billed', 3, 9, 9, 'Completed', 'Done', 'uploads/pod/pod_331_1765348647.jpg', '', NULL, NULL, 'Pending', 3, 2, '2025-12-08 12:20:51'),
(332, '07729', '2025-12-08', 3, 70, 0, NULL, NULL, 'Choutaki', 'Tura', 1, '662/00', 'Cartons/Pieces', '8263.922', 'Kg', '8263.922', 'Kg', 'To be Billed', 3, 8, 8, 'Completed', 'Done', 'uploads/pod/pod_332_1765348437.jpg', '', NULL, NULL, 'Pending', 3, 2, '2025-12-08 12:42:03'),
(333, '07730', '2025-12-09', 3, 11, 0, NULL, NULL, 'Choutaki', 'Tikrikilla', 1, '942/27', 'Cartons/Pieces', '8241.52', 'Kg', '8241.52', 'Kg', 'To be Billed', 3, 8, 8, 'Completed', 'Done', 'uploads/pod/pod_333_1765348551.jpg', '', NULL, NULL, 'Pending', 3, 2, '2025-12-09 07:14:03'),
(334, '07731', '2025-12-09', 3, 65, 0, NULL, NULL, 'Choutaki', 'Srirampur ', 1, '958/00', 'Cartons/Pieces', '11840.63', 'Kg', '11840.63', 'Kg', 'To be Billed', 4, NULL, 34, 'Delivered', 'Done', NULL, NULL, NULL, NULL, 'Pending', 3, 2, '2025-12-09 12:40:35'),
(335, '03896', '2025-12-09', 1, 126, 0, NULL, NULL, 'Gauripur ', 'Kamalabari', 3, '1952', 'Cartons', 'FTL', '', 'FTL', '', 'To be Billed', 3, NULL, 11, 'Delivered', 'Done', NULL, NULL, NULL, NULL, 'Pending', 3, 2, '2025-12-09 13:23:16'),
(336, '08284', '2025-12-09', 21, 26, 0, NULL, NULL, 'Guwahati', 'Lunglei', 3, '1155', 'Cartons', 'FTL', '', 'FTL', '', 'To be Billed', 3, 2, 1, 'Delivered', 'Done', NULL, NULL, NULL, NULL, 'Pending', 3, 2, '2025-12-09 13:45:37'),
(337, '08286', '2025-12-09', 21, 164, 0, NULL, NULL, 'Guwahati', 'Hailakandi ', 3, '1585', 'Cartons', 'FTL', '', 'FTL', '', 'To be Billed', 3, 11, 10, 'Delivered', 'Done', NULL, NULL, NULL, NULL, 'Pending', 3, 2, '2025-12-09 13:48:39'),
(338, '02160', '2025-12-09', 115, 112, 0, NULL, NULL, 'JAMURIA', 'GHAZIABAD', 5, '', 'Loose', '42.720', 'Ton', '42.720', 'Ton', 'To be Billed', 10, NULL, 139, 'Booked', 'Pending', NULL, NULL, NULL, NULL, 'Pending', 2, 3, '2025-12-09 16:59:21'),
(339, '07732', '2025-12-10', 3, 15, 0, NULL, NULL, 'Choutaki', 'Tura', 1, '844', 'Cartons/Pieces', '8239.835', 'Kg', '8239.835', 'Kg', 'To be Billed', 3, 8, 8, 'Completed', 'Done', 'uploads/pod/pod_339_1765795158.jpg', '', NULL, NULL, 'Pending', 8, 2, '2025-12-10 11:35:06'),
(340, '07733', '2025-12-10', 3, 4, 0, NULL, NULL, 'Choutaki', 'Mankachar', 1, '843/00', 'Cartons/Pieces', '8252.06', 'Kg', '8252.06', 'Kg', 'To be Billed', 3, 9, 9, 'Completed', 'Done', 'uploads/pod/pod_340_1765788423.jpg', '', NULL, NULL, 'Pending', 3, 2, '2025-12-10 11:37:35'),
(341, '07734', '2025-12-10', 3, 5, 0, NULL, NULL, 'Choutaki', 'Tura', 1, '890/27', 'Cartons/Pieces', '10076.794', 'Kg', '10076.794', 'Kg', 'To be Billed', 3, NULL, 107, 'Completed', 'Done', 'uploads/pod/pod_341_1765781647.jpg', '', NULL, NULL, 'Pending', 3, 2, '2025-12-10 13:05:06'),
(342, '03897', '2025-12-10', 62, 36, 0, NULL, NULL, 'Silchar', 'Silchar', 2, '1445', 'Cartons', 'FTL', '', 'FTL', '', 'To be Billed', 3, 4, 4, 'Completed', 'Done', 'uploads/pod/pod_342_1765548254.jpg', '', NULL, NULL, 'Pending', 3, 2, '2025-12-11 01:26:22'),
(343, '03898', '2025-12-10', 1, 125, 0, NULL, NULL, 'Gauripur ', 'Tinsukia', 3, '1602', 'Cartons', 'FTL', '', 'FTL', '', 'To be Billed', 3, 3, 2, 'Completed', 'Done', 'uploads/pod/pod_343_1767420433.jpg', '', NULL, NULL, 'Pending', 3, 2, '2025-12-11 01:28:18'),
(344, '08285', '2025-12-09', 21, 26, 0, NULL, NULL, 'Guwahati', 'Lunglei', 3, '1090', 'Cartons', 'FTL', '', 'FTL', '', 'To be Billed', 3, 5, 6, 'Delivered', 'Done', NULL, NULL, NULL, NULL, 'Pending', 3, 2, '2025-12-11 01:32:23'),
(345, '08288', '2025-12-11', 21, 22, 0, NULL, NULL, 'Guwahati', 'Lunglei', 3, '1100', 'Cartons', 'FTL', '', 'FTL', '', 'To be Billed', 25, NULL, 41, 'Completed', 'Done', 'uploads/pod/pod_345_1765881081.jpg', '', NULL, NULL, 'Pending', 3, 2, '2025-12-11 12:24:08'),
(346, '08287', '2025-12-11', 21, 22, 0, NULL, NULL, 'Guwahati', 'Lunglei', 3, '1100', 'Cartons', 'FTL', '', 'FTL', '', 'To be Billed', 25, NULL, 44, 'Completed', 'Done', 'uploads/pod/pod_346_1765881125.jpg', '', NULL, NULL, 'Pending', 3, 2, '2025-12-11 12:27:03'),
(347, '02161', '2025-12-10', 148, 149, 0, NULL, NULL, 'Durgapur', 'GHAZIABAD', 5, '', 'Loose', '42.890', 'Ton', '42.890', 'Ton', 'To be Billed', 10, NULL, 140, 'Booked', 'Pending', NULL, NULL, NULL, NULL, 'Pending', 2, 3, '2025-12-12 05:54:31'),
(348, '02162', '2025-12-10', 115, 112, 0, NULL, NULL, 'JAMURIA', 'GHAZIABAD', 5, '', 'Loose', '43.000', 'Ton', '43.000', 'Ton', 'To be Billed', 10, NULL, 141, 'Booked', 'Pending', NULL, NULL, NULL, NULL, 'Pending', 2, 3, '2025-12-12 05:57:49'),
(349, '02163', '2025-12-12', 131, 112, 0, NULL, NULL, 'JAMURIA', 'GHAZIABAD', 14, '', 'Loose', '31.160', 'Ton', '31.160', 'Ton', 'To be Billed', 26, NULL, 142, 'Booked', 'Pending', NULL, NULL, NULL, NULL, 'Pending', 2, 3, '2025-12-12 06:01:01'),
(350, '07735', '2025-12-12', 3, 19, 0, NULL, NULL, 'Choutaki', 'Mendipathar', 1, '661/30', 'Cartons/Pieces', '8216.695', 'Kg', '8216.695', 'Kg', 'To be Billed', 3, 9, 9, 'Completed', 'Done', 'uploads/pod/pod_350_1765782298.jpg', '', NULL, NULL, 'Pending', 3, 2, '2025-12-12 09:48:56'),
(351, '07736', '2025-12-12', 3, 6, 0, NULL, NULL, 'Choutaki', 'Phulbari', 1, '970/5', 'Cartons/Pieces', '9100.351', 'Kg', '9100.351', 'Kg', 'To be Billed', 3, NULL, 107, 'Completed', 'Done', 'uploads/pod/pod_351_1765781529.jpg', '', NULL, NULL, 'Pending', 3, 2, '2025-12-12 11:21:26'),
(352, '03899', '2025-12-12', 62, 57, 0, NULL, NULL, 'Silchar', 'Khowai', 3, '1273', 'Cartons', 'FTL', '', 'FTL', '', 'To be Billed', 3, 4, 4, 'Completed', 'Done', 'uploads/pod/pod_352_1765887808.jpg', '', NULL, NULL, 'Pending', 3, 2, '2025-12-13 04:28:39'),
(353, '07737', '2025-12-13', 3, 4, 0, NULL, NULL, 'Choutaki', 'Mankachar', 1, '1058/10', 'Cartons/Pieces', '10005.82', 'Kg', '10005.82', 'Kg', 'To be Billed', 3, NULL, 107, 'Completed', 'Done', 'uploads/pod/pod_353_1765788334.jpg', '', NULL, NULL, 'Pending', 3, 2, '2025-12-13 11:46:42'),
(354, '08289', '2025-12-13', 21, 26, 0, NULL, NULL, 'Guwahati', 'Lunglei', 3, '1060', 'Cartons', 'FTL', '', 'FTL', '', 'To be Billed', 1, NULL, 51, 'Delivered', 'Done', NULL, NULL, NULL, NULL, 'Pending', 8, 2, '2025-12-13 11:58:38'),
(355, '08290', '2025-12-13', 21, 42, 0, NULL, NULL, 'Guwahati', 'Silchar', 3, '1049', 'Cartons', 'FTL', '', 'FTL', '', 'To be Billed', 2, NULL, 143, 'Completed', 'Done', 'uploads/pod/pod_355_1765784586.jpg', '', NULL, NULL, 'Pending', 3, 2, '2025-12-13 12:28:11'),
(356, '08291', '2025-12-13', 21, 92, 0, NULL, NULL, 'Guwahati', 'Dharmanagar ', 3, '1497', 'Cartons', 'FTL', '', 'FTL', '', 'To be Billed', 3, 10, 5, 'Delivered', 'Done', NULL, NULL, NULL, NULL, 'Pending', 8, 2, '2025-12-13 13:29:59'),
(357, 'STC/UBPL/135', '2025-12-15', 67, 85, 0, NULL, NULL, 'Guwahati', 'Siliguri', 3, '512', 'Cartons', 'FTL', '', 'FTL', '', 'To be Billed', 6, NULL, 144, 'Delivered', 'Pending', NULL, NULL, NULL, NULL, 'Pending', 8, 2, '2025-12-15 09:19:33'),
(358, '07738', '2025-12-15', 3, 12, 0, NULL, NULL, 'Choutaki', 'Williamnagar', 1, '773', 'Cartons/Pieces', '8223.695', 'Kg', '8223.695', 'Kg', 'To be Billed', 3, 8, 8, 'Completed', 'Done', 'uploads/pod/pod_358_1765873884.jpg', '', NULL, NULL, 'Pending', 8, 2, '2025-12-15 11:58:48'),
(359, '08292', '2025-12-15', 21, 75, 0, NULL, NULL, 'Guwahati', 'Karimganj', 3, '1100', 'Cartons', 'FTL', '', 'FTL', '', 'To be Billed', 2, NULL, 145, 'Completed', 'Done', 'uploads/pod/pod_359_1767866945.jpg', '', NULL, NULL, 'Pending', 3, 2, '2025-12-15 13:09:37'),
(360, '03900', '2025-12-15', 62, 74, 0, NULL, NULL, 'Silchar', 'Kumarghat', 3, '1320', 'Cartons', 'FTL', '', 'FTL', '', 'To be Billed', 3, 6, 12, 'Completed', 'Done', 'uploads/pod/pod_360_1765956592.jpg', '', NULL, NULL, 'Pending', 3, 2, '2025-12-15 17:32:08'),
(361, '02164', '2025-12-15', 115, 112, 0, NULL, NULL, 'JAMURIA', 'GHAZIABAD', 5, '', 'Loose', '42.230', 'Ton', '42.230', 'Ton', 'To be Billed', 10, NULL, 146, 'Booked', 'Pending', NULL, NULL, NULL, NULL, 'Pending', 2, 3, '2025-12-15 18:03:56'),
(362, '07739', '2025-12-16', 3, 18, 0, NULL, NULL, 'Choutaki', 'Hatsingimari', 1, '875', 'Cartons/Pieces', '8213.14', 'Kg', '8213.14', 'Kg', 'To be Billed', 3, 8, 8, 'Completed', 'Done', 'uploads/pod/pod_362_1765972173.jpg', '', NULL, NULL, 'Pending', 8, 2, '2025-12-16 11:57:47'),
(363, '07740', '2025-12-16', 3, 13, 0, NULL, NULL, 'Choutaki', 'Tura', 1, '853/00', 'Cartons/Pieces', '9023.9', 'Kg', '9023.9', 'Kg', 'To be Billed', 3, NULL, 107, 'Completed', 'Done', 'uploads/pod/pod_363_1766039271.jpg', '', NULL, NULL, 'Pending', 3, 2, '2025-12-16 12:00:27'),
(364, '07741', '2025-12-16', 3, 78, 0, NULL, NULL, 'Choutaki', 'Bongaigaon', 1, '890/00', 'Cartons/Pieces', '9099.864', 'Kg', '9099.864', 'Kg', 'To be Billed', 4, NULL, 147, 'Completed', 'Done', 'uploads/pod/pod_364_1765956646.jpg', '', NULL, NULL, 'Pending', 3, 2, '2025-12-16 12:11:26'),
(365, '07742', '2025-12-16', 3, 15, 0, NULL, NULL, 'Choutaki', 'Tura', 1, '825/38', 'Cartons/Pieces', '8240.967', 'Kg', '8240.967', 'Kg', 'To be Billed', 3, 9, 9, 'Completed', 'Done', 'uploads/pod/pod_365_1766039321.jpg', '', NULL, NULL, 'Pending', 3, 2, '2025-12-16 12:18:07'),
(366, '08296', '2025-12-16', 21, 161, 0, NULL, NULL, 'Guwahati', 'Silchar', 3, '1356', 'Cartons', 'FTL', '', 'FTL', '', 'To be Billed', 2, NULL, 148, 'Delivered', 'Done', NULL, NULL, NULL, NULL, 'Pending', 8, 2, '2025-12-16 13:04:28'),
(367, '08297', '2025-12-16', 21, 26, 0, NULL, NULL, 'Guwahati', 'Lunglei', 3, '1110', 'Cartons', 'FTL', '', 'FTL', '', 'To be Billed', 1, NULL, 24, 'Delivered', 'Done', NULL, NULL, NULL, NULL, 'Pending', 3, 2, '2025-12-16 14:24:49'),
(368, '03901', '2025-12-16', 62, 165, 0, NULL, NULL, 'Silchar', 'Amarpur ', 3, '1265', 'Cartons', 'FTL', '', 'FTL', '', 'To be Billed', 3, 1, 7, 'Completed', 'Done', 'uploads/pod/pod_368_1766125860.jpg', '', NULL, NULL, 'Pending', 3, 2, '2025-12-16 14:36:30'),
(369, '08294', '2025-12-17', 21, 25, 0, NULL, NULL, 'Guwahati', 'Santirbazar', 3, '1425', 'Cartons', 'FTL', '', 'FTL', '', 'To be Billed', 1, NULL, 149, 'Delivered', 'Done', NULL, NULL, NULL, NULL, 'Pending', 8, 2, '2025-12-17 12:13:09'),
(370, '08295', '2025-12-17', 21, 39, 0, NULL, NULL, 'Guwahati', 'Karimganj', 3, '1410', 'Cartons', 'FTL', '', 'FTL', '', 'To be Billed', 3, 11, 10, 'Completed', 'Done', 'uploads/pod/pod_370_1767420304.jpg', '', NULL, NULL, 'Pending', 8, 2, '2025-12-17 12:19:27'),
(371, '08293', '2025-12-17', 21, 57, 0, NULL, NULL, 'Guwahati', 'Khowai', 3, '1410', 'Cartons', 'FTL', '', 'FTL', '', 'To be Billed', 3, 3, 2, 'Completed', 'Done', 'uploads/pod/pod_371_1767420347.jpg', '', NULL, NULL, 'Pending', 8, 2, '2025-12-17 12:22:13'),
(372, '07743', '2025-12-17', 3, 6, 0, NULL, NULL, 'Choutaki', 'Phulbari', 1, '959/00', 'Cartons/Pieces', '8220.546', 'Kg', '8220.546', 'Kg', 'To be Billed', 3, 8, 8, 'Completed', 'Done', 'uploads/pod/pod_372_1766039615.jpg', '', NULL, NULL, 'Pending', 3, 2, '2025-12-17 12:50:36'),
(373, '07744', '2025-12-18', 3, 17, 0, NULL, NULL, 'Choutaki', 'Mahendraganj', 1, '972', 'Cartons/Pieces', '9000.504', 'Kg', '9000.504', 'Kg', 'To be Billed', 3, NULL, 107, 'Completed', 'Done', 'uploads/pod/pod_373_1766126832.jpg', '', NULL, NULL, 'Pending', 8, 2, '2025-12-18 07:52:20'),
(374, '07745', '2025-12-18', 3, 4, 0, NULL, NULL, 'Choutaki', 'Mankachar', 1, '803/00', 'Cartons/Pieces', '8186.67', 'Kg', '8186.67', 'Kg', 'To be Billed', 3, 9, 9, 'Delivered', 'Done', NULL, NULL, NULL, NULL, 'Pending', 3, 2, '2025-12-18 09:15:55'),
(375, '07746', '2025-12-18', 3, 8, 0, NULL, NULL, 'Choutaki', 'Barengapara', 1, '728/6', 'Cartons/Pieces', '8252.815', 'Kg', '8252.815', 'Kg', 'To be Billed', 3, 8, 8, 'Delivered', 'Done', NULL, NULL, NULL, NULL, 'Pending', 8, 2, '2025-12-18 11:57:19'),
(376, '02165', '2025-12-17', 115, 112, 0, NULL, NULL, 'JAMURIA', 'GHAZIABAD', 5, '', 'Loose', '41.980', 'Ton', '41.980', 'Ton', 'To be Billed', 10, NULL, 150, 'Booked', 'Pending', NULL, NULL, NULL, NULL, 'Pending', 2, 3, '2025-12-18 14:18:07'),
(377, '03902', '2025-12-18', 62, 167, 0, NULL, NULL, 'Silchar', 'Paschim Charakbai ', 3, '1223', 'Cartons', 'FTL', '', 'FTL', '', 'To be Billed', 9, NULL, 151, 'Completed', 'Done', 'uploads/pod/pod_377_1767165962.jpg', '', NULL, NULL, 'Pending', 3, 2, '2025-12-19 00:43:38');
INSERT INTO `shipments` (`id`, `consignment_no`, `consignment_date`, `consignor_id`, `consignee_id`, `is_shipping_different`, `shipping_name`, `shipping_address`, `origin`, `destination`, `description_id`, `quantity`, `package_type`, `net_weight`, `net_weight_unit`, `chargeable_weight`, `chargeable_weight_unit`, `billing_type`, `broker_id`, `driver_id`, `vehicle_id`, `status`, `payment_entry_status`, `pod_doc_path`, `pod_remarks`, `reporting_datetime`, `delivery_datetime`, `vehicle_payment_status`, `created_by_id`, `branch_id`, `created_at`) VALUES
(378, '03904', '2025-12-18', 62, 36, 0, NULL, NULL, 'Silchar', 'Silchar', 3, '1162', 'Cartons', 'FTL', '', 'FTL', '', 'To be Billed', 3, 4, 4, 'Completed', 'Done', 'uploads/pod/pod_378_1766125710.jpg', '', NULL, NULL, 'Paid', 3, 2, '2025-12-19 00:50:02'),
(379, '03903', '2025-12-18', 1, 48, 0, NULL, NULL, 'Gauripur ', 'Sibsagar', 3, '1258', 'Cartons', 'FTL', '', 'FTL', '', 'To be Billed', 3, NULL, 11, 'Delivered', 'Done', NULL, NULL, NULL, NULL, 'Pending', 3, 2, '2025-12-19 03:50:18'),
(380, '02166', '2025-12-19', 115, 112, 0, NULL, NULL, 'JAMURIA', 'GHAZIABAD', 5, '', 'Loose', '43.240', 'Ton', '43.240', 'Ton', 'To be Billed', 10, NULL, 113, 'Booked', 'Pending', NULL, NULL, NULL, NULL, 'Pending', 2, 3, '2025-12-19 09:00:10'),
(381, '07747', '2025-12-19', 3, 16, 0, NULL, NULL, 'Choutaki', 'Tura', 1, '762/20', 'Cartons/Pieces', '8275.42', 'Kg', '8275.42', 'Kg', 'To be Billed', 3, 9, 9, 'Completed', 'Done', 'uploads/pod/pod_381_1766560852.jpg', '', NULL, NULL, 'Pending', 3, 2, '2025-12-19 12:53:25'),
(382, '08298', '2025-12-19', 21, 26, 0, NULL, NULL, 'Guwahati', 'Lunglei', 3, '1140', 'Cartons', 'FTL', '', 'FTL', '', 'To be Billed', 25, NULL, 152, 'Completed', 'Done', 'uploads/pod/pod_382_1767165395.jpg', '', NULL, NULL, 'Pending', 3, 2, '2025-12-19 13:42:58'),
(383, '07748', '2025-12-19', 3, 157, 0, NULL, NULL, 'Choutaki', 'Baghmara', 1, '1041/00', 'Cartons/Pieces', '9545.074', 'Kg', '9545.074', 'Kg', 'To be Billed', 3, NULL, 124, 'Delivered', 'Done', NULL, NULL, NULL, NULL, 'Pending', 3, 2, '2025-12-19 14:01:29'),
(384, '03905', '2025-12-19', 1, 99, 0, NULL, NULL, 'Gauripur ', 'Baghmara', 3, '1445', 'Cartons', 'FTL', '', 'FTL', '', 'To be Billed', 3, 10, 5, 'Completed', 'Done', 'uploads/pod/pod_384_1767938828.jpg', '', NULL, NULL, 'Pending', 3, 2, '2025-12-19 16:26:58'),
(385, '02169', '2025-12-20', 170, 171, 0, NULL, NULL, 'JAMURIA', 'PALWAL', 5, '', 'Loose', '41.640', 'Ton', '41.640', 'Ton', 'To be Billed', 16, NULL, 153, 'Booked', 'Reverify', NULL, NULL, NULL, NULL, 'Pending', 2, 3, '2025-12-20 00:15:46'),
(386, '02167', '2025-12-19', 115, 112, 0, NULL, NULL, 'JAMURIA', 'GHAZIABAD', 5, '', 'Loose', '43.460', 'Ton', '43.460', 'Ton', 'To be Billed', 10, NULL, 154, 'Booked', 'Pending', NULL, NULL, NULL, NULL, 'Pending', 2, 3, '2025-12-20 07:51:07'),
(387, '02168', '2025-12-19', 168, 169, 0, NULL, NULL, 'Durgapur', 'GHAZIABAD', 17, '', 'Loose', '42.600', 'Ton', '42.600', 'Ton', 'To be Billed', 34, NULL, 155, 'Booked', 'Pending', NULL, NULL, NULL, NULL, 'Pending', 2, 3, '2025-12-20 10:22:19'),
(388, '07749', '2025-12-20', 3, 12, 0, NULL, NULL, 'Choutaki', 'Williamnagar', 1, '898', 'Cartons/Pieces', '9072.04', 'Kg', '9072.04', 'Kg', 'To be Billed', 3, NULL, 107, 'Completed', 'Done', 'uploads/pod/pod_388_1766577391.jpg', '', NULL, NULL, 'Pending', 8, 2, '2025-12-20 10:31:13'),
(389, '07750', '2025-12-20', 3, 8, 0, NULL, NULL, 'Choutaki', 'Barengapara', 1, '761', 'Cartons/Pieces', '8223.184', 'Kg', '8223.184', 'Kg', 'To be Billed', 3, 8, 8, 'Delivered', 'Done', NULL, NULL, NULL, NULL, 'Pending', 8, 2, '2025-12-20 11:12:23'),
(390, '07751', '2025-12-20', 3, 108, 0, NULL, NULL, 'Choutaki', 'Barpeta town ', 1, '1121/43', 'Cartons/Pieces', '9069.601', 'Kg', '9069.601', 'Kg', 'To be Billed', 4, NULL, 31, 'Completed', 'Done', 'uploads/pod/pod_390_1766390895.jpg', '', NULL, NULL, 'Pending', 3, 2, '2025-12-20 12:20:17'),
(391, '07752', '2025-12-21', 3, 5, 0, NULL, NULL, 'Choutaki', 'Tura', 1, '1099/12', 'Cartons/Pieces', '10019.01', 'Kg', '10019.01', 'Kg', 'To be Billed', 8, NULL, 89, 'Completed', 'Done', 'uploads/pod/pod_391_1766560588.jpg', '', NULL, NULL, 'Pending', 3, 2, '2025-12-21 07:31:52'),
(392, '03907', '2025-12-20', 62, 172, 0, NULL, NULL, 'Silchar', 'Sabroom', 3, '1537', 'Cartons', 'FTL', '', 'FTL', '', 'To be Billed', 3, 4, 4, 'Completed', 'Done', 'uploads/pod/pod_392_1766558232.jpg', '', NULL, NULL, 'Pending', 3, 2, '2025-12-21 08:15:41'),
(393, '07753', '2025-12-21', 3, 104, 0, NULL, NULL, 'Choutaki', 'Mankachar', 1, '714/00', 'Cartons/Pieces', '8292.481', 'Kg', '8292.481', 'Kg', 'To be Billed', 3, 9, 9, 'Completed', 'Done', 'uploads/pod/pod_393_1766560634.jpg', '', NULL, NULL, 'Pending', 3, 2, '2025-12-21 08:31:19'),
(394, '07754', '2025-12-21', 3, 19, 0, NULL, NULL, 'Choutaki', 'Mendipathar', 1, '725/12', 'Cartons/Pieces', '8258.264', 'Kg', '8258.264', 'Kg', 'To be Billed', 3, 8, 8, 'Delivered', 'Done', NULL, NULL, NULL, NULL, 'Pending', 3, 2, '2025-12-21 08:34:01'),
(395, '07755', '2025-12-22', 3, 6, 0, NULL, NULL, 'Choutaki', 'Phulbari', 1, '909/00', 'Cartons/Pieces', '8218.168', 'Kg', '8218.168', 'Kg', 'To be Billed', 3, 8, 8, 'Delivered', 'Done', NULL, NULL, NULL, NULL, 'Pending', 3, 2, '2025-12-22 11:07:46'),
(396, '02170', '2025-12-20', 173, 175, 0, NULL, NULL, 'BURNPUR', 'BELLARY', 10, '', 'Loose', '41.390', 'Ton', '41.390', 'Ton', 'To be Billed', 11, NULL, 156, 'Booked', 'Reverify', NULL, NULL, NULL, NULL, 'Pending', 2, 3, '2025-12-22 11:43:13'),
(397, '02171', '2025-12-20', 173, 174, 0, NULL, NULL, 'BURNPUR', 'BELLARY', 10, '', 'Loose', '40.200', 'Ton', '40.200', 'Ton', 'To be Billed', 20, NULL, 157, 'Booked', 'Pending', NULL, NULL, NULL, NULL, 'Pending', 2, 3, '2025-12-22 11:49:16'),
(398, '07756', '2025-12-22', 3, 15, 0, NULL, NULL, 'Choutaki', 'Tura', 1, '869/5', 'Cartons/Pieces', '8213.697', 'Kg', '8213.697', 'Kg', 'To be Billed', 3, 9, 9, 'Delivered', 'Done', NULL, NULL, NULL, NULL, 'Pending', 3, 2, '2025-12-22 11:52:28'),
(399, '02172', '2025-12-22', 115, 112, 0, NULL, NULL, 'JAMURIA', 'GHAZIABAD', 5, '', 'Loose', '42.020', 'Ton', '42.020', 'Ton', 'To be Billed', 16, NULL, 56, 'Booked', 'Pending', NULL, NULL, NULL, NULL, 'Pending', 2, 3, '2025-12-22 11:53:56'),
(400, '03906', '2025-12-20', 1, 48, 0, NULL, NULL, 'Gauripur ', 'Sibsagar', 3, '1375', 'Cartons', 'FTL', '', 'FTL', '', 'To be Billed', 3, NULL, 11, 'Delivered', 'Done', NULL, NULL, NULL, NULL, 'Pending', 3, 2, '2025-12-22 12:07:54'),
(401, '03908', '2025-12-22', 62, 98, 0, NULL, NULL, 'Silchar', 'Abdullapur ', 2, '1666', 'Cartons', 'FTL', '', 'FTL', '', 'To be Billed', 3, 5, 6, 'Delivered', 'Done', NULL, NULL, NULL, NULL, 'Pending', 3, 2, '2025-12-23 03:02:05'),
(402, '02173', '2025-12-22', 116, 176, 0, NULL, NULL, 'BARJORA', 'MANDI GOBINDGARH', 5, '', 'Loose', '30.100', 'Ton', '30.100', 'Ton', 'To be Billed', 36, NULL, 160, 'Booked', 'Pending', NULL, NULL, NULL, NULL, 'Pending', 2, 3, '2025-12-23 06:10:05'),
(403, '07757', '2025-12-23', 3, 4, 0, NULL, NULL, 'Choutaki', 'Mankachar', 1, '1079/10', 'Cartons/Pieces', '10054.3', 'Kg', '10054.3', 'Kg', 'To Pay', 3, NULL, 107, 'Completed', 'Done', 'uploads/pod/pod_403_1766643827.jpg', '', NULL, NULL, 'Pending', 3, 2, '2025-12-23 12:35:36'),
(404, '03909', '2025-12-23', 62, 106, 0, NULL, NULL, 'Silchar', 'Lawngtlai ', 3, '1205', 'Cartons', 'FTL', '', 'FTL', '', 'To be Billed', 3, 3, 2, 'Completed', 'Done', 'uploads/pod/pod_404_1767420221.jpg', '', NULL, NULL, 'Pending', 3, 2, '2025-12-23 13:44:13'),
(405, '02176', '2025-12-23', 173, 174, 0, NULL, NULL, 'BURNPUR', 'BELLARY', 10, '', 'Loose', '14.100', 'Ton', '14.100', 'Ton', 'To be Billed', 11, NULL, 161, 'Booked', 'Reverify', NULL, NULL, NULL, NULL, 'Pending', 2, 3, '2025-12-23 16:26:05'),
(406, '03910', '2025-12-23', 1, 52, 0, NULL, NULL, 'Gauripur ', 'Hojai', 3, '1513', 'Cartons', 'FTL', '', 'FTL', '', 'To be Billed', 3, 10, 5, 'Completed', 'Done', 'uploads/pod/pod_406_1767771567.jpg', '', NULL, NULL, 'Pending', 3, 2, '2025-12-24 03:07:22'),
(407, '02178', '2025-12-24', 177, 178, 0, NULL, NULL, 'BURNPUR', 'NAGPUR', 18, '', 'Loose', '40.620', 'Ton', '40.620', 'Ton', 'To be Billed', 37, NULL, 162, 'Booked', 'Pending', NULL, NULL, NULL, NULL, 'Pending', 2, 3, '2025-12-24 11:43:08'),
(408, '02174', '2025-12-23', 116, 176, 0, NULL, NULL, 'BARJORA', 'MANDI GOBINDGARH', 8, '', 'Loose', '32.560', 'Ton', '32.560', 'Ton', 'To be Billed', 38, NULL, 163, 'Booked', 'Pending', NULL, NULL, NULL, NULL, 'Pending', 2, 3, '2025-12-24 11:53:48'),
(409, '02175', '2025-12-23', 116, 179, 0, NULL, NULL, 'BARJORA', 'YAMUNANAGAR', 5, '', 'Loose', '44.880', 'Ton', '44.880', 'Ton', 'To be Billed', 39, NULL, 164, 'Booked', 'Pending', NULL, NULL, NULL, NULL, 'Pending', 2, 3, '2025-12-24 12:01:30'),
(410, '07758', '2025-12-24', 3, 18, 0, NULL, NULL, 'Choutaki', 'Hatsingimari', 1, '880', 'Cartons/Pieces', '8278', 'Kg', '8278', 'Kg', 'To be Billed', 3, 9, 9, 'Completed', 'Done', 'uploads/pod/pod_410_1767165646.jpg', '', NULL, NULL, 'Pending', 8, 2, '2025-12-24 12:13:42'),
(411, '07759', '2025-12-24', 3, 180, 0, NULL, NULL, 'Choutaki', 'Agia', 1, '990', 'Cartons/Pieces', '9014.452', 'Kg', '9014.452', 'Kg', 'To be Billed', 3, 10, 107, 'Completed', 'Reverify', 'uploads/pod/pod_411_1766643884.jpg', '', NULL, NULL, 'Pending', 8, 2, '2025-12-24 12:23:21'),
(412, '03911', '2025-12-24', 62, 36, 0, NULL, NULL, 'Silchar', 'Silchar', 3, '1354', 'Cartons', 'FTL', '', 'FTL', '', 'To be Billed', 3, 6, 12, 'Completed', 'Done', 'uploads/pod/pod_412_1768199151.jpg', '', NULL, NULL, 'Pending', 3, 2, '2025-12-24 16:07:12'),
(413, '08299', '2025-12-24', 21, 75, 0, NULL, NULL, 'Guwahati', 'Karimganj', 1, '946', 'Cartons', 'FTL', '', 'FTL', '', 'To be Billed', 3, 1, 7, 'Delivered', 'Done', NULL, NULL, NULL, NULL, 'Pending', 3, 2, '2025-12-25 06:15:49'),
(414, '08300', '2025-12-25', 21, 42, 0, NULL, NULL, 'Guwahati', 'Silchar', 3, '1090', 'Cartons', 'FTL', '', 'FTL', '', 'To be Billed', 3, 7, 3, 'Completed', 'Done', 'uploads/pod/pod_414_1767767044.jpg', '', NULL, NULL, 'Pending', 3, 2, '2025-12-25 14:54:39'),
(415, '03913', '2025-12-25', 62, 73, 0, NULL, NULL, 'Silchar', 'Udaipur', 3, '1215', 'Cartons', 'FTL', '', 'FTL', '', 'To be Billed', 3, 6, 12, 'Completed', 'Done', 'uploads/pod/pod_415_1768199298.jpg', '', NULL, NULL, 'Pending', 3, 2, '2025-12-25 16:58:50'),
(416, '02179', '2025-12-25', 115, 112, 0, NULL, NULL, 'JAMURIA', 'GHAZIABAD', 5, '', 'Loose', '43.210', 'Ton', '43.210', 'Ton', 'To be Billed', 10, NULL, 165, 'Booked', 'Pending', NULL, NULL, NULL, NULL, 'Pending', 2, 3, '2025-12-25 17:41:25'),
(417, '03915', '2025-12-26', 1, 55, 0, NULL, NULL, 'Gauripur ', 'North Lakhimpur', 3, '1690', 'Cartons', 'FTL', '', 'FTL', '', 'To be Billed', 3, NULL, 11, 'Delivered', 'Done', NULL, NULL, NULL, NULL, 'Pending', 3, 2, '2025-12-26 10:19:51'),
(418, '07760', '2025-12-26', 3, 13, 0, NULL, NULL, 'Choutaki', 'Tura', 1, '754/00', 'Cartons/Pieces', '8208.847', 'Kg', '8208.847', 'Kg', 'To be Billed', 3, 8, 8, 'Completed', 'Done', 'uploads/pod/pod_418_1767165614.jpg', '', NULL, NULL, 'Pending', 3, 2, '2025-12-26 12:32:23'),
(419, '07761', '2025-12-26', 3, 11, 0, NULL, NULL, 'Choutaki', 'Tikrikilla', 1, '885/00', 'Cartons/Pieces', '8207.467', 'Kg', '8207.467', 'Kg', 'To be Billed', 3, 9, 9, 'Completed', 'Done', 'uploads/pod/pod_419_1767165673.jpg', '', NULL, NULL, 'Pending', 3, 2, '2025-12-26 12:53:00'),
(420, '03916', '2025-12-26', 1, 2, 0, NULL, NULL, 'Gauripur ', 'Silchar', 3, '2410', 'Cartons', 'FTL', '', 'FTL', '', 'To be Billed', 3, 5, 6, 'Completed', 'Done', 'uploads/pod/pod_420_1768284612.jpg', '', NULL, NULL, 'Pending', 3, 2, '2025-12-27 03:19:47'),
(421, '03912', '2025-12-26', 1, 146, 0, NULL, NULL, 'Gauripur ', 'DHEMAJI', 3, '1515', 'Cartons', 'FTL', '', 'FTL', '', 'To be Billed', 3, NULL, 166, 'Delivered', 'Done', NULL, NULL, NULL, NULL, 'Pending', 3, 2, '2025-12-27 03:23:23'),
(422, '08301', '2025-12-27', 21, 22, 0, NULL, NULL, 'Guwahati', 'Lunglei', 3, '955', 'Cartons', 'FTL', '', 'FTL', '', 'To be Billed', 9, NULL, 151, 'Delivered', 'Done', NULL, NULL, NULL, NULL, 'Pending', 3, 2, '2025-12-27 14:38:36'),
(423, '08302', '2025-12-27', 21, 22, 0, NULL, NULL, 'Guwahati', 'Lunglei', 3, '1085', 'Cartons', 'FTL', '', 'FTL', '', 'To be Billed', 3, 10, 5, 'Delivered', 'Done', NULL, NULL, NULL, NULL, 'Pending', 3, 2, '2025-12-27 14:40:43'),
(424, '02182', '2025-12-27', 115, 112, 0, NULL, NULL, 'JAMURIA', 'GHAZIABAD', 5, '', 'Loose', '43.000', 'Ton', '43.000', 'Ton', 'To be Billed', 10, NULL, 167, 'Booked', 'Pending', NULL, NULL, NULL, NULL, 'Pending', 2, 3, '2025-12-27 16:33:52'),
(425, '02183', '2025-12-27', 115, 112, 0, NULL, NULL, 'JAMURIA', 'GHAZIABAD', 5, '', 'Loose', '43.610', 'Ton', '43.610', 'Ton', 'To be Billed', 10, NULL, 168, 'Booked', 'Pending', NULL, NULL, NULL, NULL, 'Pending', 2, 3, '2025-12-28 04:47:18'),
(426, '02184', '2025-12-28', 115, 112, 0, NULL, NULL, 'JAMURIA', 'GHAZIABAD', 5, '', 'Loose', '42.280', 'Ton', '42.280', 'Ton', 'To be Billed', 10, NULL, 169, 'Booked', 'Pending', NULL, NULL, NULL, NULL, 'Pending', 2, 3, '2025-12-28 18:44:19'),
(427, '02185', '2025-12-28', 115, 112, 0, NULL, NULL, 'JAMURIA', 'GHAZIABAD', 5, '', 'Loose', '42.970', 'Ton', '42.970', 'Ton', 'To be Billed', 10, NULL, 170, 'Booked', 'Pending', NULL, NULL, NULL, NULL, 'Pending', 2, 3, '2025-12-28 18:58:55'),
(428, '02186', '2025-12-28', 115, 112, 0, NULL, NULL, 'JAMURIA', 'GHAZIABAD', 5, '', 'Loose', '43.260', 'Ton', '43.260', 'Ton', 'To be Billed', 10, NULL, 171, 'Booked', 'Pending', NULL, NULL, NULL, NULL, 'Pending', 2, 3, '2025-12-28 19:14:14'),
(429, '07762', '2025-12-29', 3, 4, 0, NULL, NULL, 'Choutaki', 'Mankachar', 1, '885/00', 'Cartons/Pieces', '8266.07', 'Kg', '8266.07', 'Kg', 'To be Billed', 3, 9, 9, 'Completed', 'Done', 'uploads/pod/pod_429_1767421502.pdf', '', NULL, NULL, 'Pending', 3, 2, '2025-12-29 11:41:57'),
(430, '07763', '2025-12-29', 3, 91, 0, NULL, NULL, 'Choutaki', 'Lakhipur ', 1, '830/00', 'Cartons/Pieces', '9039.27', 'Kg', '9039.27', 'Kg', 'To be Billed', 4, NULL, 23, 'Completed', 'Done', 'uploads/pod/pod_430_1767165465.jpg', '', NULL, NULL, 'Pending', 3, 2, '2025-12-29 12:28:03'),
(431, '07764', '2025-12-29', 3, 8, 0, NULL, NULL, 'Choutaki', 'Barengapara', 1, '751/00', 'Cartons/Pieces', '8226.862', 'Kg', '8226.862', 'Kg', 'To be Billed', 3, 8, 8, 'Delivered', 'Done', NULL, NULL, NULL, NULL, 'Pending', 3, 2, '2025-12-29 13:12:47'),
(432, '07765', '2025-12-29', 3, 7, 0, NULL, NULL, 'Choutaki', 'Rongram', 1, '1112/57', 'Cartons/Pieces', '9056.089', 'Kg', '9056.089', 'Kg', 'To be Billed', 3, NULL, 107, 'Completed', 'Done', 'uploads/pod/pod_432_1767165585.jpg', '', NULL, NULL, 'Pending', 3, 2, '2025-12-29 13:19:06'),
(433, '03914', '2025-12-30', 1, 47, 0, NULL, NULL, 'Gauripur ', 'Dibrugarh', 3, '1780', 'Cartons', 'FTL', '', 'FTL', '', 'To be Billed', 3, 7, 3, 'Completed', 'Done', 'uploads/pod/pod_433_1767420131.jpg', '', NULL, NULL, 'Pending', 3, 2, '2025-12-30 12:10:09'),
(434, '02177', '2025-12-25', 181, 174, 0, NULL, NULL, 'Durgapur', 'BANGALORE', 19, '', 'Loose', '25.210', 'Ton', '25.210', 'Ton', 'To be Billed', 11, NULL, 161, 'Booked', 'Pending', NULL, NULL, NULL, NULL, 'Pending', 2, 3, '2025-12-30 12:20:38'),
(435, '02180', '2025-12-26', 115, 112, 0, NULL, NULL, 'JAMURIA', 'GHAZIABAD', 5, '', 'Loose', '42.120', 'Ton', '42.120', 'Ton', 'To be Billed', 10, NULL, 172, 'Booked', 'Pending', NULL, NULL, NULL, NULL, 'Pending', 2, 3, '2025-12-30 12:24:47'),
(436, '02181', '2025-12-26', 115, 112, 0, NULL, NULL, 'JAMURIA', 'GHAZIABAD', 5, '', 'Loose', '42.720', 'Ton', '42.720', 'Ton', 'To be Billed', 10, NULL, 74, 'Booked', 'Pending', NULL, NULL, NULL, NULL, 'Pending', 2, 3, '2025-12-30 12:28:51'),
(437, '07766', '2025-12-30', 3, 16, 0, NULL, NULL, 'Choutaki', 'Tura', 1, '805/59', 'Cartons/Pieces', '8269.599', 'Kg', '8269.599', 'Kg', 'To be Billed', 3, 9, 9, 'Delivered', 'Done', NULL, NULL, NULL, NULL, 'Pending', 3, 2, '2025-12-30 12:51:40'),
(438, '08304', '2025-12-30', 21, 73, 0, NULL, NULL, 'Guwahati', 'Udaipur', 3, '1365', 'Cartons', 'FTL', '', 'FTL', '', 'To Pay', 3, 2, 1, 'Delivered', 'Done', NULL, NULL, NULL, NULL, 'Pending', 3, 2, '2025-12-30 15:48:59'),
(439, '08305', '2025-12-30', 21, 24, 0, NULL, NULL, 'Guwahati', 'Agartala', 3, '1400', 'Cartons', 'FTL', '', 'FTL', '', 'To be Billed', 3, NULL, 11, 'Completed', 'Done', 'uploads/pod/pod_439_1767959731.jpg', '', NULL, NULL, 'Pending', 3, 2, '2025-12-30 15:51:13'),
(440, '08303', '2025-12-30', 21, 23, 0, NULL, NULL, 'Guwahati', 'Belonia', 3, '1325', 'Cartons', 'FTL', '', 'FTL', '', 'To be Billed', 3, 3, 2, 'Completed', 'Done', 'uploads/pod/pod_440_1767959759.jpg', '', NULL, NULL, 'Pending', 3, 2, '2025-12-30 15:53:10'),
(441, '03917', '2025-12-30', 62, 33, 0, NULL, NULL, 'Silchar', 'Dharmanagar', 3, '1476', 'Cartons', 'FTL', '', 'FTL', '', 'To be Billed', 40, NULL, 175, 'Delivered', 'Done', NULL, NULL, NULL, NULL, 'Pending', 3, 2, '2025-12-30 16:59:43'),
(442, '08306', '2025-12-31', 21, 105, 0, NULL, NULL, 'Guwahati', 'Nalchar ', 3, '1328', 'Cartons', 'FTL', '', 'FTL', '', 'To be Billed', 3, 1, 7, 'Completed', 'Done', 'uploads/pod/pod_442_1768028342.jpg', '', NULL, NULL, 'Pending', 3, 2, '2025-12-31 11:34:49'),
(443, '02187', '2025-12-30', 116, 121, 0, NULL, NULL, 'BARJORA', 'FARIDABAD', 5, '', 'Loose', '39.660', 'Ton', '39.660', 'Ton', 'To be Billed', 13, NULL, 176, 'Booked', 'Pending', NULL, NULL, NULL, NULL, 'Pending', 2, 3, '2025-12-31 12:06:54'),
(444, '02189', '2025-12-31', 115, 112, 0, NULL, NULL, 'JAMURIA', 'GHAZIABAD', 5, '', 'Loose', '43.060', 'Ton', '43.060', 'Ton', 'To be Billed', 16, NULL, 177, 'Booked', 'Pending', NULL, NULL, NULL, NULL, 'Pending', 2, 3, '2025-12-31 15:03:25'),
(445, '03919', '2025-12-31', 62, 36, 0, NULL, NULL, 'Silchar', 'Silchar', 2, '1270', 'Cartons', 'FTL', '', 'FTL', '', 'To be Billed', 3, 5, 6, 'Completed', 'Done', 'uploads/pod/pod_445_1768284791.jpg', '', NULL, NULL, 'Pending', 3, 2, '2026-01-01 03:35:21'),
(446, '02188', '2025-12-31', 182, 183, 0, NULL, NULL, 'Durgapur', 'Durgapur', 5, '', 'Loose', '32.180', 'Ton', '32.180', 'Ton', 'To be Billed', 41, NULL, 178, 'Booked', 'Pending', NULL, NULL, NULL, NULL, 'Pending', 2, 3, '2026-01-01 07:40:17'),
(447, '07767', '2026-01-01', 3, 4, 0, NULL, NULL, 'Choutaki', 'Mankachar', 1, '834/00', 'Cartons/Pieces', '8242.8', 'Kg', '8242.8', 'Kg', 'To be Billed', 3, 10, 107, 'Completed', 'Done', 'uploads/pod/pod_447_1767766394.jpg', '', NULL, NULL, 'Pending', 3, 2, '2026-01-01 10:17:46'),
(448, '03918', '2025-12-31', 62, 31, 0, NULL, NULL, 'Silchar', 'Belonia', 3, '1345', 'Cartons', 'FTL', '', 'FTL', '', 'To be Billed', 3, 5, 6, 'Completed', 'Done', 'uploads/pod/pod_448_1768284689.jpg', '', NULL, NULL, 'Pending', 3, 2, '2026-01-02 06:50:08'),
(449, '07768', '2026-01-02', 3, 5, 0, NULL, NULL, 'Choutaki', 'Tura', 1, '834/30', 'Cartons/Pieces', '8221.4', 'Kg', '8221.4', 'Kg', 'To be Billed', 3, 10, 107, 'Completed', 'Done', 'uploads/pod/pod_449_1767766364.jpg', '', NULL, NULL, 'Pending', 3, 2, '2026-01-02 08:38:35'),
(450, '07769', '2026-01-02', 3, 9, 0, NULL, NULL, 'Choutaki', 'Garobadha', 1, '990/00', 'Cartons/Pieces', '8219.35', 'Kg', '8219.35', 'Kg', 'To be Billed', 3, 9, 9, 'Completed', 'Done', 'uploads/pod/pod_450_1767766420.jpg', '', NULL, NULL, 'Pending', 3, 2, '2026-01-02 11:24:00'),
(451, '08307', '2026-01-02', 21, 22, 0, NULL, NULL, 'Guwahati', 'Lunglei', 3, '950', 'Cartons', 'FTL', '', 'FTL', '', 'To be Billed', 25, NULL, 179, 'Delivered', 'Done', NULL, NULL, NULL, NULL, 'Pending', 3, 2, '2026-01-02 11:27:19'),
(452, '08308', '2026-01-02', 21, 143, 0, NULL, NULL, 'Guwahati', 'Sabroom', 3, '1412', 'Cartons', 'FTL', '', 'FTL', '', 'To be Billed', NULL, NULL, 180, 'Completed', 'Done', 'uploads/pod/pod_452_1768031333.pdf', '', NULL, NULL, 'Pending', 3, 2, '2026-01-02 13:00:13'),
(453, '02193', '2026-01-02', 115, 112, 0, NULL, NULL, 'JAMURIA', 'GHAZIABAD', 5, '', 'Loose', '42.640', 'Ton', '42.640', 'Ton', 'To be Billed', 10, NULL, 181, 'Booked', 'Pending', NULL, NULL, NULL, NULL, 'Pending', 2, 3, '2026-01-03 05:26:34'),
(454, '02190', '2026-01-02', 116, 184, 0, NULL, NULL, 'BARJORA', 'GORAKHPUR', 8, '', 'Loose', '41.220', 'Ton', '41.220', 'Ton', 'To be Billed', 42, NULL, 185, 'Booked', 'Pending', NULL, NULL, NULL, NULL, 'Pending', 2, 3, '2026-01-03 05:47:54'),
(455, '02192', '2026-01-02', 116, 138, 0, NULL, NULL, 'BARJORA', 'GHAZIABAD', 5, '', 'Loose', '43.080', 'Ton', '43.080', 'Ton', 'To be Billed', 10, NULL, 187, 'Booked', 'Pending', NULL, NULL, NULL, NULL, 'Pending', 2, 3, '2026-01-03 06:14:16'),
(456, '08310', '2026-01-03', 21, 161, 0, NULL, NULL, 'Guwahati', 'Silchar', 3, '1093', 'Cartons', 'FTL', '', 'FTL', '', 'To be Billed', 2, NULL, 188, 'Completed', 'Done', 'uploads/pod/pod_456_1767938952.jpg', '', NULL, NULL, 'Pending', 3, 2, '2026-01-03 10:15:47'),
(457, '08309', '2026-01-03', 21, 75, 0, NULL, NULL, 'Guwahati', 'Karimganj', 3, '1045', 'Cartons', 'FTL', '', 'FTL', '', 'To be Billed', 3, 13, 3, 'Completed', 'Done', 'uploads/pod/pod_457_1768199564.jpg', '', NULL, NULL, 'Pending', 3, 2, '2026-01-03 10:17:41'),
(458, '02191', '2026-01-03', 111, 112, 0, NULL, NULL, 'JAMURIA', 'GHAZIABAD', 5, '', 'Loose', '41.880', 'Ton', '41.880', 'Ton', 'To be Billed', 10, NULL, 189, 'Booked', 'Reverify', NULL, NULL, NULL, NULL, 'Pending', 2, 3, '2026-01-03 13:03:14'),
(459, '08312', '2026-01-03', 21, 59, 0, NULL, NULL, 'Guwahati', 'Aizawl', 3, '1360', 'Cartons', 'FTL', '', 'FTL', '', 'To be Billed', 3, 6, 12, 'Completed', 'Done', 'uploads/pod/pod_459_1768199264.jpg', '', NULL, NULL, 'Pending', 3, 2, '2026-01-03 14:13:44'),
(460, '08311', '2026-01-03', 21, 22, 0, NULL, NULL, 'Guwahati', 'Lunglei', 3, '1090', 'Cartons', 'FTL', '', 'FTL', '', 'To be Billed', 3, 4, 4, 'Delivered', 'Done', NULL, NULL, NULL, NULL, 'Pending', 3, 2, '2026-01-03 14:17:23'),
(461, '07770', '2026-01-04', 3, 4, 0, NULL, NULL, 'Choutaki', 'Mankachar', 1, '827/00', 'Cartons/Pieces', '8218.365', 'Kg', '8218.365', 'Kg', 'To be Billed', 3, 9, 9, 'Completed', 'Done', 'uploads/pod/pod_461_1767766449.jpg', '', NULL, NULL, 'Pending', 3, 2, '2026-01-04 08:44:12'),
(462, '07771', '2026-01-04', 3, 6, 0, NULL, NULL, 'Choutaki', 'Phulbari', 1, '985/00', 'Cartons/Pieces', '8306.391', 'Kg', '8306.391', 'Kg', 'To be Billed', 3, 8, 8, 'Completed', 'Done', 'uploads/pod/pod_462_1768284538.jpg', '', NULL, NULL, 'Pending', 3, 2, '2026-01-04 09:00:12'),
(463, '02194', '2026-01-04', 115, 112, 0, NULL, NULL, 'JAMURIA', 'GHAZIABAD', 5, '', 'Loose', '42.980', 'Ton', '42.980', 'Ton', 'To be Billed', 10, NULL, 58, 'Booked', 'Pending', NULL, NULL, NULL, NULL, 'Pending', 2, 3, '2026-01-05 11:48:50'),
(464, '02195', '2026-01-04', 115, 112, 0, NULL, NULL, 'JAMURIA', 'GHAZIABAD', 5, '', 'Loose', '42.940', 'Ton', '42.940', 'Ton', 'To be Billed', 10, NULL, 191, 'Booked', 'Pending', NULL, NULL, NULL, NULL, 'Pending', 2, 3, '2026-01-05 11:51:47'),
(465, '07772', '2026-01-05', 3, 12, 0, NULL, NULL, 'Choutaki', 'Williamnagar', 1, '818/00', 'Cartons/Pieces', '8290.615', 'Kg', '8290.615', 'Kg', 'To be Billed', 3, 8, 8, 'Completed', 'Done', 'uploads/pod/pod_465_1768284341.jpg', '', NULL, NULL, 'Pending', 3, 2, '2026-01-05 13:05:39'),
(466, '07773', '2026-01-06', 3, 18, 0, NULL, NULL, 'Choutaki', 'Hatsingimari', 1, '876/00', 'Cartons/Pieces', '8220.792', 'Kg', '8220.792', 'Kg', 'To be Billed', 3, 8, 8, 'Completed', 'Done', 'uploads/pod/pod_466_1768284556.jpg', '', NULL, NULL, 'Pending', 3, 2, '2026-01-06 13:20:57'),
(467, '07774', '2026-01-06', 3, 4, 0, NULL, NULL, 'Choutaki', 'Mankachar', 1, '1056/00', 'Cartons/Pieces', '10082.65', 'Kg', '10082.65', 'Kg', 'To be Billed', 3, 10, 107, 'Completed', 'Done', 'uploads/pod/pod_467_1767768438.jpg', '', NULL, NULL, 'Pending', 3, 2, '2026-01-06 14:05:18'),
(468, 'STC/UBPL/136', '2026-01-07', 67, 69, 0, NULL, NULL, 'Guwahati', 'Thimphu town ', 3, '444', 'Cartons', 'FTL', '', 'FTL', '', 'To be Billed', 6, NULL, 78, 'Completed', 'Done', 'uploads/pod/pod_468_1767938754.jpg', '', NULL, NULL, 'Pending', 3, 2, '2026-01-07 10:09:29'),
(469, 'STC/UBPL/137', '2026-01-07', 67, 68, 0, NULL, NULL, 'Guwahati', 'Phuentsholing', 3, '570', 'Cartons', 'FTL', '', 'FTL', '', 'To be Billed', 6, NULL, 16, 'Completed', 'Done', 'uploads/pod/pod_469_1767938772.jpg', '', NULL, NULL, 'Pending', 3, 2, '2026-01-07 10:12:26'),
(470, '02196', '2026-01-06', 116, 117, 0, NULL, NULL, 'BARJORA', 'GHAZIABAD', 9, '', 'Loose', '42.600', 'Ton', '42.600', 'Ton', 'To be Billed', 32, NULL, 192, 'Booked', 'Pending', NULL, NULL, NULL, NULL, 'Pending', 2, 3, '2026-01-07 11:50:20'),
(471, '02197', '2026-01-06', 116, 185, 0, NULL, NULL, 'BARJORA', 'GHAZIABAD', 20, '', 'Loose', '42.620', 'Ton', '42.620', 'Ton', 'To be Billed', 32, NULL, 193, 'Booked', 'Pending', NULL, NULL, NULL, NULL, 'Pending', 2, 3, '2026-01-07 11:56:20'),
(472, '02198', '2026-01-06', 115, 112, 0, NULL, NULL, 'JAMURIA', 'GHAZIABAD', 5, '', 'Loose', '43.250', 'Ton', '43.250', 'Ton', 'To be Billed', 10, NULL, 194, 'Booked', 'Pending', NULL, NULL, NULL, NULL, 'Pending', 2, 3, '2026-01-07 11:59:05'),
(473, '02199', '2026-01-05', 186, 187, 0, NULL, NULL, 'Durgapur', 'ANDAL', 21, '', 'Loose', 'FTL', 'Kg', 'FTL', 'Kg', 'To be Billed', 27, NULL, 195, 'Booked', 'Pending', NULL, NULL, NULL, NULL, 'Pending', 2, 3, '2026-01-07 12:07:52'),
(474, '02200', '2026-01-07', 116, 121, 0, NULL, NULL, 'BARJORA', 'FARIDABAD', 5, '', 'Loose', '41.880', 'Ton', '41.880', 'Ton', 'To be Billed', 32, NULL, 196, 'Booked', 'Pending', NULL, NULL, NULL, NULL, 'Pending', 2, 3, '2026-01-07 12:12:02'),
(475, '07775', '2026-01-07', 3, 70, 0, NULL, NULL, 'Choutaki', 'Tura', 1, '658/00', 'Cartons/Pieces', '8249.83', 'Kg', '8249.83', 'Kg', 'To be Billed', 3, 9, 9, 'Delivered', 'Done', NULL, NULL, NULL, NULL, 'Pending', 3, 2, '2026-01-07 12:55:03'),
(476, '07776', '2026-01-07', 3, 19, 0, NULL, NULL, 'Choutaki', 'Mendipathar', 1, '804/48', 'Cartons/Pieces', '8301.64', 'Kg', '8301.64', 'Kg', 'To be Billed', 3, 8, 8, 'Completed', 'Done', 'uploads/pod/pod_476_1768284513.jpg', '', NULL, NULL, 'Pending', 3, 2, '2026-01-07 14:01:20'),
(477, '07777', '2026-01-07', 3, 13, 0, NULL, NULL, 'Choutaki', 'Tura', 1, '821/150', 'Cartons/Pieces', '8988.224', 'Kg', '8988.224', 'Kg', 'To be Billed', 3, 10, 107, 'Delivered', 'Done', NULL, NULL, NULL, NULL, 'Pending', 3, 2, '2026-01-07 14:08:59'),
(478, '02201', '2026-01-07', 130, 112, 0, NULL, NULL, 'JAMURIA', 'GHAZIABAD', 14, '', 'Loose', '43.120', 'Ton', '43.120', 'Ton', 'To be Billed', 10, NULL, 171, 'Booked', 'Pending', NULL, NULL, NULL, NULL, 'Pending', 2, 3, '2026-01-07 14:47:58'),
(479, '03920', '2026-01-07', 62, 189, 0, NULL, NULL, 'Silchar', 'Saiha', 3, '1686', 'Cartons', 'FTL', '', 'FTL', '', 'To be Billed', 3, 5, 6, 'Completed', 'Done', 'uploads/pod/pod_479_1768284836.jpg', '', NULL, NULL, 'Pending', 3, 2, '2026-01-07 16:40:40'),
(480, '03921', '2026-01-07', 1, 126, 0, NULL, NULL, 'Guwahati', 'Kamalabari', 3, '1752', 'Cartons', 'FTL', '', 'FTL', '', 'To be Billed', 3, NULL, 11, 'Delivered', 'Done', NULL, NULL, NULL, NULL, 'Pending', 3, 2, '2026-01-07 16:42:55'),
(481, '02202', '2026-01-07', 115, 112, 0, NULL, NULL, 'JAMURIA', 'GHAZIABAD', 5, '', 'Loose', '45.540', 'Ton', '45.540', 'Ton', 'To be Billed', 10, NULL, 197, 'Booked', 'Pending', NULL, NULL, NULL, NULL, 'Pending', 2, 3, '2026-01-07 17:31:11'),
(482, '08313', '2026-01-08', 21, 61, 0, NULL, NULL, 'Guwahati', 'Agartala', 3, '1355', 'Cartons', 'FTL', '', 'FTL', '', 'To be Billed', 3, 10, 5, 'Delivered', 'Done', NULL, NULL, NULL, NULL, 'Pending', 3, 2, '2026-01-08 11:47:53'),
(483, '07778', '2026-01-08', 3, 78, 0, NULL, NULL, 'Choutaki', 'Bongaigaon', 1, '854/6', 'Cartons/Pieces', '9033.068', 'Kg', '9033.068', 'Kg', 'To be Billed', 4, NULL, 147, 'Completed', 'Done', 'uploads/pod/pod_483_1768033574.pdf', '', NULL, NULL, 'Pending', 3, 2, '2026-01-08 12:09:36'),
(484, '03922', '2026-01-08', 62, 166, 0, NULL, NULL, 'Silchar', 'Amarpur ', 3, '1216', 'Cartons', 'FTL', '', 'FTL', '', 'To be Billed', 3, 13, 3, 'Completed', 'Done', 'uploads/pod/pod_484_1768199623.jpg', '', NULL, NULL, 'Pending', 3, 2, '2026-01-08 12:44:19'),
(485, '02204', '2026-01-08', 111, 190, 0, NULL, NULL, 'JAMURIA', 'GHAZIABAD', 5, '', 'Loose', '41.780', 'Ton', '41.780', 'Ton', 'To be Billed', 13, NULL, 198, 'Booked', 'Pending', NULL, NULL, NULL, NULL, 'Pending', 2, 3, '2026-01-09 07:45:29'),
(486, '02205', '2026-01-08', 115, 112, 0, NULL, NULL, 'JAMURIA', 'GHAZIABAD', 5, '', 'Loose', '42.960', 'Ton', '42.960', 'Ton', 'To be Billed', 10, NULL, 199, 'Booked', 'Pending', NULL, NULL, NULL, NULL, 'Pending', 2, 3, '2026-01-09 07:48:48'),
(487, '07779', '2026-01-09', 3, 15, 0, NULL, NULL, 'Choutaki', 'Tura', 1, '763/00', 'Cartons/Pieces', '8216.599', 'Kg', '8216.599', 'Kg', 'To be Billed', 3, 9, 9, 'Delivered', 'Done', NULL, NULL, NULL, NULL, 'Pending', 3, 2, '2026-01-09 10:34:11'),
(488, '07780', '2026-01-09', 3, 16, 0, NULL, NULL, 'Choutaki', 'Tura', 1, '784/00', 'Cartons/Pieces', '8266.778', 'Kg', '8266.778', 'Kg', 'To be Billed', 3, 8, 8, 'Completed', 'Done', 'uploads/pod/pod_488_1768284489.jpg', '', NULL, NULL, 'Pending', 3, 2, '2026-01-09 11:30:44'),
(489, '07781', '2026-01-09', 3, 17, 0, NULL, NULL, 'Choutaki', 'Mahendraganj', 1, '1118/120', 'Cartons/Pieces', '11078.976', 'Kg', '11078.976', 'Kg', 'To be Billed', 3, 10, 107, 'Completed', 'Done', 'uploads/pod/pod_489_1768033459.pdf', '', NULL, NULL, 'Pending', 3, 2, '2026-01-09 11:33:23'),
(490, '08314', '2026-01-09', 21, 26, 0, NULL, NULL, 'Guwahati', 'Lunglei', 3, '1080', 'Cartons', 'FTL', '', 'FTL', '', 'To be Billed', 3, 2, 1, 'Delivered', 'Done', NULL, NULL, NULL, NULL, 'Pending', 3, 2, '2026-01-09 14:04:16'),
(491, '08315', '2026-01-09', 21, 26, 0, NULL, NULL, 'Guwahati', 'Lunglei', 3, '1110', 'Cartons', 'FTL', '', 'FTL', '', 'To be Billed', 3, 3, 2, 'Delivered', 'Done', NULL, NULL, NULL, NULL, 'Pending', 3, 2, '2026-01-10 04:17:18'),
(492, '08316', '2026-01-09', 21, 161, 0, NULL, NULL, 'Guwahati', 'Silchar', 3, '960', 'Cartons', 'FTL', '', 'FTL', '', 'To be Billed', 3, 11, 10, 'Delivered', 'Done', NULL, NULL, NULL, NULL, 'Pending', 3, 2, '2026-01-10 04:24:30'),
(493, '03923', '2026-01-10', 1, 49, 0, NULL, NULL, 'Guwahati', 'Moranhat', 3, '1488', 'Cartons', 'FTL', '', 'FTL', '', 'To be Billed', 3, 6, 12, 'Completed', 'Done', 'uploads/pod/pod_493_1768284578.jpg', '', NULL, NULL, 'Pending', 3, 2, '2026-01-10 12:51:44'),
(494, '03924', '2026-01-10', 62, 36, 0, NULL, NULL, 'Silchar', 'Silchar', 3, '1456', 'Cartons', 'FTL', '', 'FTL', '', 'To be Billed', 3, 1, 7, 'Delivered', 'Done', NULL, NULL, NULL, NULL, 'Pending', 3, 2, '2026-01-10 14:31:06'),
(495, '07782', '2026-01-11', 3, 8, 0, NULL, NULL, 'Choutaki', 'Barengapara', 1, '885/00', 'Cartons/Pieces', '9036.947', 'Kg', '9036.947', 'Kg', 'To be Billed', 3, 10, 107, 'Completed', 'Done', 'uploads/pod/pod_495_1768200743.pdf', '', NULL, NULL, 'Pending', 3, 2, '2026-01-11 06:56:38'),
(496, '07783', '2026-01-11', 3, 11, 0, NULL, NULL, 'Choutaki', 'Tikrikilla', 1, '869/00', 'Cartons/Pieces', '8327.315', 'Kg', '8327.315', 'Kg', 'To be Billed', 3, 8, 8, 'Completed', 'Done', 'uploads/pod/pod_496_1768284467.jpg', '', NULL, NULL, 'Pending', 3, 2, '2026-01-11 06:58:46'),
(497, '07784', '2026-01-11', 3, 6, 0, NULL, NULL, 'Choutaki', 'Phulbari', 1, '928/00', 'Cartons/Pieces', '8250.01', 'Kg', '8250.01', 'Kg', 'To be Billed', 3, 9, 9, 'Delivered', 'Done', NULL, NULL, NULL, NULL, 'Pending', 3, 2, '2026-01-11 07:00:24'),
(498, '07785', '2026-01-12', 3, 4, 0, NULL, NULL, 'Choutaki', 'Mankachar', 1, '821/00', 'Cartons/Pieces', '8225.83', 'Kg', '8225.83', 'Kg', 'To be Billed', 3, 8, 8, 'Completed', 'Done', 'uploads/pod/pod_498_1768300227.pdf', '', NULL, NULL, 'Pending', 3, 2, '2026-01-12 12:01:48'),
(499, '02203', '2026-01-10', 111, 112, 0, NULL, NULL, 'JAMURIA', 'GHAZIABAD', 5, '', 'Loose', '42.040', 'Ton', '42.040', 'Ton', 'To be Billed', 10, NULL, 200, 'Booked', 'Pending', NULL, NULL, NULL, NULL, 'Pending', 2, 3, '2026-01-12 12:11:02'),
(500, '02206', '2026-01-10', 115, 112, 0, NULL, NULL, 'JAMURIA', 'GHAZIABAD', 5, '', 'Loose', '43.330', 'Ton', '43.330', 'Ton', 'To be Billed', 10, NULL, 201, 'Booked', 'Pending', NULL, NULL, NULL, NULL, 'Pending', 2, 3, '2026-01-12 12:14:03'),
(501, '02207', '2026-01-10', 115, 112, 0, NULL, NULL, 'JAMURIA', 'GHAZIABAD', 5, '', 'Loose', '42.870', 'Ton', '42.870', 'Ton', 'To be Billed', 10, NULL, 204, 'Booked', 'Pending', NULL, NULL, NULL, NULL, 'Pending', 2, 3, '2026-01-12 12:16:23'),
(502, '02208', '2026-01-11', 116, 120, 0, NULL, NULL, 'BARJORA', 'GHAZIABAD', 8, '', 'Loose', '42.760', 'Ton', '42.760', 'Ton', 'To be Billed', 10, NULL, 206, 'Booked', 'Pending', NULL, NULL, NULL, NULL, 'Pending', 2, 3, '2026-01-12 12:29:00'),
(503, '02209', '2026-01-11', 191, 194, 0, NULL, NULL, 'ANDAL', 'KOLHAPUR', 22, '', 'Loose', '41.640', 'Ton', '41.640', 'Ton', 'To be Billed', 34, NULL, 208, 'Booked', 'Pending', NULL, NULL, NULL, NULL, 'Pending', 2, 3, '2026-01-12 12:38:19'),
(504, '02210', '2026-01-11', 148, 112, 0, NULL, NULL, 'Durgapur', 'GHAZIABAD', 5, '', 'Loose', '43.080', 'Ton', '43.080', 'Ton', 'To be Billed', 10, NULL, 73, 'Booked', 'Pending', NULL, NULL, NULL, NULL, 'Pending', 2, 3, '2026-01-12 12:40:58'),
(505, '03926', '2026-01-12', 62, 74, 0, NULL, NULL, 'Silchar', 'Kumarghat', 3, '1541', 'Cartons', 'FTL', '', 'FTL', '', 'To be Billed', 3, 1, 7, 'Delivered', 'Done', NULL, NULL, NULL, NULL, 'Pending', 3, 2, '2026-01-12 15:46:54'),
(506, '03925', '2026-01-12', 62, 36, 0, NULL, NULL, 'Silchar', 'Silchar', 3, '1388', 'Cartons', 'FTL', '', 'FTL', '', 'To be Billed', 3, 5, 6, 'Delivered', 'Done', NULL, NULL, NULL, NULL, 'Pending', 3, 2, '2026-01-12 15:48:54'),
(507, '03927', '2026-01-12', 1, 109, 0, NULL, NULL, 'Guwahati', 'Gohpur ', 3, '1750', 'Cartons', 'FTL', '', 'FTL', '', 'To be Billed', 3, NULL, 11, 'Delivered', 'Done', NULL, NULL, NULL, NULL, 'Pending', 3, 2, '2026-01-12 15:50:56'),
(508, '08317', '2026-01-13', 21, 195, 0, NULL, NULL, 'Guwahati', 'Udaipur', 3, '1389', 'Cartons', 'FTL', '', 'FTL', '', 'To be Billed', 3, 4, 4, 'Reached', 'Done', NULL, NULL, NULL, NULL, 'Pending', 3, 2, '2026-01-13 11:07:34'),
(509, '03928', '2026-01-13', 1, 196, 0, NULL, NULL, 'Gauripur ', 'Goalpara', 3, '1614', 'Cartons', 'FTL', '', 'FTL', '', 'To be Billed', 3, 6, 12, 'Delivered', 'Done', NULL, NULL, NULL, NULL, 'Pending', 3, 2, '2026-01-13 11:33:50'),
(510, '03929', '2026-01-13', 62, 35, 0, NULL, NULL, 'Silchar', 'Kakraban', 3, '1409', 'Cartons', 'FTL', '', 'FTL', '', 'To be Billed', 31, NULL, 101, 'In Transit', 'Done', NULL, NULL, NULL, NULL, 'Pending', 3, 2, '2026-01-13 15:18:42'),
(511, '03931', '2026-01-13', 62, 58, 0, NULL, NULL, 'Silchar', 'Aizawl', 3, '1282', 'Cartons', 'FTL', '', 'FTL', '', 'To be Billed', 3, 5, 6, 'Delivered', 'Done', NULL, NULL, NULL, NULL, 'Pending', 3, 2, '2026-01-13 15:30:33'),
(512, '02211', '2026-01-13', 116, 152, 0, NULL, NULL, 'BARJORA', 'GHAZIABAD', 5, '', 'Loose', '42.840', 'Ton', '42.840', 'Ton', 'To be Billed', 10, NULL, 211, 'Booked', 'Pending', NULL, NULL, NULL, NULL, 'Pending', 2, 3, '2026-01-14 06:37:17'),
(513, '02212', '2026-01-13', 115, 112, 0, NULL, NULL, 'JAMURIA', 'GHAZIABAD', 5, '', 'Loose', '43.460', 'Ton', '43.460', 'Ton', 'To be Billed', 10, NULL, 168, 'Booked', 'Pending', NULL, NULL, NULL, NULL, 'Pending', 2, 3, '2026-01-14 06:40:05'),
(514, '02213', '2026-01-13', 186, 187, 0, NULL, NULL, 'Durgapur', 'ANDAL', 23, '', 'Loose', 'FTL', 'Kg', 'FTL', 'Kg', 'To be Billed', 44, NULL, 212, 'Booked', 'Pending', NULL, NULL, NULL, NULL, 'Pending', 2, 3, '2026-01-14 06:49:34'),
(515, '03930', '2026-01-15', 62, 172, 0, NULL, NULL, 'Silchar', 'Sabroom', 3, '1378', 'Cartons', 'FTL', '', 'FTL', '', 'To be Billed', 3, 1, 7, 'Reached', 'Done', NULL, NULL, NULL, NULL, 'Pending', 3, 2, '2026-01-15 09:30:08'),
(516, '02214', '2026-01-14', 197, 198, 0, NULL, NULL, 'ANDAL', 'NAGPUR', 24, '', 'Loose', '40.370', 'Ton', '40.370', 'Ton', 'To be Billed', 37, NULL, 213, 'Booked', 'Pending', NULL, NULL, NULL, NULL, 'Pending', 2, 3, '2026-01-15 12:30:53'),
(517, '02215', '2026-01-13', 111, 199, 0, NULL, NULL, 'JAMURIA', 'SIKANDRABAD', 5, '', 'Loose', '34.520', 'Kg', '34.520', 'Kg', 'To be Billed', 16, NULL, 214, 'Booked', 'Pending', NULL, NULL, NULL, NULL, 'Pending', 2, 3, '2026-01-15 12:46:36'),
(518, '02216', '2026-01-14', 115, 112, 0, NULL, NULL, 'JAMURIA', 'GHAZIABAD', 5, '', 'Loose', '42.780', 'Ton', '42.780', 'Ton', 'To be Billed', 10, NULL, 215, 'Booked', 'Pending', NULL, NULL, NULL, NULL, 'Pending', 2, 3, '2026-01-15 12:58:56'),
(519, '02217', '2026-01-15', 200, 112, 0, NULL, NULL, 'BARJORA', 'GHAZIABAD', 5, '', 'Loose', '43.020', 'Ton', '43.020', 'Ton', 'To be Billed', 10, NULL, 216, 'Booked', 'Pending', NULL, NULL, NULL, NULL, 'Pending', 2, 3, '2026-01-15 13:03:24'),
(520, '03932', '2026-01-15', 62, 32, 0, NULL, NULL, 'Silchar', 'Lunglei', 3, '1701', 'Cartons', 'FTL', '', 'FTL', '', 'To be Billed', 3, 5, 6, 'In Transit', 'Done', NULL, NULL, NULL, NULL, 'Pending', 3, 2, '2026-01-15 15:47:59'),
(521, '02218', '2026-01-15', 115, 112, 0, NULL, NULL, 'JAMURIA', 'GHAZIABAD', 5, '', 'Loose', '43.350', 'Ton', '43.350', 'Ton', 'To be Billed', 10, NULL, 217, 'Booked', 'Pending', NULL, NULL, NULL, NULL, 'Pending', 2, 3, '2026-01-16 11:11:56'),
(522, '07786', '2026-01-16', 3, 12, 0, NULL, NULL, 'Choutaki', 'Williamnagar', 1, '910/49', 'Cartons/Pieces', '8251.768', 'Kg', '8251.768', 'Kg', 'To be Billed', 3, 8, 8, 'In Transit', 'Pending', NULL, NULL, NULL, NULL, 'Pending', 3, 2, '2026-01-16 13:02:51'),
(523, '07787', '2026-01-16', 3, 6, 0, NULL, NULL, 'Choutaki', 'Phulbari', 1, '898/00', 'Cartons/Pieces', '8256.205', 'Kg', '8256.205', 'Kg', 'To be Billed', 3, 9, 9, 'In Transit', 'Pending', NULL, NULL, NULL, NULL, 'Pending', 3, 2, '2026-01-16 14:01:37'),
(524, '03933', '2026-01-16', 62, 31, 1, '', '', 'Silchar', 'Belonia', 3, '1263', 'Cartons', 'FTL', '', 'FTL', '', 'To be Billed', 9, NULL, 218, 'In Transit', 'Pending', NULL, NULL, NULL, NULL, 'Pending', 3, 2, '2026-01-16 15:22:30'),
(525, '08321', '2026-01-16', 21, 75, 0, NULL, NULL, 'Guwahati', 'Karimganj', 3, '740', 'Cartons', 'FTL', '', 'FTL', '', 'To be Billed', 2, NULL, 219, 'In Transit', 'Pending', NULL, NULL, NULL, NULL, 'Pending', 3, 2, '2026-01-16 15:24:31'),
(526, '08319', '2026-01-16', 21, 22, 0, NULL, NULL, 'Guwahati', 'Lunglei', 3, '830', 'Cartons', 'FTL', '', 'FTL', '', 'To be Billed', 3, 13, 5, 'In Transit', 'Pending', NULL, NULL, NULL, NULL, 'Pending', 3, 2, '2026-01-16 15:26:34');

-- --------------------------------------------------------

--
-- Table structure for table `shipment_invoices`
--

CREATE TABLE `shipment_invoices` (
  `id` int(11) NOT NULL,
  `shipment_id` int(11) NOT NULL,
  `invoice_no` varchar(100) NOT NULL,
  `invoice_date` date DEFAULT NULL,
  `invoice_amount` decimal(10,2) DEFAULT NULL,
  `eway_bill_no` varchar(100) DEFAULT NULL,
  `eway_bill_expiry` date DEFAULT NULL
) ENGINE=InnoDB DEFAULT CHARSET=utf8mb4 COLLATE=utf8mb4_general_ci;

--
-- Dumping data for table `shipment_invoices`
--

INSERT INTO `shipment_invoices` (`id`, `shipment_id`, `invoice_no`, `invoice_date`, `invoice_amount`, `eway_bill_no`, `eway_bill_expiry`) VALUES
(3, 1, '1224021576/77/1223015407', '2025-10-03', 1004132.00, 'REFER TO INVOICE', '2025-10-04'),
(4, 2, '1224021603/04/1224021557/1223015388/1223015441', '2025-10-03', 996831.00, 'REFER TO INVOICE', '2025-10-04'),
(5, 3, '1223015465/1224021630', '2025-10-04', 800008.00, 'REFER TO INVOICE', '2025-10-05'),
(6, 4, '1223015468/1224021634/35', '2025-10-04', 1120159.00, 'REFER TO INVOICE', '2025-10-05'),
(7, 5, 'Sinv/Asm/432', '2025-10-04', 485057.00, '881586677880', '2025-10-07'),
(10, 6, 'Sinv/Asm/433', '2025-10-04', 459821.00, '801586703347', '2025-10-07'),
(11, 7, 'Sinv/Asm/434', '2025-10-04', 516150.00, '851586727540', '2025-10-07'),
(12, 8, 'Sinv/Asm/422', '2025-10-04', 538292.00, '851586719914', '2025-10-07'),
(13, 9, 'F22571100031', '2025-10-04', 513722.00, '891586763674', '2025-10-05'),
(14, 10, 'Sinv/Asm/426/435', '2025-10-04', 453099.00, '831586773068/841586787570', '2025-10-06'),
(16, 12, '1223015499/1224021657/58', '2025-10-06', 859860.00, 'REFER TO INVOICE', '2025-10-07'),
(17, 13, '1224021662/63/1223015503', '2025-10-06', 899176.00, 'REFER TO INVOICE', '2025-10-07'),
(18, 14, 'F22570101337/F22521201200', '2025-10-06', 513587.00, '801587370658/821587370386', '2025-10-08'),
(19, 15, 'F22571100034', '2025-10-06', 481844.00, '801587440696', '2025-10-07'),
(20, 16, 'F22571100035', '2025-10-06', 636457.00, '831587487816', '2025-10-07'),
(21, 17, '1223015522/1224021672', '2025-10-07', 803079.00, 'REFER TO INVOICE', '2025-10-08'),
(23, 19, '1224021675/76/1223015524', '2025-10-07', 1133468.00, 'REFER TO INVOICE', '2025-10-08'),
(24, 20, 'F22570101346/F22521201207', '2025-10-07', 548698.00, '811587845993/881587845572', '2025-10-08'),
(26, 22, 'F22570101349/F22521201210', '2025-10-08', 498550.00, '801588256865/841588256643', '2025-10-10'),
(27, 23, '1100321934/35', '2025-10-08', 953350.00, '372092498600/322093409776', '2025-10-11'),
(28, 24, '1100321936', '2025-10-08', 371637.36, '342093574348', '2025-10-11'),
(31, 27, '1224021727/1223015570', '2025-10-09', 616034.00, 'REFER TO INVOICE', '2025-10-10'),
(32, 28, 'F22571100040', '2025-10-09', 443536.00, '841588888082', '2025-10-11'),
(33, 29, 'F22571100038', '2025-10-09', 488152.00, '841588854434', '2025-10-10'),
(34, 30, 'Sinv/Asm/441', '2025-10-09', 561874.00, '871588804467', '2025-10-11'),
(35, 31, 'F22571100042', '2025-10-10', 444088.00, '801589315769', '2025-10-11'),
(38, 33, '1224021741/40/1223015587', '2025-10-10', 900087.00, 'REFER TO INVOICE', '2025-10-11'),
(39, 34, 'Sinv/Asm/443', '2025-10-10', 562244.00, '831589290775', '2025-10-15'),
(40, 35, 'F22570101361/F22521201221', '2025-10-10', 474557.00, '811589343130/871589342966', '2025-10-12'),
(41, 36, '1224021755/56/1223015604', '2025-10-10', 754373.00, 'REFER TO INVOICE', '2025-10-11'),
(42, 37, '1223015605/1224021757/58', '2025-10-10', 700370.00, 'REFER TO INVOICE', '2025-10-11'),
(43, 38, 'F22570101359/F22521201219', '2025-10-10', 465962.00, '88158933190/821589332988', '2025-10-13'),
(45, 40, 'F22571100044', '2025-10-11', 342294.00, '891589723927', '2025-10-12'),
(46, 41, 'F22571100045', '2025-10-11', 440328.00, '891589892032', '2025-10-12'),
(47, 39, '1223015608/1224021762/63', '2025-10-11', 1123141.00, 'REFER TO INVOICE', '2025-10-12'),
(48, 32, '1224021744/45/1223015589', '2025-10-10', 1099932.00, 'REFER TO INVOICE', '2025-10-11'),
(49, 26, '1223015568/1224021723/24', '2025-10-09', 655892.00, 'REFER TO INVOICE', '2025-10-10'),
(50, 25, '1223015566/1223015565/1224021719/20', '2025-10-09', 763171.00, 'REFER TO INVOICE', '2025-10-10'),
(51, 42, '1224021796/97/1223015642', '2025-10-13', 800199.00, 'REFER TO INVOICE', '2025-10-14'),
(52, 43, '1223015643/1224021798/99', '2025-10-13', 950454.00, 'REFER TO INVOICE', '2025-10-14'),
(53, 44, '1223015644/1224021800/01', '2025-10-13', 1050238.00, 'REFER TO INVOICE', '2025-10-14'),
(54, 45, 'F22570101381/F22521201239', '2025-10-13', 497197.00, '831590592798/851590593601', '2025-10-15'),
(55, 46, 'FG2G/25-26/2627', '2025-10-13', 662731.35, '881590684780', '2025-10-15'),
(56, 47, '1223015664/1224021815/16', '2025-10-14', 1029973.00, 'REFER TO INVOICE', '2025-10-15'),
(57, 48, '1224021817/18/1223015665', '2025-10-14', 1310137.00, 'REFER TO INVOICE', '2025-10-15'),
(58, 49, '192014004', '2025-10-14', 297333.00, '811591063408', '2025-10-17'),
(59, 50, '192014012', '2025-10-14', 390186.00, '821591062619', '2025-10-16'),
(60, 51, 'Sinv/Asm/446', '2025-10-14', 566056.00, '851591038606', '2025-10-17'),
(61, 52, '1223015671/1224021826/27', '2025-10-14', 971550.00, 'REFER TO INVOICE', '2025-10-15'),
(62, 53, '1223015692/1224021842', '2025-10-14', 829751.00, 'REFER TO INVOICE', '2025-10-15'),
(63, 54, '1224021841/1223015691', '2025-10-14', 797172.00, 'REFER TO INVOICE', '2025-10-15'),
(64, 55, 'F22570101393/F22521201251', '2025-10-14', 489190.00, '851591222056/891591222339', '2025-10-15'),
(65, 56, 'F22571100050', '2025-10-14', 426621.00, '821591270519', '2025-10-15'),
(66, 57, '1224021843/44/1223015693', '2025-10-15', 1063548.00, 'REFER TO INVOICE', '2025-10-16'),
(67, 58, '1224021855/56/1223015703', '2025-10-15', 810406.00, 'REFER TO INVOICE', '2025-10-16'),
(68, 59, '1224021853/54/1223015702', '2025-10-15', 732265.00, 'REFER TO INVOICE', '2025-10-16'),
(69, 60, 'Sinv/Asm/451', '2025-10-15', 510745.00, '811591761672', '2025-10-19'),
(70, 61, 'F22571100053', '2025-10-15', 428894.00, '881591796451', '2025-10-17'),
(71, 21, '1223015544/1224021695/96', '2025-10-08', 949678.00, 'REFER TO INVOICE', '2025-10-09'),
(72, 18, '1223015523/1224021558/59/1224021673/74', '2025-10-07', 1126761.00, 'REFER TO INVOICE', '2025-10-08'),
(73, 11, '1223015500/1223015390/1224021560/61/1224021659', '2025-10-06', 999966.00, 'REFER TO INVOICE', '2025-10-07'),
(74, 62, '1224021865/66/1223015715', '2025-10-16', 860438.00, 'REFER TO INVOICE', '2025-10-17'),
(75, 63, '1223015716/1224021867/68', '2025-10-16', 839014.00, 'REFER TO INVOICE', '2025-10-17'),
(76, 64, 'F22570101403/F22521201260', '2025-10-16', 549488.00, '881592198458/861592198171', '2025-10-19'),
(77, 65, 'Sinv/Asm/453', '2025-10-16', 462702.00, '841592004856', '2025-10-18'),
(78, 66, 'Sinv/Asm/454', '2025-10-16', 484278.00, '801592104758', '2025-10-19'),
(79, 67, 'Sinv/Asm/456', '2025-10-16', 481609.00, '841592251650', '2025-10-19'),
(81, 69, '1223015732/1224021877/78', '2025-10-17', 587310.00, 'REFER TO INVOICE', '2025-10-18'),
(82, 70, 'F22571100056', '2025-10-16', 491067.00, '891592323602', '2025-10-18'),
(83, 71, 'F22570101413/F22521201270', '2025-10-17', 551877.00, '851592792657/801592792483', '2025-10-19'),
(84, 72, 'F22570101416/F22521201273', '2025-10-18', 504107.00, '861593228211/851593227989', '2025-10-20'),
(85, 73, 'F22571100059', '2025-10-18', 443917.00, '881593283019', '2025-10-20'),
(86, 74, 'F22571100060', '2025-10-18', 442357.00, '881593286570', '2025-10-19'),
(88, 76, '1223015792/1224021929/30/31', '2025-10-21', 1575889.00, 'REFER TO INVOICE', '2025-10-22'),
(89, 77, '1224021932/33/1223015793', '2025-10-21', 948785.00, 'REFER TO INVOICE', '2025-10-22'),
(90, 78, '1224021957/58/1223015813', '2025-10-22', 910419.00, 'REFER TO INVOICE', '2025-10-23'),
(91, 79, '1224021963/64/1223015816', '2025-10-22', 1055101.00, 'REFER TO INVOICE', '2025-10-23'),
(92, 80, 'F22570101425', '2025-10-22', 519831.00, '831594455190', '2025-10-24'),
(93, 81, 'Sinv/Asm/462', '2025-10-21', 468980.00, '821594433669', '2025-10-26'),
(94, 82, 'Sinv/Asm/465', '2025-10-21', 88318.00, '801594452840', '2025-10-26'),
(95, 83, 'F22571100066', '2025-10-22', 445499.00, '871594507477', '2025-10-23'),
(96, 84, '1223015832/1224021972/73', '2025-10-23', 1238841.00, 'REFER TO INVOICE', '2025-10-24'),
(97, 85, '1223015842/1224021987/88', '2025-10-23', 994251.00, 'REFER TO INVOICE', '2025-10-24'),
(98, 86, 'Sinv/Asm/474', '2025-10-23', 482173.00, '871594851741', '2025-10-27'),
(99, 87, 'Sinv/Asm/472', '2025-10-23', 468965.00, '821594803114', '2025-10-26'),
(100, 88, 'Sinv/Asm/475', '2025-10-23', 556813.00, '871594853734', '2025-10-25'),
(101, 89, '1223015858/1224022001/02', '2025-10-24', 799670.00, 'REFER TO INVOICE', '2025-10-25'),
(102, 90, '1224022004/1224022003/1223015859', '2025-10-24', 886908.00, 'REFER TO INVOICE', '2025-10-25'),
(103, 91, 'F22571100069', '2025-10-24', 441967.00, '841595239330', '2025-10-25'),
(105, 92, '1224022008/07/1223015861', '2025-10-24', 1099873.00, 'REFER TO INVOICE', '2025-10-25'),
(107, 93, 'F22521201302/F22570101488', '2025-10-25', 461058.00, '851595549191/851595549485', '2025-10-27'),
(108, 94, '1223015878/1224022023/24', '2025-10-25', 1502486.00, 'REFER TO INVOICE', '2025-10-26'),
(109, 95, '1223015877/1224022021/22', '2025-10-25', 776799.00, 'REFER TO INVOICE', '2025-10-26'),
(110, 96, 'SINV/ASM/478', '2025-10-25', 556734.00, '811595667222', '2025-10-29'),
(111, 97, '1224022027/26/1223015879', '2025-10-25', 810293.00, 'REFER TO INVOICE', '2025-10-26'),
(112, 98, 'SINV/ASM/479', '2025-10-25', 559280.00, '841595714361', '2025-10-29'),
(113, 99, 'F22570101455/F22521201309', '2025-10-25', 501247.00, '851595751329/881595751005', '2025-10-27'),
(114, 100, 'F31055000004/F32572000010', '2025-10-25', 510229.00, '861595806789/801595806624', '2025-10-27'),
(115, 101, '1223015903', '2025-10-27', 502896.00, 'Refer To Invoice', NULL),
(116, 101, '1224022044', '2025-10-27', 196617.00, 'Refer To Invoice', NULL),
(117, 102, '1223015904', '2025-10-27', 316613.00, 'Refer To Invoice', NULL),
(118, 102, '1224022045', '2025-10-27', 1186568.00, 'Refer To Invoice', NULL),
(119, 103, '1224022055/56', '2025-10-27', 870329.00, 'Refer To Invoice', '2025-10-28'),
(120, 103, '1223015915', '2025-10-27', 327727.00, 'Refer To Invoice', '2025-10-28'),
(121, 104, '1224022056/55/1223015915', '2025-10-27', 1198056.00, 'REFER TO INVOICE', '2025-10-28'),
(122, 105, 'F22571100074', '2025-10-27', 449688.00, '891596387055', '2025-10-29'),
(123, 106, 'Sinv/Asm/480', '2025-10-27', 552595.00, '811596303747', '2025-10-30'),
(124, 107, 'Sinv/Asm/481', '2025-10-27', 597408.00, '801596350050', '2025-10-30'),
(125, 108, 'Sinv/Asm/484', '2025-10-28', 561397.00, '871596678966', '2025-10-31'),
(126, 109, '1223015922/1224022061/62', '2025-10-28', 1198757.00, 'REFER TO INVOICE', '2025-10-29'),
(127, 110, 'Sinv/Asm/486', '2025-10-28', 498403.00, '881596746112', '2025-10-30'),
(128, 111, '1223015924/1224022065/66', '2025-10-28', 991207.00, 'REFER TO INVOICE', '2025-10-29'),
(129, 112, '1223015925/1224022068/67', '2025-10-28', 920266.00, 'REFER TO INVOICE', '2025-10-29'),
(130, 113, '1223015939/1224022079/80', '2025-10-28', 1116256.00, 'REFER TO INVOICE', '2025-10-29'),
(131, 114, 'Sinv/Asm/487', '2025-10-28', 510493.00, '801596783579', '2025-11-01'),
(132, 115, 'F22570101463/F22521201317', '2025-10-27', 549532.00, '821596413854/861596413773', '2025-10-30'),
(133, 116, 'F22521201327/F22570101474', '2025-10-29', 642557.00, '841597130060/861597129626', '2025-11-03'),
(134, 117, '1224022093/92/1223015948', '2025-10-29', 809583.00, 'REFER TO INVOICE', '2025-10-30'),
(136, 119, '1224022113/14', '2025-10-30', 1111498.00, 'REFER TO INVOICE', '2025-10-31'),
(137, 120, '1224022116/17/1223015970', '2025-10-30', 800902.00, 'REFER TO INVOICE', '2025-10-31'),
(138, 118, 'Sinv/Asm/489', '2025-10-30', 567751.00, '881597575966', '2025-11-03'),
(139, 121, '1224022112/22/1223015973', '2025-10-30', 1098974.00, 'REFER TO INVOICE', '2025-10-31'),
(140, 122, 'F22571100084', '2025-10-30', 433024.00, '861597771667', '2025-10-31'),
(141, 123, 'F22571100085', '2025-10-30', 408316.00, '831597774753', '2025-10-31'),
(142, 124, 'F22570101487/F22521201339', '2025-10-30', 560604.00, '801597723842/831597723656', '2025-11-01'),
(144, 125, '1223015996/1224022140/41', '2025-10-31', 901567.00, 'REFER TO INVOICE', '2025-11-01'),
(145, 126, '1224022145/46/47/1223015999', '2025-10-31', 1554179.00, 'REFER TO INVOICE', '2025-11-01'),
(147, 127, '1224022025/1224022149/48/1223016000', '2025-10-31', 831592.00, 'REFER TO INVOICE', '2025-11-01'),
(148, 128, '1223016019/1224022155/56', '2025-10-31', 768912.00, 'REFER TO INVOICE', '2025-11-01'),
(150, 129, '1223016021/1224022125/1224022159', '2025-10-31', 2054703.00, 'REFER TO INVOICE', '2025-11-01'),
(151, 130, 'F22571100087', '2025-10-31', 458318.00, '871598221698', '2025-11-02'),
(152, 131, 'F22570101498/F22521201349', '2025-10-31', 510299.00, '801598249318', '2025-11-02'),
(153, 132, '1223016029/1224022172/73', '2025-10-31', 1176537.00, 'REFER TO INVOICE', '2025-11-02'),
(154, 133, '1223016028/1224022170/71', '2025-10-31', 899449.00, 'REFER TO INVOICE', '2025-11-02'),
(155, 134, 'Sinv/Asm/494', '2025-10-31', 555042.00, '881598647280', '2025-11-05'),
(156, 135, '1223016042/1223016030/1224022184/85/1224022174', '2025-10-31', 1819507.00, 'REFER TO INVOICE', '2025-11-03'),
(157, 136, '1223016026/1224022166/67', '2025-10-31', 929653.00, 'REFER TO INVOICE', '2025-11-03'),
(158, 137, '192014062/191221267', '2025-11-03', 549141.00, '891599210732/372110837587', '2025-11-06'),
(159, 138, 'F22571100089', '2025-11-03', 441828.00, '821599260893', '2025-11-04'),
(160, 75, 'F22521201276/F225701419', '2025-10-19', 346282.00, '811593476729/841593476249', '2025-10-22'),
(161, 68, 'F22571100054', '2025-10-16', 401922.00, '811592229517', '2025-10-17'),
(162, 139, 'SINV/ASM/498', '2025-11-03', 576226.00, '881599315609', '2025-11-07'),
(163, 141, '1223016072/1224022206', '2025-11-04', 899248.00, 'REFER TO INVOICE', '2025-11-05'),
(164, 142, '1224022207/1223016073', '2025-11-04', 750548.00, 'REFER TO INVOICE', '2025-11-05'),
(166, 144, 'SG25Y-06679', '2025-11-01', 1992207.29, '871598716008', '2025-11-06'),
(167, 145, 'SARSD/2526/01393', '2025-11-01', 2244036.00, '801598773002', '2025-11-08'),
(168, 146, 'SG25Y-06697', '2025-11-02', 1961817.00, '861598908008', '2025-11-09'),
(169, 147, 'SARSD/2526/01401', '2025-11-03', 2086533.00, '851599335512', '2025-11-08'),
(170, 140, 'DS1925063764', '2025-11-01', 2031095.00, '861598762558/831598761291', '2025-11-06'),
(171, 148, 'SG25Y-06740', '2025-11-04', 2005679.34, '801599660154', '2025-11-10'),
(174, 150, 'OS0511013905', '2025-11-04', 1977979.00, '891599768989', '2025-11-12'),
(175, 151, 'OS0511013904', '2025-11-04', 1982152.00, '811599768985', '2025-11-12'),
(176, 152, 'F22571100091', '2025-11-04', 452845.00, '861599780041', '2025-11-05'),
(177, 153, 'Sinv/Asm/504', '2025-11-04', 498993.00, '841599795643', '2025-11-08'),
(178, 149, 'OS0511013902', '2025-11-04', 1974999.00, '831599768981', '2025-11-12'),
(179, 143, 'SARSD/2526/01389', '2025-11-01', 2140272.00, '821598683781', '2025-11-07'),
(180, 154, '1223016087/1224022216/17', '2025-11-05', 875775.00, 'REFER TO INVOICE', '2025-11-06'),
(183, 157, 'F22521201365/F22570101514', '2025-11-05', 554311.00, '801600145032/801600145160', '2025-11-08'),
(184, 158, 'F22570101516/F22521201367', '2025-11-05', 499155.00, '831600156103/861600155969', '2025-11-07'),
(185, 159, '1223016090/1224022222/23', '2025-11-05', 1198188.00, 'REFER TO INVOICE', '2025-11-06'),
(186, 156, 'OS0511013943', '2025-11-05', 1952942.00, '851600075763', '2025-11-13'),
(188, 155, 'OS0511013942', '2025-11-05', 2008368.00, '821600075751', '2025-11-13'),
(189, 160, 'F22570101519/F22521201370', '2025-11-06', 474394.00, '811600201135/811600201056', '2025-11-07'),
(190, 161, '1224022235/1223016106', '2025-11-06', 887499.00, 'REFER TO INVOICE', '2025-11-07'),
(191, 162, '1224022236/1223016103/1223016108/1224022232', '2025-11-06', 1014362.00, 'REFER TO INVOICE', '2025-11-07'),
(192, 163, 'OS0511014006', '2025-11-06', 2006561.00, '851600474267', '2025-11-14'),
(193, 164, 'OS0511014007', '2025-11-06', 1988489.00, '861600474273', '2025-11-14'),
(194, 165, 'OS0511014012', '2025-11-06', 2063186.00, '801600563106', '2025-11-14'),
(196, 166, 'OS0511014037', '2025-11-07', 2005959.00, '841600842177', '2025-11-15'),
(198, 168, 'SARSD/25-26/01416', '2025-11-05', 1713680.00, '871600158057', '2025-11-10'),
(199, 169, '1223016128', '2025-11-07', 585014.00, 'REFER TO INVOICE', '2025-11-08'),
(200, 170, '1224022256/55/1223016129', '2025-11-07', 799856.00, 'REFER TO INVOICE', '2025-11-08'),
(201, 171, 'OS0511014067', '2025-11-07', 2069210.00, '831600968144', '2025-11-15'),
(202, 172, 'F22571100095', '2025-11-07', 266871.00, '871600950268', '2025-11-08'),
(203, 173, 'Sinv/Asm/508', '2025-11-07', 497663.00, '891601013946', '2025-11-10'),
(204, 167, 'OS0511014036', '2025-11-07', 2006561.00, '861600842173', '2025-11-15'),
(205, 174, 'F22570101531/F22521201380', '2025-11-07', 550386.00, '811600997098/801600996865', '2025-11-08'),
(206, 175, '1223016148/1224022265/66', '2025-11-08', 680196.00, 'REFER TO INVOICE', '2025-11-09'),
(207, 176, '1224022267/68/1223016149', '2025-11-08', 848424.00, 'Refer To Invoice', '2025-11-09'),
(208, 177, 'SINV/ASM/509', '2025-11-08', 508356.00, '811601423295', '2025-11-11'),
(209, 178, 'SG25Y-06803', '2025-11-07', 2051125.57, '821601066712', '2025-11-14'),
(211, 179, 'SG25Y-06802', '2025-11-07', 200547.04, '891601066487', '2025-11-14'),
(212, 180, '1223016158/1224022273/74', '2025-11-08', 1199969.00, 'Refer To Invoice', '2025-11-09'),
(213, 181, 'OS0511014166', '2025-11-09', 1948129.00, '851601707571', '2025-11-16'),
(214, 182, 'OS0511014163', '2025-11-09', 1941503.00, '851601709069', '2025-11-16'),
(215, 183, 'F22571100097', '2025-11-09', 707683.00, '821601665564', '2025-11-10'),
(216, 184, '1100321954', '2025-11-10', 400895.00, '392113584079', '2025-11-10'),
(217, 185, '191221392', '2025-11-10', 370720.00, '392113584079', '2025-11-15'),
(218, 186, '1224022294/93/1223016192', '2025-11-10', 748829.00, 'REFER TO INVOICE', '2025-11-11'),
(219, 187, '1224022296/95/1223016191', '2025-11-10', 712510.00, 'REFER TO INVOICE', '2025-11-11'),
(220, 188, 'SD25Y-04270', '2025-11-10', 1433022.00, '821601965125', '2025-11-17'),
(221, 189, 'SG25Y-06833', '2025-11-10', 1995610.00, '831601954014', '2025-11-17'),
(222, 190, 'SARSD/25-26/01445', '2025-11-10', 2138309.00, '891602105213', '2025-11-17'),
(223, 191, 'OS0511012465/OS0511014275', '2025-11-10', 1977004.00, '861602063462/811602108177', '2025-11-16'),
(224, 192, 'F225711000100', '2025-11-10', 413631.00, '881602169993', '2025-11-11'),
(225, 193, 'Sinv/Asm/511', '2025-11-10', 555889.00, '831602183732', '2025-11-14'),
(226, 194, '1100321957/1100321955', '2025-11-11', 844055.90, '362114956955/372113584817', '2025-11-12'),
(227, 195, '1223016207/1224022304/03', '2025-11-11', 917255.00, 'REFER TO INVOICE', '2025-11-12'),
(228, 196, 'sg25y-06847', '2025-11-10', 1952990.00, '811602148540', '2025-11-17'),
(229, 197, 'SG25Y-06846', '2025-11-10', 2021205.21, '821602147975', '2025-11-17'),
(230, 198, '1223016222/1224022312/13', '2025-11-11', 800182.00, 'REFER TO INVOICE', '2025-11-12'),
(231, 199, 'F22571100103', '2025-11-11', 690980.00, '811602574349', '2025-11-14'),
(232, 200, '25-26/02323', '2025-11-09', 24205.00, 'REFAR TO INVOICE', '2025-11-13'),
(233, 201, '25-26/1376', '2025-11-11', 2217412.00, '811602357555', '2025-11-14'),
(234, 202, 'Sinv/Asm/515', '2025-11-11', 566461.00, '821602591479', '2025-11-15'),
(235, 203, 'F22570101545/F22521201394', '2025-11-11', 550243.00, '881602642650/851602642581', '2025-11-14'),
(236, 204, '1224022314/15/1223016231', '2025-11-12', 984688.00, 'Refer To Invoice', '2025-11-13'),
(237, 205, '1224022324/23/22/1223016247', '2025-11-12', 1074593.00, 'REFER TO INVOICE', '2025-11-13'),
(238, 206, '1224022326/25/1223016248', '2025-11-12', 953215.00, 'Refer To Invoice', '2025-11-13'),
(239, 207, '1224022329/30/1223016250', '2025-11-12', 850088.00, 'Refer To Invoice', '2025-11-13'),
(240, 208, '1224022332/31/1223016251', '2025-11-12', 1755074.00, 'REFER TO INVOICE', '2025-11-13'),
(241, 209, 'F22570101552/F22521201401', '2025-11-12', 690857.00, '841603055363/821603055114', '2025-11-15'),
(242, 210, 'F22571100105', '2025-11-12', 443113.00, '821603083384', '2025-11-13'),
(243, 211, 'F22571100106', '2025-11-13', 192343.00, '831603388956', '2025-11-14'),
(244, 212, '1223016271/1224022346/47', '2025-11-13', 758545.00, 'Refer To Invoice', '2025-11-14'),
(245, 213, 'SINV/ASM/519', '2025-11-13', 542333.00, '821603461027', '2025-11-15'),
(246, 214, 'SINV/ASM/520', '2025-11-13', 622935.00, '851603485604', '2025-11-16'),
(247, 215, 'SARSD/25-26/01456', '2025-11-13', 2098373.00, '811603308929', '2025-11-18'),
(248, 216, 'SG25Y-06923', '2025-11-13', 2027865.42, '881603553827', '2025-11-20'),
(249, 217, 'SG25Y-06925', '2025-11-13', 2034047.14, '851603554553', '2025-11-20'),
(250, 218, 'F22571100109', '2025-11-14', 277422.00, '861603812045', '2025-11-15'),
(251, 219, '1224022378/77/1223016293', '2025-11-14', 1048299.00, 'REFER TO INVOICE', '2025-11-15'),
(253, 220, 'SARSD/25-26/01415', '2025-11-05', 2364065.00, '801600071290', '2025-11-13'),
(254, 221, '1223016296/1224022384', '2025-11-14', 1475445.00, 'REFER TO INVOICE', '2025-11-15'),
(256, 222, 'F22521201419/F22570101571', '2025-11-14', 501383.00, '831603950122/801603950222', '2025-11-16'),
(257, 223, 'Sinv/Asm/524', '2025-11-14', 478897.00, '831603978629', '2025-11-17'),
(258, 224, 'SARSD/25-26/01475', '2025-11-14', 2026992.00, '821603990592', '2025-11-21'),
(260, 225, 'F22571100112', '2025-11-15', 635655.00, '831604266226', '2025-11-18'),
(261, 226, 'Sinv/Asm/525', '2025-11-15', 620131.00, '871604227960', '2025-11-19'),
(262, 227, '1224022395/94/1223016315', '2025-11-15', 754370.00, 'Refer to invoice', '2025-11-16'),
(263, 228, '1224022396/1223016316', '2025-11-15', 829951.00, 'Refer to invoice', '2025-11-16'),
(264, 229, 'F22570101574/F22521201422', '2025-11-15', 466886.00, '861604308671/861604308527', '2025-11-19'),
(265, 230, 'F22570101573/F22521201421', '2025-11-15', 487263.00, '851604297867/821604297867', '2025-11-18'),
(266, 231, 'F22570101577/F22521201425', '2025-11-15', 460643.00, '891604385660/881604385660', '2025-11-18'),
(267, 232, 'Sinv/Asm/526', '2025-11-15', 510857.00, '801604232471', '2025-11-18'),
(268, 233, 'F22570101582/F22521201430', '2025-11-15', 441621.00, '881604435045/831604435334', '2025-11-18'),
(269, 234, 'F22570101583F22521201431', '2025-11-15', 503565.00, '831604436634/871604436751', '2025-11-18'),
(270, 235, 'Sinv/Asm/529', '2025-11-15', 524929.00, '831604416371', '2025-11-18'),
(271, 236, 'Sinv/Asm/531/532', '2025-11-15', 519520.00, '851604427407/871604428831', '2025-11-19'),
(272, 237, 'Sinv/Asm/533/530', '2025-11-15', 513225.00, '811604429654/841604422201', '2025-11-19'),
(273, 238, 'SG25Y-07008', '2025-11-16', 2026583.00, '851604509383', '2025-11-20'),
(274, 239, 'SINV/ASM/534', '2025-11-17', 601410.00, '821604954795', '2025-11-19'),
(275, 240, 'MSS/25-26/3945', '2025-11-15', 2180490.00, '421647085027', '2025-11-22'),
(276, 241, 'SG25Y-07043', '2025-11-17', 2040560.45, '851604738440', '2025-11-21'),
(277, 242, '1224022425/1223016362', '2025-11-17', 1094491.00, 'REFER TO INVOICE', '2025-11-18'),
(278, 243, '1224022439/38/1223016384', '2025-11-18', 1099638.00, 'REFER TO INVOICE', '2025-11-19'),
(279, 244, '1224022437/1223016383', '2025-11-18', 895347.00, 'REFER TO INVOICE', '2025-11-19'),
(280, 245, 'F22570101589/F22521201437', '2025-11-18', 505742.00, '821605388315/861605388106', '2025-11-20'),
(281, 246, '1224022441/40/1223016385', '2025-11-18', 1199754.00, 'REFER TO INVOICE', '2025-11-19'),
(282, 247, 'Sinv/Asm/538', '2025-11-18', 610122.00, '891605426731', '2025-11-22'),
(283, 248, 'F22570101592', '2025-11-19', 529249.00, '811605797761', '2025-11-21'),
(284, 249, 'F22570101594/F22521201441', '2025-11-19', 487139.00, '811605948682/841605948579', '2025-11-21'),
(285, 250, 'F22570101596/F22521201443', '2025-11-19', 503629.00, '811605952597/881605952390', '2025-11-22'),
(286, 251, 'sg25y-07067', '2025-11-18', 2037188.58, '831605337691', '2025-11-24'),
(287, 252, 'SG25Y-07099', '2025-11-19', 2040637.44, '861605879316', '2025-11-26'),
(288, 253, '1224022465/64/1223016420', '2025-11-20', 947879.00, 'REFER TO INVOICE', '2025-11-21'),
(289, 254, 'SD25Y-04498', '2025-11-21', 1395896.00, 'REFAR TO INVOICE', '2025-11-26'),
(290, 255, '9432501576', '2025-11-20', 1971335.00, 'REFAR TO INVOICE', '2025-11-25'),
(291, 256, '9009/25-26', '2025-11-19', 2319663.00, 'REFAR TO INVOICE', '2025-11-29'),
(292, 257, '1224022486/85/1223016451', '2025-11-21', 1497728.00, 'REFER TO INVOICE', '2025-11-22'),
(294, 258, '1224022489/90/1223016453', '2025-11-21', 710736.00, 'REFER TO INVOICE', '2025-11-22'),
(295, 259, '1224022502/03/1223016464', '2025-11-22', 1106737.00, 'REFER TO INVOICE', '2025-11-23'),
(296, 260, '1223016470/1224022511', '2025-11-22', 1032428.00, 'REFER TO INVOICE', '2025-11-23'),
(297, 261, 'Sinv/Asm/551', '2025-11-22', 496766.00, '841607178385', '2025-11-26'),
(299, 263, 'Sinv/Asm/546', '2025-11-22', 511014.00, '881607190844', '2025-11-25'),
(300, 264, 'Sinv/Asm/552', '2025-11-22', 510775.00, '821607305437', '2025-11-24'),
(301, 265, 'Sinv/Asm/545', '2025-11-21', 586345.00, '821606868126', '2025-11-25'),
(302, 266, 'sg25y-07152', '2025-11-21', 2061820.79, 'REFAR TO INVOICE', '2025-11-28'),
(303, 267, 'SG25Y-07163', '2025-11-22', 2058823.00, 'REFAR TO INVOICE', '2025-11-29'),
(304, 268, 'SARSD/25-26/01536', '2025-11-22', 2155577.00, 'REFAR TO INVOICE', '2025-11-29'),
(305, 269, 'SG25Y-07204', '2025-11-23', 2098660.00, 'REFAR TO INVOICE', '2025-11-30'),
(306, 270, 'SARSD/25-26/01541', '2025-11-23', 2165973.00, 'REFAR TO INVOICE', '2025-11-30'),
(307, 271, 'F22521201468/F22570101620', '2025-11-24', 499519.00, '821607730923/841607730552', '2025-11-26'),
(309, 272, '1224022523/22/1223016491', '2025-11-24', 1080033.00, 'REFER TO INVOICE', '2025-11-25'),
(310, 273, '1224022524/1223016492', '2025-11-24', 1134992.00, 'REFER TO INVOICE', '2025-11-25'),
(311, 274, '1224022535/34/1223016513', '2025-11-24', 1399532.00, 'REFER TO INVOICE', '2025-11-25'),
(312, 275, '1223016512/1224022532/33', '2025-11-24', 765537.00, 'REFER TO INVOICE', '2025-11-25'),
(313, 276, 'Sinv/Asm/554', '2025-11-24', 661885.00, '851607903735', '2025-11-27'),
(314, 277, 'F22571100130', '2025-11-24', 438389.00, '841607998978', '2025-11-25'),
(315, 278, '1224022546/45/1223016526', '2025-11-25', 1293403.00, 'REFER TO INVOICE', '2025-11-26'),
(316, 279, '1224022553/54/1223016533', '2025-11-25', 787242.00, 'REFER TO INVOICE', '2025-11-26'),
(317, 280, '1223016535/1224022557/58', '2025-11-25', 836236.00, 'REFER TO INVOICE', '2025-11-26'),
(318, 281, 'F22571100132', '2025-11-25', 492643.00, '821608345825', '2025-11-26'),
(319, 282, 'SINV/ASM/559', '2025-11-26', 626450.00, '801608663734', '2025-11-29'),
(320, 283, '1223016559/1224022580', '2025-11-26', 1100863.00, 'Refer to invoice', '2025-11-27'),
(321, 284, 'F22571100134', '2025-11-26', 481442.00, '841608865981', '2025-11-27'),
(323, 286, 'F22521201486/F22570101638', '2025-11-26', 549482.00, '841608929472/811608929783', '2025-11-27'),
(324, 285, 'F22521201487/F22570101639', '2025-11-26', 503206.00, '841608929229/861608929283', '2025-11-28'),
(325, 287, 'SG25Y-07311', '2025-11-26', 2061494.82, '881608949203', '2025-12-01'),
(326, 288, '1223016575/1224022592/91', '2025-11-27', 991845.00, 'REFER TO INVOICE', '2025-11-28'),
(327, 289, '1224022597/96/1223016583', '2025-11-27', 837377.00, 'REFER TO INVOICE', '2025-11-28'),
(328, 290, 'F22571100138', '2025-11-27', 458281.00, '811609339783', '2025-11-29'),
(330, 291, 'F22570101650/F22521201496', '2025-11-28', 495218.00, '831609610910/861609610654', '2025-12-01'),
(331, 292, 'SINV/ASM/562', '2025-11-28', 618545.00, '841609744014', '2025-12-01'),
(332, 293, 'Sinv/Asm/563', '2025-11-28', 485952.00, '821609853301', '2025-12-01'),
(333, 294, '1223016617/1224022628/29', '2025-11-29', 976039.00, 'REFER TO INVOICE', '2025-12-01'),
(335, 295, '1224022631', '2025-11-29', 2033123.00, '831610305922', '2025-11-30'),
(336, 296, '1223016623/1224022634/35', '2025-11-29', 899962.00, 'Refer To Invoice', '2025-11-30'),
(337, 297, '1223016624/1224022636', '2025-11-29', 628094.00, 'REFER TO INVOICE', '2025-11-30'),
(338, 298, 'GS/25-26/157', '2025-11-25', 3544295.00, 'REFAR TO INVOICE', '2025-11-29'),
(339, 299, 'Sinv/Asm/565', '2025-11-29', 504236.00, '891610203653', '2025-12-02'),
(340, 300, 'Sinv/Asm/564', '2025-11-29', 474477.00, '891609861066', '2025-12-01'),
(341, 301, 'Sinv/Asm/566', '2025-11-29', 498873.00, '811610371703', '2025-12-02'),
(342, 302, 'F22570101669/F22521201515', '2025-11-29', 490811.00, '801610430519/891610430826', '2025-11-30'),
(343, 303, '1223016629/1224022646/45', '2025-11-29', 624629.00, 'REFER TO INVOICE', '2025-11-30'),
(344, 304, '1223016631/1224022650/51', '2025-11-30', 1050006.00, 'REFER TO INVOICE', '2025-12-01'),
(345, 305, '1224022652/1223016632', '2025-11-30', 1447315.00, 'REFER TO INVOICE', '2025-12-01'),
(346, 306, '1223016647/1224022664/63', '2025-11-30', 1408574.00, 'REFER TO INVOICE', '2025-12-01'),
(347, 307, '1224022667/68/1223016649', '2025-11-30', 849908.00, 'REFER TO INVOICE', '2025-12-01'),
(349, 308, 'SG25Y-07406', '2025-11-30', 2067689.23, '881610791605', '2025-12-05'),
(351, 309, 'F22571100147', '2025-11-30', 443640.00, '851610796234', '2025-12-01'),
(352, 310, '1223016674/1224022669/1224022692', '2025-12-01', 728921.00, 'REFER TO INVOICE', '2025-12-02'),
(353, 311, 'SARSD/25-26/01604', '2025-11-29', 1975475.00, 'REFAR TO INVOICE', '2025-12-04'),
(354, 312, 'SG25Y-07425', '2025-12-01', 2048198.01, '841611281372', '2025-12-07'),
(355, 313, '1223016693/1224022700', '2025-12-02', 700196.00, 'REFER TO INVOICE', '2025-12-03'),
(356, 314, '1224022701/02/1223016694', '2025-12-02', 1280541.00, 'REFER TO INVOICE', '2025-12-03'),
(357, 315, '1223016657/1224022680/1224022703/1223016695', '2025-11-30', 644276.80, 'REFER TO INVOICE', '2025-12-03'),
(358, 316, '1223016655/1224022678/79', '2025-11-30', 551742.00, 'REFER TO INVOICE', '2025-12-03'),
(359, 317, 'F22571100153', '2025-12-02', 334841.00, '801611704608', '2025-12-03'),
(360, 318, 'GEIPL/2061/25-26', '2025-12-02', 1989795.00, 'REFAR TO INVOICE', '2025-12-08'),
(361, 319, '1224022715/14/1223016712', '2025-12-03', 1127812.00, 'Refer to invoice', '2025-12-04'),
(362, 320, '9432501704', '2025-12-03', 1973105.00, 'REFAR TO INVOICE', '2025-12-08'),
(363, 321, 'F22571100158', '2025-12-04', 436611.00, '861612593764', '2025-12-05'),
(365, 323, 'Sinv/Asm/579', '2025-12-04', 516144.00, '861612504216', '2025-12-07'),
(366, 322, 'Sinv/Asm/577', '2025-12-04', 664798.00, '881612463715', '2025-12-07'),
(367, 324, '1224022735/36/1223016741', '2025-12-05', 900478.00, 'REFER TO INVOICE', '2025-12-06'),
(368, 325, '1223016742/1224022737', '2025-12-05', 784354.00, 'REFER TO INVOICE', '2025-12-06'),
(369, 326, 'SINV/ASM/580', '2025-12-05', 524354.00, '821612867795', '2025-12-07'),
(370, 327, 'SG25Y-07484', '2025-12-05', 2174473.34, '841613027589', '2025-12-10'),
(371, 328, 'SG25Y-07476', '2025-12-05', 2163475.44, 'REFAR TO INVOICE', '2025-12-08'),
(372, 329, '1100321974', '2025-12-08', 582772.00, '342134857900', '2025-12-11'),
(373, 330, '1224022775/74/1223016787', '2025-12-08', 1133487.00, 'REFER TO INVOICE', '2025-12-09'),
(374, 331, '1224022776/77/1223016788', '2025-12-08', 1424320.00, 'REFER TO INVOICE', '2025-12-09'),
(375, 332, '1224022779/78/1223016789', '2025-12-08', 680792.00, 'REFER TO INVOICE', '2025-12-09'),
(376, 262, 'Sinv/Asm/548', '2025-11-22', 220617.00, '881607182247', '2025-11-26'),
(377, 333, '1224022783/82/1223016792', '2025-12-09', 612475.00, 'REFER TO INVOICE', '2025-12-10'),
(378, 334, '1223016810/1224022799', '2025-12-09', 926840.00, 'REFER TO INVOICE', '2025-12-10'),
(379, 335, 'F22570101705/F22521201547', '2025-12-09', 575266.00, '821614413398/871614413265', '2025-12-11'),
(380, 336, 'Sinv/Asm/582', '2025-12-09', 614830.00, '801614505321', '2025-12-13'),
(381, 337, 'Sinv/Asm/585', '2025-12-09', 499790.00, '861614576002', '2025-12-11'),
(382, 338, 'SG25Y-07576', '2025-12-09', 2080656.25, 'REFAR TO INVOICE', '2025-12-13'),
(383, 339, '1224022813/1224022814/1223016840', '2025-12-10', 986503.00, 'Refer To Invoice', '2025-12-11'),
(384, 340, '1224022815/16/1223016841', '2025-12-10', 1349907.00, 'REFER TO INVOICE', '2025-12-11'),
(385, 341, '1223016848/1224022819/20/21', '2025-12-10', 1246348.00, 'REFER TO INVOICE', '2025-12-11'),
(386, 342, 'F22571100166', '2025-12-10', 455280.00, '801615111664', '2025-12-11'),
(387, 343, 'F22570101716/F22521201558', '2025-12-10', 549319.00, '881615096505/851615096366', '2025-12-13'),
(388, 344, 'Sinv/Asm/584', '2025-12-09', 606356.00, '801614557687', '2025-12-13'),
(389, 345, 'Sinv/Asm/590', '2025-12-11', 621421.00, '891615442769', '2025-12-14'),
(390, 346, 'Sinv/Asm/591', '2025-12-11', 621421.00, '811615496267', '2025-12-14'),
(391, 347, '9432501767', '2025-12-10', 2050904.00, 'REFAR TO INVOICE', '2025-12-15'),
(392, 348, 'SG25Y-07589', '2025-12-10', 2100777.62, 'REFAR TO INVOICE', '2025-12-15'),
(393, 349, 'SD25Y-04981', '2025-12-12', 1502925.00, 'REFAR TO INVOICE', '2025-12-17'),
(394, 350, '1224022853/52/1223016887', '2025-12-12', 1198883.00, 'REFER TO INVOICE', '2025-12-13'),
(395, 351, '1224022855/54/1223016888', '2025-12-12', 999702.00, 'REFER TO INVOICE', '2025-12-13'),
(396, 352, 'F22571100170', '2025-12-12', 446834.00, '821615979828', '2025-12-14'),
(397, 353, '1223016901/1224022868/67', '2025-12-13', 1073187.00, 'REFER TO INVOICE', '2025-12-14'),
(399, 354, 'SINV/ASM/597', '2025-12-13', 598823.00, '871616287978', '2025-12-17'),
(400, 355, 'Sinv/Asm/599', '2025-12-13', 595727.00, '801616360364', '2025-12-16'),
(401, 356, 'SINV/ASM/600', '2025-12-13', 495824.00, '831616445941', '2025-12-15'),
(402, 357, '191221648/192014154/192014173', '2025-12-15', 412464.00, '362137979827/801616935625/851616936384', '2025-12-18'),
(403, 358, '1223016937/1224022894/95', '2025-12-15', 1242711.00, 'Refer To Invoice', '2025-12-16'),
(404, 359, 'Sinv/Asm/603', '2025-12-15', 599939.00, '841617122455', '2025-12-17'),
(405, 360, 'F22571100175', '2025-12-15', 412055.00, '861617190995', '2025-12-16'),
(406, 361, 'SG25Y-07710', '2025-12-15', 2080145.60, 'REFAR TO INVOICE', '2025-12-20'),
(407, 362, '1223016964/1224022910/11', '2025-12-16', 812751.00, 'Refer To Invoice', '2025-12-17'),
(408, 363, '1223016962/1224022906/07', '2025-12-16', 1051653.00, 'REFER TO INVOICE', '2025-12-17'),
(409, 364, '1224022905/04/1223016961', '2025-12-16', 797111.00, 'REFER TO INVOICE', '2025-12-17'),
(410, 365, '1223016963/1224022908/09/1224022890', '2025-12-16', 1026919.00, 'REFER TO INVOICE', '2025-12-17'),
(411, 366, 'SINV/ASM/604', '2025-12-16', 451556.00, '891617579797', '2025-12-19'),
(412, 367, 'Sinv/Asm/605', '2025-12-16', 612947.00, '811617584445', '2025-12-20'),
(413, 368, 'F22571100177', '2025-12-16', 432123.00, '891617627306', '2025-12-18'),
(414, 369, 'SINV/ASM/606', '2025-12-17', 509456.00, '811617884572', '2025-12-21'),
(415, 370, 'SINV/ASM/607', '2025-12-17', 502696.00, '851617966124', '2025-12-19'),
(416, 371, 'SINV/ASM/608', '2025-12-17', 495241.00, '871618010880', '2025-12-20'),
(417, 372, '1223016986/1224022932/31', '2025-12-17', 820207.00, 'REFER TO INVOICE', '2025-12-18'),
(418, 373, '1224022933/34/1223016987', '2025-12-18', 1099922.00, 'Refer To Invoice', '2025-12-19'),
(419, 374, '1224022945/44/1223017001', '2025-12-18', 1523309.00, 'REFER TO INVOICE', '2025-12-19'),
(420, 375, '1224022948/49/1223017003/1224022810', '2025-12-18', 1099720.00, 'Refer To Invoice', '2025-12-19'),
(421, 376, 'SG25Y-07759', '2025-12-17', 2075346.84, 'REFAR TO INVOICE', '2025-12-24'),
(424, 378, 'F22571100184', '2025-12-18', 452143.00, '821618614968', '2025-12-19'),
(425, 377, 'F22571100183', '2025-12-18', 424657.00, '891618604957', '2025-12-20'),
(427, 379, 'F22570101761/F22521201601', '2025-12-18', 413381.00, '831618518212/891618517655', '2025-12-20'),
(428, 380, 'SG25Y-07788', '2025-12-19', 2108507.79, 'REFAR TO INVOICE', '2025-12-25'),
(430, 381, '1224022969/68/1223017031', '2025-12-19', 1654243.00, 'REFER TO INVOICE', '2025-12-20'),
(431, 382, 'Sinv/Asm/612', '2025-12-19', 611064.00, '801618923884', '2025-12-23'),
(432, 383, '1224022972/1223017033', '2025-12-19', 833706.00, 'REFER TO INVOICE', '2025-12-21'),
(433, 384, 'F22570101773/F22521201611', '2025-12-19', 519867.00, '801619054860/801619054774', '2025-12-21'),
(437, 386, 'SG25Y-07796', '2025-12-19', 2124574.09, 'REFAR TO INVOICE', '2025-12-25'),
(438, 387, 'MTA/25-26/499', '2025-12-19', 2226872.00, 'REFAR TO INVOICE', '2025-12-26'),
(439, 388, '1223017040/1224022980/81', '2025-12-20', 923183.00, 'Refer To Invoice', '2025-12-21'),
(440, 385, 'AE/25-26/149', '2025-12-20', 2346206.00, '791589620856', '2025-12-27'),
(443, 389, '1223017041/1224022982/83', '2025-12-20', 900184.00, 'Refer To Invoice', '2025-12-21'),
(444, 390, '1224022987/86/1223017043', '2025-12-20', 925714.00, 'REFER TO INVOICE', '2025-12-21'),
(445, 391, '1224022998/97/1223017052', '2025-12-21', 1099628.00, 'REFER TO INVOICE', '2025-12-22'),
(446, 392, 'F22571100185', '2025-12-20', 500200.00, '801619466586', '2025-12-23'),
(447, 393, '1224023005/06/1223017065', '2025-12-21', 1300258.00, 'REFER TO INVOICE', '2025-12-22'),
(448, 394, '1224023008/07/1223017066', '2025-12-21', 1749615.00, 'REFER TO INVOICE', '2025-12-22'),
(449, 395, '1224023012/11/1223017080', '2025-12-22', 960051.00, 'REFER TO INVOICE', '2025-12-23'),
(451, 396, 'SD25Y-01599', '2025-12-20', 2637371.00, 'REFAR TO INVOICE', '2025-12-30'),
(452, 397, 'SD25Y-01600', '2025-12-20', 2561544.00, 'REFAR TO INVOICE', '2025-12-30'),
(453, 398, '1224023015/16/1223017082', '2025-12-22', 949989.00, 'REFER TO INVOICE', '2025-12-23'),
(454, 399, 'SG25Y-', '2025-12-22', 2059317.72, 'REFAR TO INVOICE', '2025-12-29'),
(455, 400, 'F22570101780/F22521201618', '2025-12-20', 450898.00, '891619493507/871619493316', '2025-12-22'),
(456, 401, 'F22571100187', '2025-12-22', 547226.00, '861620218341', '2025-12-23'),
(457, 402, 'SARSD/252-26/01733', '2025-12-22', 1502479.00, 'REFAR TO INVOICE', '2025-12-27'),
(458, 403, '1223017104/1224023032/31', '2025-12-23', 1353976.00, 'REFER TO INVOICE', '2025-12-24'),
(459, 404, 'F22571100190', '2025-12-23', 649050.00, '811620623272', '2025-12-26'),
(461, 405, 'SD25Y-01626', '2025-12-23', 898452.00, '202103272711', '2026-01-02'),
(462, 406, 'F22570101793/F22521201630', '2025-12-23', 499901.00, '831620645681/871620645555', '2025-12-24'),
(463, 407, '751', '2025-12-24', 2269561.00, '471663605143', '2025-12-30'),
(464, 408, 'SARSD/25-26/01737,01738', '2025-12-23', 1600359.00, '851620400309,851620402305', '2026-01-01'),
(465, 409, 'SARSD/25-26/01744', '2025-12-23', 2221246.00, '841620652671', '2025-12-31'),
(467, 410, '1223017116/1224023045/46', '2025-12-24', 799744.00, 'Refer To Invoice', '2025-12-25'),
(469, 412, 'F22571100193', '2025-12-24', 474816.00, '871621163030', '2025-12-25'),
(471, 413, 'Sinv/Asm/622', '2025-12-24', 552631.00, '891621012204', '2025-12-26'),
(472, 414, 'Sinv/Asm/626', '2025-12-25', 613062.00, '881621479282', '2025-12-28'),
(473, 415, 'F22571100195', '2025-12-25', 439430.00, '891621576841', '2025-12-27'),
(474, 416, 'SG25Y-07980,07981', '2025-12-25', 2092896.09, 'REFAR TO INVOICE', '2026-01-01'),
(475, 417, 'F22570101805/F22521201642', '2025-12-26', 503895.00, '821621863065/861621862080', '2025-12-28'),
(476, 418, '1224023067/66/1223017137', '2025-12-26', 1205030.00, 'REFER TO INVOICE', '2025-12-27'),
(477, 419, '1223017139/1224023070/71', '2025-12-26', 725182.00, 'REFER TO INVOICE', '2025-12-27'),
(478, 420, 'F32572000021', '2025-12-26', 467874.00, '831622031622', '2025-12-28'),
(479, 421, 'F22570101808/F22521201645', '2025-12-26', 497583.00, '871622047337/821622047246', '2025-12-28'),
(480, 422, 'Sinv/Asm/632', '2025-12-27', 576354.00, '861622479991', '2025-12-30'),
(482, 423, 'Sinv/Asm/633', '2025-12-27', 612947.00, '881622515332', '2025-12-30'),
(483, 424, 'SG25Y-08027', '2025-12-27', 2103898.71, 'REFAR TO INVOICE', '2026-01-02'),
(484, 425, 'SG25Y-08039,08040', '2025-12-27', 2157451.53, 'REFAR TO INVOICE', '2026-01-03'),
(485, 426, 'SG25Y-08062,08063', '2025-12-28', 2092035.00, 'REFAR TO INVOICE', '2026-01-04'),
(486, 427, 'SG25Y-08061', '2025-12-28', 2124513.01, 'REFAR TO INVOICE', '2025-12-04'),
(487, 428, 'SG25Y-08060', '2025-12-28', 2135181.11, 'REFAR TO INVOICE', '2026-01-04'),
(488, 429, '1223017186/1224023106/05', '2025-12-29', 1251323.00, 'REFER TO INVOICE', '2025-12-30'),
(489, 430, '1224023113/1223017192', '2025-12-29', 765730.00, 'REFER TO INVOICE', '2025-12-30'),
(490, 431, '1224023114/15/1223017193', '2025-12-29', 1102410.00, 'REFER TO INVOICE', '2025-12-30'),
(491, 432, '1224023118/19/1223017195', '2025-12-29', 900222.00, 'REFER TO INVOICE', '2025-12-30'),
(492, 433, 'F22570101836/F22521201672', '2025-12-30', 557058.00, '801623695910/871623695429', '2026-01-02'),
(493, 434, 'SD25Y-01659,01660', '2025-12-26', 1598097.00, 'REFAR TO INVOICE', '2026-01-01'),
(494, 435, 'SG25Y-08001', '2025-12-26', 2052591.14, 'REFAR TO INVOICE', '2026-01-02'),
(495, 436, 'SG25Y-08002', '2025-12-26', 2086870.12, 'REFAR TO INVOICE', '2026-01-02'),
(496, 437, '1224023132/31/1223017215', '2025-12-30', 1256387.00, 'REFER TO INVOICE', '2025-12-31'),
(497, 438, 'Sinv/Asm/641', '2025-12-30', 511494.00, '821623812180', '2026-01-03'),
(498, 439, 'Sinv/Asm/643', '2025-12-30', 503014.00, '831623840845', '2026-01-02'),
(499, 440, 'Sinv/Asm/638', '2025-12-30', 511359.00, '841623638061', '2026-01-03'),
(500, 441, 'F22571100202', '2025-12-30', 463418.00, '871623871764', '2025-12-31'),
(501, 442, 'Sinv/Asm/646', '2025-12-31', 501891.00, '861624211867', '2026-01-04'),
(502, 443, 'SARSD/25-26/01772', '2025-12-30', 1967251.00, 'REFAR TO INVOICE', '2026-01-05'),
(503, 444, 'SG25Y-08128', '2025-12-31', 2163065.69, 'REFAR TO INVOICE', '2026-01-05'),
(504, 445, 'F22571100205', '2025-12-31', 399818.00, '891624406293', '2026-01-01'),
(505, 446, 'PKTC/25-26/0051', '2025-12-31', 1857871.00, 'REFAR TO INVOICE', '2026-01-01'),
(506, 447, '1224023176/1223017247', '2026-01-01', 1367011.00, 'REFER TO INVOICE', '2026-01-02'),
(507, 448, 'F22571100207', '2025-12-31', 498505.00, '871624448020', '2026-01-02'),
(508, 449, '1224023167/66/1223017241', '2026-01-02', 1107956.00, 'REFER TO INVOICE', '2026-01-03'),
(509, 450, '1224023169/68/1223017242', '2025-12-31', 829564.00, 'REFER TO INVOICE', '2026-01-03'),
(510, 451, 'Sinv/Asm/647', '2026-01-02', 554228.00, '871624973270', '2026-01-05'),
(511, 452, 'Sinv/Asm/651', '2026-01-02', 497995.00, '861625050300', '2026-01-06'),
(512, 453, 'SG25Y-08184', '2026-01-02', 2101917.49, 'REFAR TO INVOICE', '2026-01-07'),
(513, 454, 'SARSD/25-26/01778', '2026-01-02', 2171433.00, '881624979367', '2026-01-06'),
(514, 455, 'SARSD/25-26/01780', '2026-01-02', 2230958.00, 'REFAR TO INVOICE', '2026-01-06'),
(515, 456, 'Sinv/Asm/654', '2026-01-03', 513442.00, '841625385983', '2026-01-06'),
(516, 457, 'Sinv/Asm/652', '2026-01-03', 579526.00, '881625372833', '2026-01-05'),
(518, 458, 'DS1925082717', '2026-01-03', 2197137.00, 'REFAR TO INVOICE', '2026-01-10'),
(520, 459, 'Sinv/Asm/636', '2026-01-03', 515009.00, '841625496032', '2026-01-06'),
(521, 460, 'Sinv/Asm/655', '2026-01-03', 615771.00, '841625452328', '2026-01-06'),
(522, 461, '1224023191/90/1223017263', '2026-01-04', 1399595.00, 'REFER TO INVOICE', '2026-01-05'),
(523, 462, '1224023210/09/1223017284', '2026-01-04', 599966.00, 'REFER TO INVOICE', '2026-01-05'),
(524, 463, 'SG25Y-08218,08219', '2026-01-04', 2137163.50, 'REFAR TO INVOICE', '2026-01-10'),
(525, 464, 'SG25Y-08222', '2026-01-04', 2142267.00, 'REFAR TO INVOICE', '2026-01-10'),
(526, 465, '1224023225/26/1223017316', '2026-01-05', 942377.00, 'REFER TO INVOICE', '2026-01-06'),
(527, 466, '1224023247/48/1223017343', '2026-01-06', 834838.00, 'REFER TO INVOICE', '2026-01-07'),
(528, 467, '1223017344/1224023249/50', '2026-01-06', 1207164.00, 'REFER TO INVOICE', '2026-01-07'),
(529, 468, '1100321992', '2026-01-07', 423854.22, '342156576140', '2026-01-11'),
(530, 469, '1100321993', '2026-01-07', 555234.40, '332156579290', '2026-01-11'),
(531, 470, 'SARSD/25-26/01805', '2026-01-06', 2215845.00, '801626704903', '2026-01-11'),
(532, 471, 'SARSD/25-26/01801,01802', '2026-01-06', 2515737.00, 'REFAR TO INVOICE', '2026-01-11'),
(533, 472, 'SG25Y-08279,08280', '2026-01-06', 2212946.94, 'REFAR TO INVOICE', '2026-01-10'),
(534, 473, '636', '2026-01-05', 411000.00, 'REFAR TO INVOICE', '2026-01-06'),
(535, 474, 'SARSD/25-26/01808', '2026-01-07', 2168249.00, '851626902982', '2026-01-14'),
(536, 475, '1224023266/65/1223017364/1223017366', '2026-01-07', 725069.00, 'REFER TO INVOICE', '2026-01-08'),
(537, 476, '1224023269/70/1223017367', '2026-01-07', 1368803.00, 'REFER TO INVOICE', '2026-01-08'),
(538, 477, '1223017368/1224023271/72', '2026-01-07', 1141417.00, 'REFER TO INVOICE', '2026-01-08'),
(539, 478, 'SD25Y-05544,05546,05548', '2026-01-07', 2165658.00, 'REFAR TO INVOICE', '2026-01-12'),
(540, 479, 'F22571100214', '2026-01-07', 700626.00, '841627236027', '2026-01-10'),
(541, 480, 'F22570101874/F22521201707', '2026-01-07', 535169.00, '861627217536/801627217372', '2026-01-09'),
(542, 481, 'SG25Y-08316,08317', '2026-01-07', 2315998.40, 'REFAR TO INVOICE', '2026-01-14'),
(543, 482, 'Sinv/Asm/658', '2026-01-08', 521896.00, '861627521581', '2026-01-11'),
(545, 483, '1224023281/82/1223017385', '2026-01-08', 781029.00, 'REFER TO INVOICE', '2026-01-09'),
(546, 484, 'F22571100215', '2026-01-08', 441080.00, '821627604822', '2026-01-10'),
(547, 485, 'DS1925084797', '2026-01-08', 2170931.00, 'REFAR TO INVOICE', '2026-01-15'),
(548, 486, 'SG25Y-08335', '2026-01-08', 2195954.06, 'REFAR TO INVOICE', '2026-01-13'),
(549, 487, '1223017404/1224023296/97', '2026-01-09', 970168.00, 'REFER TO INVOICE', '2026-01-10'),
(550, 488, '1223017405/1224023298/99/1224023300', '2026-01-09', 1380421.00, 'REFER TO INVOICE', '2026-01-10'),
(551, 489, '1223017406/1224023301', '2026-01-09', 896345.00, 'REFER TO INVOICE', '2026-01-10'),
(552, 490, 'Sinv/Asm/663', '2026-01-09', 610122.00, '831628014359', '2026-01-13'),
(554, 491, 'Sinv/Asm/664', '2026-01-09', 608239.00, '861628098026', '2026-01-13'),
(555, 492, 'Sinv/Asm/665', '2026-01-09', 433865.00, '851628120199', '2026-01-12'),
(556, 493, 'F22570101888/F22521201721', '2026-01-10', 485348.00, '851628494870/831628494704', '2026-01-13'),
(557, 494, 'F22571100219', '2026-01-10', 496118.00, '801628555367', '2026-01-11'),
(558, 495, '1223017420/1224023312/11', '2026-01-11', 1102311.00, 'REFER TO INVOICE', '2026-01-12'),
(559, 496, '1224023316/15/1223017422', '2026-01-11', 711672.00, 'REFER TO INVOICE', '2026-01-12'),
(560, 497, '1224023314/13/1223017421', '2026-01-11', 793387.00, 'REFER TO INVOICE', '2026-01-12'),
(561, 498, '1224023336/37/1223017445', '2026-01-12', 1066237.00, 'REFER TO INVOICE', '2026-01-13'),
(562, 499, 'DS1925085189,DS1925085191', '2026-01-10', 2159907.00, 'REFAR TO INVOICE', '2026-01-15'),
(563, 500, 'SG25Y-08390', '2026-01-10', 2225937.55, 'REFAR TO INVOICE', '2026-01-17'),
(564, 501, 'SG25Y-08391', '2026-01-10', 2201522.77, 'REFAR TO INVOICE', '2026-01-17'),
(565, 502, 'SARSD/25-26/01847', '2026-01-11', 2374608.00, 'REFAR TO INVOICE', '2026-01-15'),
(566, 503, 'SS/147/25-26', '2026-01-11', 2537833.00, 'REFAR TO INVOICE', '2026-01-22'),
(567, 504, '9432502024', '2026-01-11', 2244399.00, 'REFAR TO INVOICE', '2026-01-16'),
(568, 505, 'F22571100221', '2026-01-12', 549083.00, '821629264723', '2026-01-13'),
(569, 506, 'F22571100222', '2026-01-12', 500443.00, '871629268621', '2026-01-13'),
(570, 507, 'F22570101902/F22521201735', '2026-01-12', 551922.00, '871629272552/801629272733', '2026-01-14'),
(571, 508, 'Sinv/Asm/671', '2026-01-13', 503561.00, '801629486305', '2026-01-17'),
(572, 509, 'F22570101910', '2026-01-13', 499255.00, '841629607599', '2026-01-14'),
(573, 510, 'F22571100224', '2026-01-13', 497539.00, '801629745475', '2026-01-15'),
(574, 511, 'F22571100225', '2026-01-13', 488096.00, '841629747147', '2026-01-14'),
(575, 512, 'SARSD/25-26/01860', '2026-01-13', 2348162.00, '801629466109', '2026-01-18'),
(576, 513, 'SG25Y-08451', '2026-01-13', 2235640.41, '801629754637', '2026-01-18'),
(577, 514, '643', '2026-01-13', 464600.00, '841629611644', '2026-01-14'),
(578, 515, 'F22571100226', '2026-01-15', 499478.00, '851630410132', '2026-01-18'),
(579, 516, 'ISP/344/252-26', '2026-01-14', 2477103.00, 'REFAR TO INVOICE', '2026-01-21'),
(580, 517, 'DS1925086513,DS1925086516', '2026-01-13', 1786373.00, 'REFAR TO INVOICE', '2026-01-20'),
(581, 518, 'SG25Y-08475', '2026-01-14', 2185279.19, '891630180154', '2026-01-20'),
(582, 519, '3072', '2026-01-15', 2217949.00, 'REFAR TO INVOICE', '2026-01-20'),
(583, 520, 'F22571100228', '2026-01-15', 700480.00, '811630541711', '2026-01-18'),
(584, 521, 'SG25Y-08497', '2026-01-15', 2299048.59, '871630615775', '2025-01-20'),
(586, 411, '1223017117/1224023048/47', '2025-12-24', 712093.00, 'Refer To Invoice', '2025-12-25'),
(587, 522, '1224023394/93/1223017517', '2026-01-16', 827868.00, 'REFER TO INVOICE', '2026-01-17'),
(588, 523, '1224023397/98/1223017533', '2026-01-16', 999997.00, 'REFER TO INVOICE', '2026-01-17'),
(589, 524, 'F2257110029', '2026-01-16', 482798.00, '851631065957', '2026-01-18'),
(590, 525, 'Sinv/Asm/673', '2026-01-16', 462936.00, '831630998447', '2026-01-18'),
(591, 526, 'Sinv/Asm/674', '2026-01-16', 503983.00, '841631008595', '2026-01-19');

-- --------------------------------------------------------

--
-- Table structure for table `shipment_payments`
--

CREATE TABLE `shipment_payments` (
  `id` int(11) NOT NULL,
  `shipment_id` int(11) NOT NULL,
  `payment_type` varchar(100) NOT NULL,
  `amount` decimal(10,2) NOT NULL,
  `billing_method` varchar(50) DEFAULT NULL,
  `rate` decimal(10,2) DEFAULT NULL,
  `payment_date` date DEFAULT NULL,
  `remarks` text DEFAULT NULL,
  `created_by_id` int(11) NOT NULL,
  `created_at` timestamp NOT NULL DEFAULT current_timestamp()
) ENGINE=InnoDB DEFAULT CHARSET=utf8mb4 COLLATE=utf8mb4_general_ci;

--
-- Dumping data for table `shipment_payments`
--

INSERT INTO `shipment_payments` (`id`, `shipment_id`, `payment_type`, `amount`, `billing_method`, `rate`, `payment_date`, `remarks`, `created_by_id`, `created_at`) VALUES
(1, 6, 'Billing Rate', 49700.00, 'Fixed', 49700.00, '2025-10-04', NULL, 5, '2025-10-04 17:55:04'),
(2, 6, 'Lorry Hire', 46000.00, 'Fixed', 46000.00, '2025-10-04', NULL, 5, '2025-10-04 17:55:04'),
(3, 6, 'Advance Cash', 32000.00, NULL, NULL, '2025-10-04', NULL, 5, '2025-10-04 17:55:04'),
(4, 6, 'Dala Charge', 400.00, NULL, NULL, '2025-10-04', NULL, 5, '2025-10-04 17:55:04'),
(5, 1, 'Billing Rate', 12769.38, 'Kg', 1.50, '2025-10-04', NULL, 5, '2025-10-04 17:57:17'),
(6, 1, 'Lorry Hire', 12000.00, 'Fixed', 12000.00, '2025-10-04', NULL, 5, '2025-10-04 17:57:17'),
(7, 1, 'Advance Cash', 9000.00, NULL, NULL, '2025-10-04', NULL, 5, '2025-10-04 17:57:17'),
(8, 1, 'Dala Charge', 250.00, NULL, NULL, '2025-10-04', NULL, 5, '2025-10-04 17:57:17'),
(9, 2, 'Billing Rate', 15321.82, 'Kg', 1.80, '2025-10-04', NULL, 5, '2025-10-04 17:57:52'),
(10, 2, 'Lorry Hire', 14500.00, 'Fixed', 14500.00, '2025-10-04', NULL, 5, '2025-10-04 17:57:52'),
(11, 2, 'Advance Cash', 10700.00, NULL, NULL, '2025-10-04', NULL, 5, '2025-10-04 17:57:52'),
(12, 2, 'Dala Charge', 250.00, NULL, NULL, '2025-10-04', NULL, 5, '2025-10-04 17:57:52'),
(13, 3, 'Billing Rate', 10795.00, 'Kg', 1.27, '2025-10-04', NULL, 5, '2025-10-04 17:58:37'),
(14, 3, 'Lorry Hire', 9800.00, 'Fixed', 9800.00, '2025-10-04', NULL, 5, '2025-10-04 17:58:37'),
(15, 3, 'Advance Cash', 7400.00, NULL, NULL, '2025-10-04', NULL, 5, '2025-10-04 17:58:37'),
(16, 3, 'Dala Charge', 250.00, NULL, NULL, '2025-10-04', NULL, 5, '2025-10-04 17:58:37'),
(17, 4, 'Billing Rate', 12758.56, 'Kg', 1.50, '2025-10-04', NULL, 5, '2025-10-04 17:59:16'),
(18, 4, 'Lorry Hire', 11500.00, 'Fixed', 11500.00, '2025-10-04', NULL, 5, '2025-10-04 17:59:16'),
(19, 4, 'Advance Cash', 9000.00, NULL, NULL, '2025-10-04', NULL, 5, '2025-10-04 17:59:16'),
(20, 4, 'Dala Charge', 250.00, NULL, NULL, '2025-10-04', NULL, 5, '2025-10-04 17:59:16'),
(21, 9, 'Billing Rate', 7000.00, 'Fixed', 7000.00, '2025-10-04', NULL, 5, '2025-10-04 19:25:21'),
(22, 9, 'Lorry Hire', 6000.00, 'Fixed', 6000.00, '2025-10-04', NULL, 5, '2025-10-04 19:25:21'),
(23, 9, 'Advance Cash', 3000.00, NULL, NULL, '2025-10-04', NULL, 5, '2025-10-04 19:25:21'),
(24, 9, 'Labour Charge', 900.00, NULL, NULL, '2025-10-04', NULL, 5, '2025-10-04 19:25:21'),
(25, 9, 'Dala Charge', 250.00, NULL, NULL, '2025-10-04', NULL, 5, '2025-10-04 19:25:21'),
(26, 8, 'Billing Rate', 42000.00, 'Fixed', 42000.00, '2025-10-04', NULL, 5, '2025-10-04 19:25:48'),
(27, 8, 'Lorry Hire', 40000.00, 'Fixed', 40000.00, '2025-10-04', NULL, 5, '2025-10-04 19:25:48'),
(28, 8, 'Advance Cash', 31000.00, NULL, NULL, '2025-10-04', NULL, 5, '2025-10-04 19:25:48'),
(29, 8, 'Dala Charge', 250.00, NULL, NULL, '2025-10-04', NULL, 5, '2025-10-04 19:25:48'),
(34, 5, 'Billing Rate', 49700.00, 'Fixed', 49700.00, '2025-10-04', NULL, 5, '2025-10-04 19:27:14'),
(35, 5, 'Lorry Hire', 46000.00, 'Fixed', 46000.00, '2025-10-04', NULL, 5, '2025-10-04 19:27:14'),
(36, 5, 'Advance Cash', 31000.00, NULL, NULL, '2025-10-04', NULL, 5, '2025-10-04 19:27:14'),
(37, 5, 'Dala Charge', 250.00, NULL, NULL, '2025-10-04', NULL, 5, '2025-10-04 19:27:14'),
(38, 31, 'Billing Rate', 4900.00, 'Fixed', 4900.00, '2025-10-13', NULL, 5, '2025-10-13 04:46:29'),
(39, 31, 'Lorry Hire', 4500.00, 'Fixed', 4500.00, '2025-10-13', NULL, 5, '2025-10-13 04:46:29'),
(40, 31, 'Advance Cash', 2000.00, NULL, NULL, '2025-10-13', NULL, 5, '2025-10-13 04:46:29'),
(41, 31, 'Labour Charge', 800.00, NULL, NULL, '2025-10-13', NULL, 5, '2025-10-13 04:46:29'),
(42, 31, 'Dala Charge', 200.00, NULL, NULL, '2025-10-13', NULL, 5, '2025-10-13 04:46:29'),
(43, 40, 'Billing Rate', 4900.00, 'Fixed', 4900.00, '2025-10-13', NULL, 5, '2025-10-13 04:47:05'),
(44, 40, 'Lorry Hire', 4500.00, 'Fixed', 4500.00, '2025-10-13', NULL, 5, '2025-10-13 04:47:05'),
(45, 40, 'Advance Cash', 2000.00, NULL, NULL, '2025-10-13', NULL, 5, '2025-10-13 04:47:05'),
(46, 40, 'Labour Charge', 800.00, NULL, NULL, '2025-10-13', NULL, 5, '2025-10-13 04:47:05'),
(47, 40, 'Dala Charge', 200.00, NULL, NULL, '2025-10-13', NULL, 5, '2025-10-13 04:47:05'),
(48, 34, 'Billing Rate', 85400.00, 'Fixed', 85400.00, '2025-10-13', NULL, 5, '2025-10-13 04:49:16'),
(49, 34, 'Lorry Hire', 75000.00, 'Fixed', 75000.00, '2025-10-13', NULL, 5, '2025-10-13 04:49:16'),
(50, 34, 'Advance Cash', 67750.00, NULL, NULL, '2025-10-13', NULL, 5, '2025-10-13 04:49:16'),
(51, 34, 'Dala Charge', 250.00, NULL, NULL, '2025-10-13', NULL, 5, '2025-10-13 04:49:16'),
(52, 41, 'Billing Rate', 7500.00, 'Fixed', 7500.00, '2025-10-13', NULL, 5, '2025-10-13 04:49:56'),
(53, 41, 'Lorry Hire', 7000.00, 'Fixed', 7000.00, '2025-10-13', NULL, 5, '2025-10-13 04:49:56'),
(54, 41, 'Advance Cash', 4500.00, NULL, NULL, '2025-10-13', NULL, 5, '2025-10-13 04:49:56'),
(55, 41, 'Labour Charge', 800.00, NULL, NULL, '2025-10-13', NULL, 5, '2025-10-13 04:49:56'),
(56, 41, 'Dala Charge', 250.00, NULL, NULL, '2025-10-13', NULL, 5, '2025-10-13 04:49:56'),
(57, 14, 'Billing Rate', 19000.00, 'Fixed', 19000.00, '2025-10-13', NULL, 5, '2025-10-13 04:53:56'),
(58, 14, 'Lorry Hire', 18000.00, 'Fixed', 18000.00, '2025-10-13', NULL, 5, '2025-10-13 04:53:56'),
(59, 14, 'Advance Cash', 13500.00, NULL, NULL, '2025-10-13', NULL, 5, '2025-10-13 04:53:56'),
(60, 14, 'Labour Charge', 800.00, NULL, NULL, '2025-10-13', NULL, 5, '2025-10-13 04:53:56'),
(61, 14, 'Dala Charge', 250.00, NULL, NULL, '2025-10-13', NULL, 5, '2025-10-13 04:53:56'),
(62, 16, 'Billing Rate', 8000.00, 'Fixed', 8000.00, '2025-10-13', NULL, 5, '2025-10-13 04:55:23'),
(63, 16, 'Lorry Hire', 10000.00, 'Fixed', 10000.00, '2025-10-13', NULL, 5, '2025-10-13 04:55:23'),
(64, 16, 'Advance Cash', 5000.00, NULL, NULL, '2025-10-13', NULL, 5, '2025-10-13 04:55:23'),
(65, 16, 'Labour Charge', 800.00, NULL, NULL, '2025-10-13', NULL, 5, '2025-10-13 04:55:23'),
(66, 16, 'Dala Charge', 250.00, NULL, NULL, '2025-10-13', NULL, 5, '2025-10-13 04:55:23'),
(67, 15, 'Billing Rate', 6500.00, 'Fixed', 6500.00, '2025-10-13', NULL, 5, '2025-10-13 04:56:51'),
(68, 15, 'Lorry Hire', 5800.00, 'Fixed', 5800.00, '2025-10-13', NULL, 5, '2025-10-13 04:56:51'),
(69, 15, 'Advance Cash', 3000.00, NULL, NULL, '2025-10-13', NULL, 5, '2025-10-13 04:56:51'),
(70, 15, 'Labour Charge', 800.00, NULL, NULL, '2025-10-13', NULL, 5, '2025-10-13 04:56:51'),
(71, 15, 'Dala Charge', 250.00, NULL, NULL, '2025-10-13', NULL, 5, '2025-10-13 04:56:51'),
(72, 28, 'Billing Rate', 24500.00, 'Fixed', 24500.00, '2025-10-13', NULL, 5, '2025-10-13 04:57:54'),
(73, 28, 'Lorry Hire', 23000.00, 'Fixed', 23000.00, '2025-10-13', NULL, 5, '2025-10-13 04:57:54'),
(74, 28, 'Advance Cash', 17000.00, NULL, NULL, '2025-10-13', NULL, 5, '2025-10-13 04:57:54'),
(75, 28, 'Labour Charge', 800.00, NULL, NULL, '2025-10-13', NULL, 5, '2025-10-13 04:57:54'),
(76, 28, 'Dala Charge', 250.00, NULL, NULL, '2025-10-13', NULL, 5, '2025-10-13 04:57:54'),
(77, 29, 'Billing Rate', 17000.00, 'Fixed', 17000.00, '2025-10-13', NULL, 5, '2025-10-13 04:58:52'),
(78, 29, 'Lorry Hire', 15000.00, 'Fixed', 15000.00, '2025-10-13', NULL, 5, '2025-10-13 04:58:52'),
(79, 29, 'Advance Cash', 9500.00, NULL, NULL, '2025-10-13', NULL, 5, '2025-10-13 04:58:52'),
(80, 29, 'Labour Charge', 800.00, NULL, NULL, '2025-10-13', NULL, 5, '2025-10-13 04:58:52'),
(81, 29, 'Dala Charge', 250.00, NULL, NULL, '2025-10-13', NULL, 5, '2025-10-13 04:58:52'),
(82, 20, 'Billing Rate', 19000.00, 'Fixed', 19000.00, '2025-10-13', NULL, 5, '2025-10-13 05:00:08'),
(83, 20, 'Lorry Hire', 18000.00, 'Fixed', 18000.00, '2025-10-13', NULL, 5, '2025-10-13 05:00:08'),
(84, 20, 'Advance Cash', 13000.00, NULL, NULL, '2025-10-13', NULL, 5, '2025-10-13 05:00:08'),
(85, 20, 'Labour Charge', 1000.00, NULL, NULL, '2025-10-13', NULL, 5, '2025-10-13 05:00:08'),
(86, 10, 'Billing Rate', 29500.00, 'Fixed', 29500.00, '2025-10-13', NULL, 5, '2025-10-13 05:02:28'),
(87, 10, 'Lorry Hire', 27500.00, 'Fixed', 27500.00, '2025-10-13', NULL, 5, '2025-10-13 05:02:28'),
(88, 10, 'Advance Cash', 17500.00, NULL, NULL, '2025-10-13', NULL, 5, '2025-10-13 05:02:28'),
(89, 10, 'Labour Charge', 300.00, NULL, NULL, '2025-10-13', NULL, 5, '2025-10-13 05:02:28'),
(90, 10, 'Dala Charge', 250.00, NULL, NULL, '2025-10-13', NULL, 5, '2025-10-13 05:02:28'),
(91, 35, 'Billing Rate', 11000.00, 'Fixed', 11000.00, '2025-10-13', NULL, 5, '2025-10-13 05:04:37'),
(92, 35, 'Lorry Hire', 10500.00, 'Fixed', 10500.00, '2025-10-13', NULL, 5, '2025-10-13 05:04:37'),
(93, 35, 'Advance Cash', 10500.00, NULL, NULL, '2025-10-13', NULL, 5, '2025-10-13 05:04:37'),
(94, 38, 'Billing Rate', 22000.00, 'Fixed', 22000.00, '2025-10-13', NULL, 5, '2025-10-13 05:05:40'),
(95, 38, 'Lorry Hire', 21000.00, 'Fixed', 21000.00, '2025-10-13', NULL, 5, '2025-10-13 05:05:40'),
(96, 38, 'Advance Cash', 13500.00, NULL, NULL, '2025-10-13', NULL, 5, '2025-10-13 05:05:40'),
(97, 38, 'Labour Charge', 800.00, NULL, NULL, '2025-10-13', NULL, 5, '2025-10-13 05:05:40'),
(98, 38, 'Dala Charge', 250.00, NULL, NULL, '2025-10-13', NULL, 5, '2025-10-13 05:05:40'),
(99, 30, 'Billing Rate', 29500.00, 'Fixed', 29500.00, '2025-10-13', NULL, 5, '2025-10-13 05:06:36'),
(100, 30, 'Lorry Hire', 27500.00, 'Fixed', 27500.00, '2025-10-13', NULL, 5, '2025-10-13 05:06:36'),
(101, 30, 'Advance Cash', 19000.00, NULL, NULL, '2025-10-13', NULL, 5, '2025-10-13 05:06:36'),
(102, 30, 'Labour Charge', 300.00, NULL, NULL, '2025-10-13', NULL, 5, '2025-10-13 05:06:36'),
(103, 30, 'Dala Charge', 250.00, NULL, NULL, '2025-10-13', NULL, 5, '2025-10-13 05:06:36'),
(104, 22, 'Billing Rate', 17500.00, 'Fixed', 17500.00, '2025-10-13', NULL, 5, '2025-10-13 05:07:22'),
(105, 22, 'Lorry Hire', 17000.00, 'Fixed', 17000.00, '2025-10-13', NULL, 5, '2025-10-13 05:07:22'),
(106, 22, 'Advance Cash', 12500.00, NULL, NULL, '2025-10-13', NULL, 5, '2025-10-13 05:07:22'),
(107, 22, 'Labour Charge', 800.00, NULL, NULL, '2025-10-13', NULL, 5, '2025-10-13 05:07:22'),
(108, 22, 'Dala Charge', 250.00, NULL, NULL, '2025-10-13', NULL, 5, '2025-10-13 05:07:22'),
(112, 24, 'Billing Rate', 16000.00, 'Fixed', 16000.00, '2025-10-13', NULL, 5, '2025-10-13 05:16:27'),
(113, 24, 'Lorry Hire', 13000.00, 'Fixed', 13000.00, '2025-10-13', NULL, 5, '2025-10-13 05:16:27'),
(114, 24, 'Advance Cash', 13000.00, NULL, NULL, '2025-10-13', NULL, 5, '2025-10-13 05:16:27'),
(115, 23, 'Billing Rate', 27000.00, 'Fixed', 27000.00, '2025-10-13', NULL, 5, '2025-10-13 05:16:58'),
(116, 23, 'Lorry Hire', 22100.00, 'Fixed', 22100.00, '2025-10-13', NULL, 5, '2025-10-13 05:16:58'),
(117, 23, 'Advance Cash', 16000.00, NULL, NULL, '2025-10-13', NULL, 5, '2025-10-13 05:16:58'),
(118, 26, 'Billing Rate', 8003.48, 'Kg', 0.97, '2025-10-16', NULL, 5, '2025-10-16 05:32:18'),
(119, 26, 'Lorry Hire', 7500.00, 'Fixed', 7500.00, '2025-10-16', NULL, 5, '2025-10-16 05:32:18'),
(120, 26, 'Advance Cash', 6200.00, NULL, NULL, '2025-10-16', NULL, 5, '2025-10-16 05:32:18'),
(121, 39, 'Billing Rate', 14878.76, 'Kg', 1.80, '2025-10-16', NULL, 5, '2025-10-16 05:32:48'),
(122, 39, 'Lorry Hire', 14000.00, 'Fixed', 14000.00, '2025-10-16', NULL, 5, '2025-10-16 05:32:48'),
(123, 39, 'Advance Cash', 10700.00, NULL, NULL, '2025-10-16', NULL, 5, '2025-10-16 05:32:48'),
(124, 32, 'Billing Rate', 14771.66, 'Kg', 1.80, '2025-10-16', NULL, 5, '2025-10-16 05:33:25'),
(125, 32, 'Lorry Hire', 14000.00, 'Fixed', 14000.00, '2025-10-16', NULL, 5, '2025-10-16 05:33:25'),
(126, 32, 'Advance Cash', 10300.00, NULL, NULL, '2025-10-16', NULL, 5, '2025-10-16 05:33:25'),
(127, 25, 'Billing Rate', 12323.16, 'Kg', 1.50, '2025-10-16', NULL, 5, '2025-10-16 05:34:02'),
(128, 25, 'Lorry Hire', 11800.00, 'Fixed', 11800.00, '2025-10-16', NULL, 5, '2025-10-16 05:34:02'),
(129, 25, 'Advance Cash', 8800.00, NULL, NULL, '2025-10-16', NULL, 5, '2025-10-16 05:34:02'),
(130, 57, 'Billing Rate', 14894.73, 'Kg', 1.80, '2025-10-16', NULL, 5, '2025-10-16 05:35:00'),
(131, 57, 'Lorry Hire', 14000.00, 'Fixed', 14000.00, '2025-10-16', NULL, 5, '2025-10-16 05:35:00'),
(132, 57, 'Advance Cash', 10700.00, NULL, NULL, '2025-10-16', NULL, 5, '2025-10-16 05:35:00'),
(133, 60, 'Billing Rate', 48000.00, 'Fixed', 48000.00, '2025-10-16', NULL, 5, '2025-10-16 05:36:00'),
(134, 60, 'Lorry Hire', 46000.00, 'Fixed', 46000.00, '2025-10-16', NULL, 5, '2025-10-16 05:36:00'),
(135, 60, 'Advance Cash', 35300.00, NULL, NULL, '2025-10-16', NULL, 5, '2025-10-16 05:36:00'),
(136, 60, 'Dala Charge', 300.00, NULL, NULL, '2025-10-16', NULL, 5, '2025-10-16 05:36:00'),
(137, 61, 'Billing Rate', 22000.00, 'Fixed', 22000.00, '2025-10-16', NULL, 5, '2025-10-16 05:36:34'),
(138, 61, 'Lorry Hire', 20000.00, 'Fixed', 20000.00, '2025-10-16', NULL, 5, '2025-10-16 05:36:34'),
(139, 61, 'Advance Cash', 13000.00, NULL, NULL, '2025-10-16', NULL, 5, '2025-10-16 05:36:34'),
(140, 61, 'Labour Charge', 1000.00, NULL, NULL, '2025-10-16', NULL, 5, '2025-10-16 05:36:34'),
(141, 47, 'Billing Rate', 12370.94, 'Kg', 1.50, '2025-10-16', NULL, 5, '2025-10-16 05:37:20'),
(142, 47, 'Lorry Hire', 12000.00, 'Fixed', 12000.00, '2025-10-16', NULL, 5, '2025-10-16 05:37:20'),
(143, 47, 'Advance Cash', 8800.00, NULL, NULL, '2025-10-16', NULL, 5, '2025-10-16 05:37:20'),
(144, 48, 'Billing Rate', 16597.19, 'Kg', 1.50, '2025-10-16', NULL, 5, '2025-10-16 05:38:22'),
(145, 48, 'Lorry Hire', 14000.00, 'Fixed', 14000.00, '2025-10-16', NULL, 5, '2025-10-16 05:38:22'),
(146, 54, 'Billing Rate', 10424.68, 'Kg', 1.27, '2025-10-16', NULL, 5, '2025-10-16 05:38:57'),
(147, 54, 'Lorry Hire', 9700.00, 'Fixed', 9700.00, '2025-10-16', NULL, 5, '2025-10-16 05:38:57'),
(148, 54, 'Advance Cash', 7400.00, NULL, NULL, '2025-10-16', NULL, 5, '2025-10-16 05:38:57'),
(149, 42, 'Billing Rate', 18101.09, 'Kg', 2.20, '2025-10-16', NULL, 5, '2025-10-16 05:39:49'),
(150, 42, 'Lorry Hire', 17000.00, 'Fixed', 17000.00, '2025-10-16', NULL, 5, '2025-10-16 05:39:49'),
(151, 42, 'Advance Cash', 12200.00, NULL, NULL, '2025-10-16', NULL, 5, '2025-10-16 05:39:49'),
(152, 44, 'Billing Rate', 12321.62, 'Kg', 1.50, '2025-10-16', NULL, 5, '2025-10-16 05:40:56'),
(153, 44, 'Lorry Hire', 11500.00, 'Fixed', 11500.00, '2025-10-16', NULL, 5, '2025-10-16 05:40:56'),
(154, 44, 'Advance Cash', 8800.00, NULL, NULL, '2025-10-16', NULL, 5, '2025-10-16 05:40:56'),
(155, 12, 'Billing Rate', 12070.00, 'Kg', 1.42, '2025-10-16', NULL, 5, '2025-10-16 05:41:32'),
(156, 12, 'Lorry Hire', 11500.00, 'Fixed', 11500.00, '2025-10-16', NULL, 5, '2025-10-16 05:41:32'),
(157, 12, 'Advance Cash', 8800.00, NULL, NULL, '2025-10-16', NULL, 5, '2025-10-16 05:41:32'),
(158, 13, 'Billing Rate', 9605.00, 'Kg', 1.13, '2025-10-16', NULL, 5, '2025-10-16 05:42:12'),
(159, 13, 'Lorry Hire', 8700.00, 'Fixed', 8700.00, '2025-10-16', NULL, 5, '2025-10-16 05:42:12'),
(160, 13, 'Advance Cash', 6700.00, NULL, NULL, '2025-10-16', NULL, 5, '2025-10-16 05:42:12'),
(161, 43, 'Billing Rate', 9312.93, 'Kg', 1.13, '2025-10-16', NULL, 5, '2025-10-16 05:42:38'),
(162, 43, 'Lorry Hire', 8700.00, 'Fixed', 8700.00, '2025-10-16', NULL, 5, '2025-10-16 05:42:38'),
(163, 43, 'Advance Cash', 6700.00, NULL, NULL, '2025-10-16', NULL, 5, '2025-10-16 05:42:38'),
(164, 45, 'Billing Rate', 18900.00, 'Fixed', 18900.00, '2025-10-16', NULL, 5, '2025-10-16 05:50:09'),
(165, 45, 'Lorry Hire', 16800.00, 'Fixed', 16800.00, '2025-10-16', NULL, 5, '2025-10-16 05:50:09'),
(166, 45, 'Advance Cash', 13750.00, NULL, NULL, '2025-10-16', NULL, 5, '2025-10-16 05:50:09'),
(167, 45, 'Dala Charge', 250.00, NULL, NULL, '2025-10-16', NULL, 5, '2025-10-16 05:50:09'),
(168, 21, 'Billing Rate', 12423.07, 'Kg', 1.50, '2025-10-16', NULL, 5, '2025-10-16 05:53:21'),
(169, 21, 'Lorry Hire', 11800.00, 'Fixed', 11800.00, '2025-10-16', NULL, 5, '2025-10-16 05:53:21'),
(170, 21, 'Advance Cash', 8800.00, NULL, NULL, '2025-10-16', NULL, 5, '2025-10-16 05:53:21'),
(171, 18, 'Billing Rate', 12391.90, 'Kg', 1.50, '2025-10-16', NULL, 5, '2025-10-16 05:54:33'),
(172, 18, 'Lorry Hire', 11500.00, 'Fixed', 11500.00, '2025-10-16', NULL, 5, '2025-10-16 05:54:33'),
(173, 18, 'Advance Cash', 8800.00, NULL, NULL, '2025-10-16', NULL, 5, '2025-10-16 05:54:33'),
(174, 11, 'Billing Rate', 12389.43, 'Kg', 1.50, '2025-10-16', NULL, 5, '2025-10-16 05:55:38'),
(175, 11, 'Lorry Hire', 11500.00, 'Fixed', 11500.00, '2025-10-16', NULL, 5, '2025-10-16 05:55:38'),
(176, 11, 'Advance Cash', 8800.00, NULL, NULL, '2025-10-16', NULL, 5, '2025-10-16 05:55:38'),
(177, 19, 'Billing Rate', 14882.42, 'Kg', 1.80, '2025-10-16', NULL, 5, '2025-10-16 05:56:30'),
(178, 19, 'Lorry Hire', 14000.00, 'Fixed', 14000.00, '2025-10-16', NULL, 5, '2025-10-16 05:56:30'),
(179, 19, 'Advance Cash', 10700.00, NULL, NULL, '2025-10-16', NULL, 5, '2025-10-16 05:56:30'),
(180, 51, 'Billing Rate', 68500.00, 'Fixed', 68500.00, '2025-10-16', NULL, 5, '2025-10-16 05:57:15'),
(181, 51, 'Lorry Hire', 65000.00, 'Fixed', 65000.00, '2025-10-16', NULL, 5, '2025-10-16 05:57:15'),
(182, 51, 'Advance Cash', 59750.00, NULL, NULL, '2025-10-16', NULL, 5, '2025-10-16 05:57:15'),
(183, 51, 'Dala Charge', 250.00, NULL, NULL, '2025-10-16', NULL, 5, '2025-10-16 05:57:15'),
(184, 55, 'Billing Rate', 9000.00, 'Fixed', 9000.00, '2025-10-16', NULL, 5, '2025-10-16 05:57:51'),
(185, 55, 'Lorry Hire', 8000.00, 'Fixed', 8000.00, '2025-10-16', NULL, 5, '2025-10-16 05:57:51'),
(186, 55, 'Advance Cash', 5000.00, NULL, NULL, '2025-10-16', NULL, 5, '2025-10-16 05:57:51'),
(187, 55, 'Labour Charge', 800.00, NULL, NULL, '2025-10-16', NULL, 5, '2025-10-16 05:57:51'),
(188, 17, 'Billing Rate', 10919.36, 'Kg', 0.98, '2025-10-16', NULL, 5, '2025-10-16 06:00:59'),
(189, 17, 'Lorry Hire', 9700.00, 'Fixed', 9700.00, '2025-10-16', NULL, 5, '2025-10-16 06:00:59'),
(190, 53, 'Billing Rate', 11446.35, 'Kg', 0.98, '2025-10-16', NULL, 5, '2025-10-16 06:01:52'),
(191, 53, 'Lorry Hire', 9700.00, 'Fixed', 9700.00, '2025-10-16', NULL, 5, '2025-10-16 06:01:52'),
(192, 92, 'Billing Rate', 14769.16, 'Kg', 1.80, '2025-10-30', NULL, 5, '2025-10-30 11:30:47'),
(193, 92, 'Lorry Hire', 13800.00, 'Fixed', 13800.00, '2025-10-30', NULL, 5, '2025-10-30 11:30:47'),
(194, 92, 'Advance Cash', 10100.00, NULL, NULL, '2025-10-30', NULL, 5, '2025-10-30 11:30:47'),
(195, 92, 'Dala Charge', 250.00, NULL, NULL, '2025-10-30', NULL, 5, '2025-10-30 11:30:47'),
(196, 119, 'Billing Rate', 11746.06, 'Kg', 1.42, '2025-10-31', NULL, 5, '2025-10-31 08:56:48'),
(197, 119, 'Lorry Hire', 11000.00, 'Fixed', 11000.00, '2025-10-31', NULL, 5, '2025-10-31 08:56:48'),
(198, 119, 'Advance Cash', 8600.00, NULL, NULL, '2025-10-31', NULL, 5, '2025-10-31 08:56:48'),
(199, 123, 'Billing Rate', 16000.00, 'Fixed', 16000.00, '2025-10-31', NULL, 5, '2025-10-31 08:57:39'),
(200, 123, 'Lorry Hire', 15000.00, 'Fixed', 15000.00, '2025-10-31', NULL, 5, '2025-10-31 08:57:39'),
(201, 123, 'Advance Cash', 8000.00, NULL, NULL, '2025-10-31', NULL, 5, '2025-10-31 08:57:39'),
(202, 123, 'Labour Charge', 1100.00, NULL, NULL, '2025-10-31', NULL, 5, '2025-10-31 08:57:39'),
(203, 122, 'Billing Rate', 4900.00, 'Fixed', 4900.00, '2025-10-31', NULL, 5, '2025-10-31 08:58:29'),
(204, 122, 'Lorry Hire', 4500.00, 'Fixed', 4500.00, '2025-10-31', NULL, 5, '2025-10-31 08:58:29'),
(205, 122, 'Advance Cash', 2000.00, NULL, NULL, '2025-10-31', NULL, 5, '2025-10-31 08:58:29'),
(206, 122, 'Labour Charge', 1000.00, NULL, NULL, '2025-10-31', NULL, 5, '2025-10-31 08:58:29'),
(207, 111, 'Billing Rate', 12359.50, 'Kg', 1.50, '2025-10-31', NULL, 5, '2025-10-31 08:59:02'),
(208, 111, 'Lorry Hire', 11500.00, 'Fixed', 11500.00, '2025-10-31', NULL, 5, '2025-10-31 08:59:02'),
(209, 111, 'Advance Cash', 8800.00, NULL, NULL, '2025-10-31', NULL, 5, '2025-10-31 08:59:02'),
(210, 120, 'Billing Rate', 9337.24, 'Kg', 1.13, '2025-10-31', NULL, 5, '2025-10-31 09:02:22'),
(211, 120, 'Lorry Hire', 8500.00, 'Fixed', 8500.00, '2025-10-31', NULL, 5, '2025-10-31 09:02:22'),
(212, 120, 'Advance Cash', 6700.00, NULL, NULL, '2025-10-31', NULL, 5, '2025-10-31 09:02:22'),
(213, 121, 'Billing Rate', 14795.09, 'Kg', 1.80, '2025-10-31', NULL, 5, '2025-10-31 09:04:42'),
(214, 121, 'Lorry Hire', 13700.00, 'Fixed', 13700.00, '2025-10-31', NULL, 5, '2025-10-31 09:04:42'),
(215, 121, 'Advance Cash', 10100.00, NULL, NULL, '2025-10-31', NULL, 5, '2025-10-31 09:04:42'),
(216, 116, 'Billing Rate', 86000.00, 'Fixed', 86000.00, '2025-10-31', NULL, 5, '2025-10-31 09:06:10'),
(217, 116, 'Lorry Hire', 81000.00, 'Fixed', 81000.00, '2025-10-31', NULL, 5, '2025-10-31 09:06:10'),
(218, 116, 'Advance Cash', 50000.00, NULL, NULL, '2025-10-31', NULL, 5, '2025-10-31 09:06:10'),
(219, 116, 'Labour Charge', 1000.00, NULL, NULL, '2025-10-31', NULL, 5, '2025-10-31 09:06:10'),
(223, 112, 'Billing Rate', 18193.21, 'Kg', 2.20, '2025-10-31', NULL, 5, '2025-10-31 09:07:30'),
(224, 112, 'Lorry Hire', 17000.00, 'Fixed', 17000.00, '2025-10-31', NULL, 5, '2025-10-31 09:07:30'),
(225, 112, 'Advance Cash', 12400.00, NULL, NULL, '2025-10-31', NULL, 5, '2025-10-31 09:07:30'),
(226, 102, 'Billing Rate', 14872.95, 'Kg', 1.80, '2025-10-31', NULL, 5, '2025-10-31 09:07:59'),
(227, 102, 'Lorry Hire', 14000.00, 'Fixed', 14000.00, '2025-10-31', NULL, 5, '2025-10-31 09:07:59'),
(228, 102, 'Advance Cash', 10700.00, NULL, NULL, '2025-10-31', NULL, 5, '2025-10-31 09:07:59'),
(229, 117, 'Billing Rate', 8023.75, 'Kg', 0.97, '2025-10-31', NULL, 5, '2025-10-31 09:08:38'),
(230, 117, 'Lorry Hire', 7500.00, 'Fixed', 7500.00, '2025-10-31', NULL, 5, '2025-10-31 09:08:38'),
(231, 117, 'Advance Cash', 6200.00, NULL, NULL, '2025-10-31', NULL, 5, '2025-10-31 09:08:38'),
(232, 109, 'Billing Rate', 14853.26, 'Kg', 1.80, '2025-10-31', NULL, 5, '2025-10-31 09:09:11'),
(233, 109, 'Lorry Hire', 14000.00, 'Fixed', 14000.00, '2025-10-31', NULL, 5, '2025-10-31 09:09:11'),
(234, 109, 'Advance Cash', 10700.00, NULL, NULL, '2025-10-31', NULL, 5, '2025-10-31 09:09:11'),
(235, 101, 'Billing Rate', 10478.41, 'Kg', 1.27, '2025-10-31', NULL, 5, '2025-10-31 09:09:52'),
(236, 101, 'Lorry Hire', 9700.00, 'Fixed', 9700.00, '2025-10-31', NULL, 5, '2025-10-31 09:09:52'),
(237, 101, 'Advance Cash', 7400.00, NULL, NULL, '2025-10-31', NULL, 5, '2025-10-31 09:09:52'),
(238, 97, 'Billing Rate', 10472.97, 'Kg', 1.27, '2025-10-31', NULL, 5, '2025-10-31 09:10:39'),
(239, 97, 'Lorry Hire', 9700.00, 'Fixed', 9700.00, '2025-10-31', NULL, 5, '2025-10-31 09:10:39'),
(240, 97, 'Advance Cash', 7400.00, NULL, NULL, '2025-10-31', NULL, 5, '2025-10-31 09:10:39'),
(241, 76, 'Billing Rate', 12387.66, 'Kg', 1.50, '2025-10-31', NULL, 5, '2025-10-31 09:12:19'),
(242, 76, 'Lorry Hire', 11500.00, 'Fixed', 11500.00, '2025-10-31', NULL, 5, '2025-10-31 09:12:19'),
(243, 76, 'Advance Cash', 8800.00, NULL, NULL, '2025-10-31', NULL, 5, '2025-10-31 09:12:19'),
(244, 84, 'Billing Rate', 14860.57, 'Kg', 1.80, '2025-10-31', NULL, 5, '2025-10-31 09:12:49'),
(245, 84, 'Lorry Hire', 14000.00, 'Fixed', 14000.00, '2025-10-31', NULL, 5, '2025-10-31 09:12:49'),
(246, 84, 'Advance Cash', 10700.00, NULL, NULL, '2025-10-31', NULL, 5, '2025-10-31 09:12:49'),
(247, 79, 'Billing Rate', 12302.55, 'Kg', 1.50, '2025-10-31', NULL, 5, '2025-10-31 09:13:20'),
(248, 79, 'Lorry Hire', 11500.00, 'Fixed', 11500.00, '2025-10-31', NULL, 5, '2025-10-31 09:13:20'),
(249, 79, 'Advance Cash', 8800.00, NULL, NULL, '2025-10-31', NULL, 5, '2025-10-31 09:13:20'),
(250, 77, 'Billing Rate', 11722.02, 'Kg', 1.42, '2025-10-31', NULL, 5, '2025-10-31 09:14:01'),
(251, 77, 'Lorry Hire', 11000.00, 'Fixed', 11000.00, '2025-10-31', NULL, 5, '2025-10-31 09:14:01'),
(252, 77, 'Advance Cash', 8600.00, NULL, NULL, '2025-10-31', NULL, 5, '2025-10-31 09:14:01'),
(253, 69, 'Billing Rate', 9311.06, 'Kg', 1.13, '2025-10-31', NULL, 5, '2025-10-31 09:15:27'),
(254, 69, 'Lorry Hire', 8800.00, 'Fixed', 8800.00, '2025-10-31', NULL, 5, '2025-10-31 09:15:27'),
(255, 69, 'Advance Cash', 6700.00, NULL, NULL, '2025-10-31', NULL, 5, '2025-10-31 09:15:27'),
(256, 78, 'Billing Rate', 15174.78, 'Kg', 1.85, '2025-10-31', NULL, 5, '2025-10-31 09:17:22'),
(257, 78, 'Lorry Hire', 14000.00, 'Fixed', 14000.00, '2025-10-31', NULL, 5, '2025-10-31 09:17:22'),
(258, 78, 'Advance Cash', 9900.00, NULL, NULL, '2025-10-31', NULL, 5, '2025-10-31 09:17:22'),
(259, 85, 'Billing Rate', 11553.47, 'Kg', 0.98, '2025-10-31', NULL, 5, '2025-10-31 09:18:26'),
(260, 85, 'Lorry Hire', 9700.00, 'Fixed', 9700.00, '2025-10-31', NULL, 5, '2025-10-31 09:18:26'),
(261, 85, 'Advance Cash', 9700.00, NULL, NULL, '2025-10-31', NULL, 5, '2025-10-31 09:18:26'),
(262, 83, 'Billing Rate', 7500.00, 'Fixed', 7500.00, '2025-10-31', NULL, 5, '2025-10-31 09:22:36'),
(263, 83, 'Lorry Hire', 6800.00, 'Fixed', 6800.00, '2025-10-31', NULL, 5, '2025-10-31 09:22:36'),
(264, 83, 'Advance Cash', 4000.00, NULL, NULL, '2025-10-31', NULL, 5, '2025-10-31 09:22:36'),
(265, 83, 'Labour Charge', 1000.00, NULL, NULL, '2025-10-31', NULL, 5, '2025-10-31 09:22:36'),
(266, 106, 'Billing Rate', 29000.00, 'Fixed', 29000.00, '2025-10-31', NULL, 5, '2025-10-31 09:23:56'),
(267, 106, 'Lorry Hire', 27000.00, 'Fixed', 27000.00, '2025-10-31', NULL, 5, '2025-10-31 09:23:56'),
(268, 106, 'Advance Cash', 17500.00, NULL, NULL, '2025-10-31', NULL, 5, '2025-10-31 09:23:56'),
(269, 106, 'Dala Charge', 250.00, NULL, NULL, '2025-10-31', NULL, 5, '2025-10-31 09:23:56'),
(270, 105, 'Billing Rate', 25000.00, 'Fixed', 25000.00, '2025-10-31', NULL, 5, '2025-10-31 09:25:22'),
(271, 105, 'Lorry Hire', 23000.00, 'Fixed', 23000.00, '2025-10-31', NULL, 5, '2025-10-31 09:25:22'),
(272, 105, 'Advance Cash', 16000.00, NULL, NULL, '2025-10-31', NULL, 5, '2025-10-31 09:25:22'),
(273, 105, 'Dala Charge', 250.00, NULL, NULL, '2025-10-31', NULL, 5, '2025-10-31 09:25:22'),
(274, 107, 'Billing Rate', 68500.00, 'Fixed', 68500.00, '2025-10-31', NULL, 5, '2025-10-31 09:26:45'),
(275, 107, 'Lorry Hire', 65000.00, 'Fixed', 65000.00, '2025-10-31', NULL, 5, '2025-10-31 09:26:45'),
(276, 107, 'Advance Cash', 59750.00, NULL, NULL, '2025-10-31', NULL, 5, '2025-10-31 09:26:45'),
(277, 107, 'Dala Charge', 250.00, NULL, NULL, '2025-10-31', NULL, 5, '2025-10-31 09:26:45'),
(278, 108, 'Billing Rate', 68500.00, 'Fixed', 68500.00, '2025-10-31', NULL, 5, '2025-10-31 09:28:09'),
(279, 108, 'Lorry Hire', 65000.00, 'Fixed', 65000.00, '2025-10-31', NULL, 5, '2025-10-31 09:28:09'),
(280, 108, 'Advance Cash', 59750.00, NULL, NULL, '2025-10-31', NULL, 5, '2025-10-31 09:28:09'),
(281, 108, 'Dala Charge', 250.00, NULL, NULL, '2025-10-31', NULL, 5, '2025-10-31 09:28:09'),
(282, 96, 'Billing Rate', 68500.00, 'Fixed', 68500.00, '2025-10-31', NULL, 5, '2025-10-31 09:28:54'),
(283, 96, 'Lorry Hire', 65000.00, 'Fixed', 65000.00, '2025-10-31', NULL, 5, '2025-10-31 09:28:54'),
(284, 96, 'Advance Cash', 59750.00, NULL, NULL, '2025-10-31', NULL, 5, '2025-10-31 09:28:54'),
(285, 96, 'Dala Charge', 250.00, NULL, NULL, '2025-10-31', NULL, 5, '2025-10-31 09:28:54'),
(286, 98, 'Billing Rate', 68500.00, 'Fixed', 68500.00, '2025-10-31', NULL, 5, '2025-10-31 09:29:45'),
(287, 98, 'Lorry Hire', 65000.00, 'Fixed', 65000.00, '2025-10-31', NULL, 5, '2025-10-31 09:29:45'),
(288, 98, 'Advance Cash', 60000.00, NULL, NULL, '2025-10-31', NULL, 5, '2025-10-31 09:29:45'),
(289, 98, 'Dala Charge', 250.00, NULL, NULL, '2025-10-31', NULL, 5, '2025-10-31 09:29:45'),
(290, 99, 'Billing Rate', 15500.00, 'Fixed', 15500.00, '2025-10-31', NULL, 5, '2025-10-31 09:30:39'),
(291, 99, 'Lorry Hire', 14700.00, 'Fixed', 14700.00, '2025-10-31', NULL, 5, '2025-10-31 09:30:39'),
(292, 99, 'Advance Cash', 9500.00, NULL, NULL, '2025-10-31', NULL, 5, '2025-10-31 09:30:39'),
(293, 99, 'Labour Charge', 800.00, NULL, NULL, '2025-10-31', NULL, 5, '2025-10-31 09:30:39'),
(294, 100, 'Billing Rate', 36990.00, 'Fixed', 36990.00, '2025-10-31', NULL, 5, '2025-10-31 09:31:24'),
(295, 100, 'Lorry Hire', 34000.00, 'Fixed', 34000.00, '2025-10-31', NULL, 5, '2025-10-31 09:31:24'),
(296, 100, 'Advance Cash', 19000.00, NULL, NULL, '2025-10-31', NULL, 5, '2025-10-31 09:31:24'),
(297, 100, 'Labour Charge', 1100.00, NULL, NULL, '2025-10-31', NULL, 5, '2025-10-31 09:31:24'),
(298, 100, 'Dala Charge', 250.00, NULL, NULL, '2025-10-31', NULL, 5, '2025-10-31 09:31:24'),
(299, 118, 'Billing Rate', 68500.00, 'Fixed', 68500.00, '2025-10-31', NULL, 5, '2025-10-31 09:35:01'),
(300, 118, 'Lorry Hire', 65000.00, 'Fixed', 65000.00, '2025-10-31', NULL, 5, '2025-10-31 09:35:01'),
(301, 118, 'Advance Cash', 59750.00, NULL, NULL, '2025-10-31', NULL, 5, '2025-10-31 09:35:01'),
(302, 118, 'Dala Charge', 250.00, NULL, NULL, '2025-10-31', NULL, 5, '2025-10-31 09:35:01'),
(303, 93, 'Billing Rate', 17800.00, 'Fixed', 17800.00, '2025-10-31', NULL, 5, '2025-10-31 09:35:49'),
(304, 93, 'Lorry Hire', 17000.00, 'Fixed', 17000.00, '2025-10-31', NULL, 5, '2025-10-31 09:35:49'),
(305, 93, 'Advance Cash', 12500.00, NULL, NULL, '2025-10-31', NULL, 5, '2025-10-31 09:35:49'),
(306, 93, 'Labour Charge', 1000.00, NULL, NULL, '2025-10-31', NULL, 5, '2025-10-31 09:35:49'),
(307, 93, 'Dala Charge', 250.00, NULL, NULL, '2025-10-31', NULL, 5, '2025-10-31 09:35:49'),
(308, 33, 'Billing Rate', 5618.95, 'Kg', 0.62, '2025-10-31', NULL, 5, '2025-10-31 09:37:19'),
(309, 33, 'Lorry Hire', 4700.00, 'Fixed', 4700.00, '2025-10-31', NULL, 5, '2025-10-31 09:37:19'),
(310, 33, 'Advance Cash', 4700.00, NULL, NULL, '2025-10-31', NULL, 5, '2025-10-31 09:37:19'),
(311, 113, 'Billing Rate', 10823.10, 'Kg', 0.98, '2025-10-31', NULL, 5, '2025-10-31 09:37:50'),
(312, 113, 'Lorry Hire', 9700.00, 'Fixed', 9700.00, '2025-10-31', NULL, 5, '2025-10-31 09:37:50'),
(313, 113, 'Advance Cash', 9700.00, NULL, NULL, '2025-10-31', NULL, 5, '2025-10-31 09:37:50'),
(314, 95, 'Billing Rate', 6128.34, 'Kg', 0.68, '2025-10-31', NULL, 5, '2025-10-31 09:39:10'),
(315, 95, 'Lorry Hire', 5500.00, 'Fixed', 5500.00, '2025-10-31', NULL, 5, '2025-10-31 09:39:10'),
(316, 95, 'Advance Cash', 5500.00, NULL, NULL, '2025-10-31', NULL, 5, '2025-10-31 09:39:10'),
(317, 94, 'Billing Rate', 7209.07, 'Kg', 0.80, '2025-10-31', NULL, 5, '2025-10-31 09:40:17'),
(318, 94, 'Lorry Hire', 6500.00, 'Fixed', 6500.00, '2025-10-31', NULL, 5, '2025-10-31 09:40:17'),
(319, 94, 'Advance Cash', 6500.00, NULL, NULL, '2025-10-31', NULL, 5, '2025-10-31 09:40:17'),
(320, 62, 'Billing Rate', 6133.60, 'Kg', 0.68, '2025-10-31', NULL, 5, '2025-10-31 09:42:25'),
(321, 62, 'Lorry Hire', 5500.00, 'Fixed', 5500.00, '2025-10-31', NULL, 5, '2025-10-31 09:42:25'),
(322, 62, 'Advance Cash', 5500.00, NULL, NULL, '2025-10-31', NULL, 5, '2025-10-31 09:42:25'),
(323, 63, 'Billing Rate', 6499.68, 'Kg', 0.72, '2025-10-31', NULL, 5, '2025-10-31 09:43:37'),
(324, 63, 'Lorry Hire', 5300.00, 'Fixed', 5300.00, '2025-10-31', NULL, 5, '2025-10-31 09:43:37'),
(325, 63, 'Advance Cash', 5300.00, NULL, NULL, '2025-10-31', NULL, 5, '2025-10-31 09:43:37'),
(326, 58, 'Billing Rate', 7243.17, 'Kg', 0.80, '2025-10-31', NULL, 5, '2025-10-31 09:44:36'),
(327, 58, 'Lorry Hire', 6500.00, 'Fixed', 6500.00, '2025-10-31', NULL, 5, '2025-10-31 09:44:36'),
(328, 58, 'Advance Cash', 6500.00, NULL, NULL, '2025-10-31', NULL, 5, '2025-10-31 09:44:36'),
(329, 27, 'Billing Rate', 7205.37, 'Kg', 0.80, '2025-10-31', NULL, 5, '2025-10-31 09:46:10'),
(330, 27, 'Lorry Hire', 6500.00, 'Fixed', 6500.00, '2025-10-31', NULL, 5, '2025-10-31 09:46:10'),
(331, 27, 'Advance Cash', 6500.00, NULL, NULL, '2025-10-31', NULL, 5, '2025-10-31 09:46:10'),
(332, 37, 'Billing Rate', 6133.18, 'Kg', 0.68, '2025-10-31', NULL, 5, '2025-10-31 09:47:25'),
(333, 37, 'Lorry Hire', 5500.00, 'Fixed', 5500.00, '2025-10-31', NULL, 5, '2025-10-31 09:47:25'),
(334, 37, 'Advance Cash', 5500.00, NULL, NULL, '2025-10-31', NULL, 5, '2025-10-31 09:47:25'),
(335, 36, 'Billing Rate', 3332.13, 'Kg', 0.37, '2025-10-31', NULL, 5, '2025-10-31 09:48:13'),
(336, 36, 'Lorry Hire', 3100.00, 'Fixed', 3100.00, '2025-10-31', NULL, 5, '2025-10-31 09:48:13'),
(337, 36, 'Advance Cash', 3100.00, NULL, NULL, '2025-10-31', NULL, 5, '2025-10-31 09:48:13'),
(338, 52, 'Billing Rate', 3357.76, 'Kg', 0.37, '2025-10-31', NULL, 5, '2025-10-31 09:48:46'),
(339, 52, 'Lorry Hire', 3100.00, 'Fixed', 3100.00, '2025-10-31', NULL, 5, '2025-10-31 09:48:46'),
(340, 52, 'Advance Cash', 3100.00, NULL, NULL, '2025-10-31', NULL, 5, '2025-10-31 09:48:46'),
(341, 64, 'Billing Rate', 21990.00, 'Fixed', 21990.00, '2025-10-31', NULL, 5, '2025-10-31 09:52:56'),
(342, 64, 'Lorry Hire', 19000.00, 'Fixed', 19000.00, '2025-10-31', NULL, 5, '2025-10-31 09:52:56'),
(343, 64, 'Advance Cash', 13500.00, NULL, NULL, '2025-10-31', NULL, 5, '2025-10-31 09:52:56'),
(344, 64, 'Labour Charge', 800.00, NULL, NULL, '2025-10-31', NULL, 5, '2025-10-31 09:52:56'),
(345, 64, 'Dala Charge', 250.00, NULL, NULL, '2025-10-31', NULL, 5, '2025-10-31 09:52:56'),
(346, 90, 'Billing Rate', 12353.96, 'Kg', 1.50, '2025-10-31', NULL, 5, '2025-10-31 09:53:41'),
(347, 90, 'Lorry Hire', 11500.00, 'Fixed', 11500.00, '2025-10-31', NULL, 5, '2025-10-31 09:53:41'),
(348, 90, 'Advance Cash', 8800.00, NULL, NULL, '2025-10-31', NULL, 5, '2025-10-31 09:53:41'),
(353, 91, 'Billing Rate', 16000.00, 'Fixed', 16000.00, '2025-10-31', NULL, 5, '2025-10-31 09:56:44'),
(354, 91, 'Lorry Hire', 14500.00, 'Fixed', 14500.00, '2025-10-31', NULL, 5, '2025-10-31 09:56:44'),
(355, 91, 'Advance Cash', 8000.00, NULL, NULL, '2025-10-31', NULL, 5, '2025-10-31 09:56:44'),
(356, 91, 'Labour Charge', 1000.00, NULL, NULL, '2025-10-31', NULL, 5, '2025-10-31 09:56:44'),
(357, 91, 'Dala Charge', 250.00, NULL, NULL, '2025-10-31', NULL, 5, '2025-10-31 09:56:44'),
(358, 88, 'Billing Rate', 29500.00, 'Fixed', 29500.00, '2025-10-31', NULL, 5, '2025-10-31 09:57:31'),
(359, 88, 'Lorry Hire', 27000.00, 'Fixed', 27000.00, '2025-10-31', NULL, 5, '2025-10-31 09:57:31'),
(360, 88, 'Advance Cash', 19000.00, NULL, NULL, '2025-10-31', NULL, 5, '2025-10-31 09:57:31'),
(361, 88, 'Dala Charge', 250.00, NULL, NULL, '2025-10-31', NULL, 5, '2025-10-31 09:57:31'),
(362, 87, 'Billing Rate', 42000.00, 'Fixed', 42000.00, '2025-10-31', NULL, 5, '2025-10-31 09:58:24'),
(363, 87, 'Lorry Hire', 40000.00, 'Fixed', 40000.00, '2025-10-31', NULL, 5, '2025-10-31 09:58:24'),
(364, 87, 'Advance Cash', 33000.00, NULL, NULL, '2025-10-31', NULL, 5, '2025-10-31 09:58:24'),
(365, 87, 'Dala Charge', 250.00, NULL, NULL, '2025-10-31', NULL, 5, '2025-10-31 09:58:24'),
(366, 86, 'Billing Rate', 47000.00, 'Fixed', 47000.00, '2025-10-31', NULL, 5, '2025-10-31 09:59:14'),
(367, 86, 'Lorry Hire', 44000.00, 'Fixed', 44000.00, '2025-10-31', NULL, 5, '2025-10-31 09:59:14'),
(368, 86, 'Advance Cash', 37000.00, NULL, NULL, '2025-10-31', NULL, 5, '2025-10-31 09:59:14'),
(369, 56, 'Billing Rate', 7500.00, 'Fixed', 7500.00, '2025-10-31', NULL, 5, '2025-10-31 10:08:15'),
(370, 56, 'Lorry Hire', 6700.00, 'Fixed', 6700.00, '2025-10-31', NULL, 5, '2025-10-31 10:08:15'),
(371, 56, 'Advance Cash', 4000.00, NULL, NULL, '2025-10-31', NULL, 5, '2025-10-31 10:08:15'),
(372, 56, 'Labour Charge', 1000.00, NULL, NULL, '2025-10-31', NULL, 5, '2025-10-31 10:08:15'),
(373, 59, 'Billing Rate', 6330.90, 'Kg', 0.70, '2025-10-31', NULL, 5, '2025-10-31 10:14:30'),
(374, 59, 'Lorry Hire', 5500.00, 'Fixed', 5500.00, '2025-10-31', NULL, 5, '2025-10-31 10:14:30'),
(375, 59, 'Advance Cash', 5500.00, NULL, NULL, '2025-10-31', NULL, 5, '2025-10-31 10:14:30'),
(376, 89, 'Billing Rate', 9362.77, 'Kg', 1.13, '2025-10-31', NULL, 5, '2025-10-31 10:44:44'),
(377, 89, 'Lorry Hire', 8700.00, 'Fixed', 8700.00, '2025-10-31', NULL, 5, '2025-10-31 10:44:44'),
(378, 89, 'Advance Cash', 6700.00, NULL, NULL, '2025-10-31', NULL, 5, '2025-10-31 10:44:44'),
(379, 89, 'Dala Charge', 250.00, NULL, NULL, '2025-10-31', NULL, 5, '2025-10-31 10:44:44'),
(380, 70, 'Billing Rate', 24500.00, 'Fixed', 24500.00, '2025-10-31', NULL, 5, '2025-10-31 11:04:31'),
(381, 70, 'Lorry Hire', 23000.00, 'Fixed', 23000.00, '2025-10-31', NULL, 5, '2025-10-31 11:04:31'),
(382, 70, 'Advance Cash', 15000.00, NULL, NULL, '2025-10-31', NULL, 5, '2025-10-31 11:04:31'),
(383, 124, 'Billing Rate', 11500.00, 'Fixed', 11500.00, '2025-10-31', NULL, 5, '2025-10-31 11:08:41'),
(384, 124, 'Lorry Hire', 10500.00, 'Fixed', 10500.00, '2025-10-31', NULL, 5, '2025-10-31 11:08:41'),
(385, 124, 'Advance Cash', 10500.00, NULL, NULL, '2025-10-31', NULL, 5, '2025-10-31 11:08:41'),
(386, 110, 'Billing Rate', 29500.00, 'Fixed', 29500.00, '2025-10-31', NULL, 5, '2025-10-31 11:10:07'),
(387, 110, 'Lorry Hire', 27500.00, 'Fixed', 27500.00, '2025-10-31', NULL, 5, '2025-10-31 11:10:07'),
(388, 110, 'Advance Cash', 23950.00, NULL, NULL, '2025-10-31', NULL, 5, '2025-10-31 11:10:07'),
(389, 110, 'Dala Charge', 550.00, NULL, NULL, '2025-10-31', NULL, 5, '2025-10-31 11:10:07'),
(394, 67, 'Billing Rate', 29000.00, 'Fixed', 29000.00, '2025-10-31', NULL, 5, '2025-10-31 11:17:47'),
(395, 67, 'Lorry Hire', 0.00, 'Fixed', 0.00, '2025-10-31', NULL, 5, '2025-10-31 11:17:47'),
(396, 115, 'Billing Rate', 21990.00, 'Fixed', 21990.00, '2025-10-31', NULL, 5, '2025-10-31 11:19:13'),
(397, 115, 'Lorry Hire', 20000.00, 'Fixed', 20000.00, '2025-10-31', NULL, 5, '2025-10-31 11:19:13'),
(398, 115, 'Advance Cash', 13500.00, NULL, NULL, '2025-10-31', NULL, 5, '2025-10-31 11:19:13'),
(399, 115, 'Labour Charge', 1000.00, NULL, NULL, '2025-10-31', NULL, 5, '2025-10-31 11:19:13'),
(400, 115, 'Dala Charge', 550.00, NULL, NULL, '2025-10-31', NULL, 5, '2025-10-31 11:19:13'),
(401, 74, 'Billing Rate', 7000.00, 'Fixed', 7000.00, '2025-10-31', NULL, 5, '2025-10-31 11:22:43'),
(402, 74, 'Lorry Hire', 6500.00, 'Fixed', 6500.00, '2025-10-31', NULL, 5, '2025-10-31 11:22:43'),
(403, 74, 'Advance Cash', 4000.00, NULL, NULL, '2025-10-31', NULL, 5, '2025-10-31 11:22:43'),
(404, 74, 'Labour Charge', 1000.00, NULL, NULL, '2025-10-31', NULL, 5, '2025-10-31 11:22:43'),
(405, 73, 'Billing Rate', 25000.00, 'Fixed', 25000.00, '2025-10-31', NULL, 5, '2025-10-31 11:23:22'),
(406, 73, 'Lorry Hire', 23000.00, 'Fixed', 23000.00, '2025-10-31', NULL, 5, '2025-10-31 11:23:22'),
(407, 73, 'Advance Cash', 16000.00, NULL, NULL, '2025-10-31', NULL, 5, '2025-10-31 11:23:22'),
(408, 73, 'Labour Charge', 1000.00, NULL, NULL, '2025-10-31', NULL, 5, '2025-10-31 11:23:22'),
(409, 80, 'Billing Rate', 26900.00, 'Fixed', 26900.00, '2025-10-31', NULL, 5, '2025-10-31 11:24:13'),
(410, 80, 'Lorry Hire', 24000.00, 'Fixed', 24000.00, '2025-10-31', NULL, 5, '2025-10-31 11:24:13'),
(411, 80, 'Advance Cash', 21750.00, NULL, NULL, '2025-10-31', NULL, 5, '2025-10-31 11:24:13'),
(412, 80, 'Dala Charge', 250.00, NULL, NULL, '2025-10-31', NULL, 5, '2025-10-31 11:24:13'),
(413, 71, 'Billing Rate', 17800.00, 'Fixed', 17800.00, '2025-10-31', NULL, 5, '2025-10-31 11:25:45'),
(414, 71, 'Lorry Hire', 16800.00, 'Fixed', 16800.00, '2025-10-31', NULL, 5, '2025-10-31 11:25:45'),
(415, 71, 'Advance Cash', 12500.00, NULL, NULL, '2025-10-31', NULL, 5, '2025-10-31 11:25:45'),
(416, 71, 'Labour Charge', 800.00, NULL, NULL, '2025-10-31', NULL, 5, '2025-10-31 11:25:45'),
(417, 114, 'Billing Rate', 46000.00, 'Fixed', 46000.00, '2025-10-31', NULL, 5, '2025-10-31 11:27:56'),
(418, 114, 'Lorry Hire', 44000.00, 'Fixed', 44000.00, '2025-10-31', NULL, 5, '2025-10-31 11:27:56'),
(419, 114, 'Advance Cash', 35000.00, NULL, NULL, '2025-10-31', NULL, 5, '2025-10-31 11:27:56'),
(420, 66, 'Billing Rate', 39000.00, 'Fixed', 39000.00, '2025-10-31', NULL, 5, '2025-10-31 11:29:10'),
(421, 66, 'Lorry Hire', 36000.00, 'Fixed', 36000.00, '2025-10-31', NULL, 5, '2025-10-31 11:29:10'),
(422, 66, 'Advance Cash', 27000.00, NULL, NULL, '2025-10-31', NULL, 5, '2025-10-31 11:29:10'),
(423, 65, 'Billing Rate', 39000.00, 'Fixed', 39000.00, '2025-10-31', NULL, 5, '2025-10-31 11:29:46'),
(424, 65, 'Lorry Hire', 36000.00, 'Fixed', 36000.00, '2025-10-31', NULL, 5, '2025-10-31 11:29:46'),
(425, 65, 'Advance Cash', 24000.00, NULL, NULL, '2025-10-31', NULL, 5, '2025-10-31 11:29:46'),
(426, 81, 'Billing Rate', 46000.00, 'Fixed', 46000.00, '2025-10-31', NULL, 5, '2025-10-31 11:32:08'),
(427, 81, 'Lorry Hire', 44000.00, 'Fixed', 44000.00, '2025-10-31', NULL, 5, '2025-10-31 11:32:08'),
(428, 81, 'Advance Cash', 35000.00, NULL, NULL, '2025-10-31', NULL, 5, '2025-10-31 11:32:08'),
(432, 72, 'Billing Rate', 11000.00, 'Fixed', 11000.00, '2025-10-31', NULL, 5, '2025-10-31 11:34:18'),
(433, 72, 'Lorry Hire', 10500.00, 'Fixed', 10500.00, '2025-10-31', NULL, 5, '2025-10-31 11:34:18'),
(434, 72, 'Advance Cash', 10500.00, NULL, NULL, '2025-10-31', NULL, 5, '2025-10-31 11:34:18'),
(435, 125, 'Billing Rate', 12317.82, 'Kg', 1.50, '2025-10-31', NULL, 5, '2025-10-31 13:53:35'),
(436, 125, 'Lorry Hire', 11500.00, 'Fixed', 11500.00, '2025-10-31', NULL, 5, '2025-10-31 13:53:35'),
(437, 125, 'Advance Cash', 8600.00, NULL, NULL, '2025-10-31', NULL, 5, '2025-10-31 13:53:35'),
(438, 126, 'Billing Rate', 12414.98, 'Kg', 1.50, '2025-10-31', NULL, 5, '2025-10-31 13:53:59'),
(439, 126, 'Lorry Hire', 11500.00, 'Fixed', 11500.00, '2025-10-31', NULL, 5, '2025-10-31 13:53:59'),
(440, 126, 'Advance Cash', 8800.00, NULL, NULL, '2025-10-31', NULL, 5, '2025-10-31 13:53:59'),
(441, 135, 'Billing Rate', 14870.39, 'Kg', 1.80, '2025-11-02', NULL, 5, '2025-11-02 10:52:53'),
(442, 135, 'Lorry Hire', 14000.00, 'Fixed', 14000.00, '2025-11-02', NULL, 5, '2025-11-02 10:52:53'),
(443, 135, 'Advance Cash', 10700.00, NULL, NULL, '2025-11-02', NULL, 5, '2025-11-02 10:52:53'),
(444, 136, 'Billing Rate', 12388.44, 'Kg', 1.50, '2025-11-02', NULL, 5, '2025-11-02 10:53:27'),
(445, 136, 'Lorry Hire', 11500.00, 'Fixed', 11500.00, '2025-11-02', NULL, 5, '2025-11-02 10:53:27'),
(446, 136, 'Advance Cash', 8800.00, NULL, NULL, '2025-11-02', NULL, 5, '2025-11-02 10:53:27'),
(447, 130, 'Billing Rate', 25000.00, 'Fixed', 25000.00, '2025-11-02', NULL, 5, '2025-11-02 10:53:54'),
(448, 130, 'Lorry Hire', 23000.00, 'Fixed', 23000.00, '2025-11-02', NULL, 5, '2025-11-02 10:53:54'),
(449, 130, 'Advance Cash', 18000.00, NULL, NULL, '2025-11-02', NULL, 5, '2025-11-02 10:53:54'),
(450, 130, 'Labour Charge', 1000.00, NULL, NULL, '2025-11-02', NULL, 5, '2025-11-02 10:53:54'),
(451, 134, 'Billing Rate', 68500.00, 'Fixed', 68500.00, '2025-11-02', NULL, 5, '2025-11-02 10:54:41'),
(452, 134, 'Lorry Hire', 65000.00, 'Fixed', 65000.00, '2025-11-02', NULL, 5, '2025-11-02 10:54:41'),
(453, 134, 'Advance Cash', 59750.00, NULL, NULL, '2025-11-02', NULL, 5, '2025-11-02 10:54:41'),
(454, 134, 'Dala Charge', 250.00, NULL, NULL, '2025-11-02', NULL, 5, '2025-11-02 10:54:41'),
(455, 129, 'Billing Rate', 16259.61, 'Kg', 0.98, '2025-11-02', NULL, 5, '2025-11-02 10:55:37'),
(456, 129, 'Lorry Hire', 14000.00, 'Fixed', 14000.00, '2025-11-02', NULL, 5, '2025-11-02 10:55:37'),
(457, 129, 'Advance Cash', 8000.00, NULL, NULL, '2025-11-02', NULL, 5, '2025-11-02 10:55:37'),
(458, 132, 'Billing Rate', 14997.05, 'Kg', 1.80, '2025-11-02', NULL, 5, '2025-11-02 10:56:12'),
(459, 132, 'Lorry Hire', 14000.00, 'Fixed', 14000.00, '2025-11-02', NULL, 5, '2025-11-02 10:56:12'),
(460, 132, 'Advance Cash', 10700.00, NULL, NULL, '2025-11-02', NULL, 5, '2025-11-02 10:56:12'),
(461, 127, 'Billing Rate', 5923.58, 'Kg', 0.62, '2025-11-03', NULL, 5, '2025-11-03 10:58:19'),
(462, 127, 'Lorry Hire', 4700.00, 'Fixed', 4700.00, '2025-11-03', NULL, 5, '2025-11-03 10:58:19'),
(463, 127, 'Advance Cash', 4700.00, NULL, NULL, '2025-11-03', NULL, 5, '2025-11-03 10:58:19'),
(464, 138, 'Billing Rate', 6500.00, 'Fixed', 6500.00, '2025-11-04', NULL, 5, '2025-11-04 07:29:10'),
(465, 138, 'Lorry Hire', 6000.00, 'Fixed', 6000.00, '2025-11-04', NULL, 5, '2025-11-04 07:29:10'),
(466, 138, 'Advance Cash', 3000.00, NULL, NULL, '2025-11-04', NULL, 5, '2025-11-04 07:29:10'),
(467, 138, 'Labour Charge', 1000.00, NULL, NULL, '2025-11-04', NULL, 5, '2025-11-04 07:29:10'),
(468, 139, 'Billing Rate', 68500.00, 'Fixed', 68500.00, '2025-11-04', NULL, 5, '2025-11-04 07:31:21'),
(469, 139, 'Lorry Hire', 78000.00, 'Fixed', 78000.00, '2025-11-04', NULL, 5, '2025-11-04 07:31:21'),
(470, 139, 'Advance Cash', 72750.00, NULL, NULL, '2025-11-04', NULL, 5, '2025-11-04 07:31:21'),
(471, 139, 'Dala Charge', 250.00, NULL, NULL, '2025-11-04', NULL, 5, '2025-11-04 07:31:21'),
(472, 7, 'Billing Rate', 29000.00, 'Fixed', 29000.00, '2025-11-04', NULL, 5, '2025-11-04 12:42:18'),
(473, 7, 'Lorry Hire', 27000.00, 'Fixed', 27000.00, '2025-11-04', NULL, 5, '2025-11-04 12:42:18'),
(474, 7, 'Advance Cash', 17500.00, NULL, NULL, '2025-11-04', NULL, 5, '2025-11-04 12:42:18'),
(475, 7, 'Dala Charge', 250.00, NULL, NULL, '2025-11-04', NULL, 5, '2025-11-04 12:42:18'),
(476, 143, 'Billing Rate', 127658.00, 'Ton', 3100.00, '2025-11-04', NULL, 4, '2025-11-04 15:30:51'),
(477, 143, 'Lorry Hire', 119422.00, 'Ton', 2900.00, '2025-11-04', NULL, 4, '2025-11-04 15:30:51'),
(478, 143, 'Advance Cash', 95000.00, NULL, NULL, '2025-11-04', NULL, 4, '2025-11-04 15:30:51'),
(479, 143, 'Dala Charge', 500.00, NULL, NULL, '2025-11-04', NULL, 4, '2025-11-04 15:30:51'),
(480, 140, 'Billing Rate', 96140.00, 'Ton', 2300.00, '2025-11-04', NULL, 4, '2025-11-04 15:49:28'),
(481, 140, 'Lorry Hire', 94050.00, 'Ton', 2250.00, '2025-11-04', NULL, 4, '2025-11-04 15:49:28'),
(482, 140, 'Advance Cash', 78550.00, NULL, NULL, '2025-11-04', NULL, 4, '2025-11-04 15:49:28'),
(483, 140, 'Dala Charge', 500.00, NULL, NULL, '2025-11-04', NULL, 4, '2025-11-04 15:49:28'),
(484, 82, 'Billing Rate', 0.00, 'Fixed', 0.00, '2025-11-05', NULL, 5, '2025-11-05 07:08:32'),
(485, 82, 'Lorry Hire', 0.00, 'Fixed', 0.00, '2025-11-05', NULL, 5, '2025-11-05 07:08:32'),
(486, 141, 'Billing Rate', 9295.32, 'Kg', 1.13, '2025-11-05', NULL, 5, '2025-11-05 07:14:50'),
(487, 141, 'Lorry Hire', 8700.00, 'Fixed', 8700.00, '2025-11-05', NULL, 5, '2025-11-05 07:14:50'),
(488, 141, 'Advance Cash', 6700.00, NULL, NULL, '2025-11-05', NULL, 5, '2025-11-05 07:14:50'),
(489, 142, 'Billing Rate', 10439.72, 'Kg', 1.27, '2025-11-05', NULL, 5, '2025-11-05 07:15:20'),
(490, 142, 'Lorry Hire', 9500.00, 'Fixed', 9500.00, '2025-11-05', NULL, 5, '2025-11-05 07:15:20'),
(491, 142, 'Advance Cash', 7400.00, NULL, NULL, '2025-11-05', NULL, 5, '2025-11-05 07:15:20'),
(492, 152, 'Billing Rate', 17000.00, 'Fixed', 17000.00, '2025-11-05', NULL, 5, '2025-11-05 07:15:50'),
(493, 152, 'Lorry Hire', 15500.00, 'Fixed', 15500.00, '2025-11-05', NULL, 5, '2025-11-05 07:15:50'),
(494, 152, 'Advance Cash', 9500.00, NULL, NULL, '2025-11-05', NULL, 5, '2025-11-05 07:15:50'),
(495, 152, 'Labour Charge', 1000.00, NULL, NULL, '2025-11-05', NULL, 5, '2025-11-05 07:15:50'),
(496, 152, 'Dala Charge', 250.00, NULL, NULL, '2025-11-05', NULL, 5, '2025-11-05 07:15:50'),
(497, 75, 'Billing Rate', 20000.00, 'Fixed', 20000.00, '2025-11-05', NULL, 5, '2025-11-05 07:17:18'),
(498, 75, 'Lorry Hire', 18000.00, 'Fixed', 18000.00, '2025-11-05', NULL, 5, '2025-11-05 07:17:18'),
(499, 75, 'Advance Cash', 13500.00, NULL, NULL, '2025-11-05', NULL, 5, '2025-11-05 07:17:18'),
(500, 75, 'Dala Charge', 250.00, NULL, NULL, '2025-11-05', NULL, 5, '2025-11-05 07:17:18'),
(501, 68, 'Billing Rate', 7000.00, 'Fixed', 7000.00, '2025-11-05', NULL, 5, '2025-11-05 07:17:26'),
(502, 68, 'Lorry Hire', 6500.00, 'Fixed', 6500.00, '2025-11-05', NULL, 5, '2025-11-05 07:17:26'),
(503, 68, 'Advance Cash', 4000.00, NULL, NULL, '2025-11-05', NULL, 5, '2025-11-05 07:17:26'),
(504, 68, 'Labour Charge', 1000.00, NULL, NULL, '2025-11-05', NULL, 5, '2025-11-05 07:17:26'),
(505, 131, 'Billing Rate', 15500.00, 'Fixed', 15500.00, '2025-11-05', NULL, 5, '2025-11-05 07:18:25'),
(506, 131, 'Lorry Hire', 14500.00, 'Fixed', 14500.00, '2025-11-05', NULL, 5, '2025-11-05 07:18:25'),
(507, 131, 'Advance Cash', 9500.00, NULL, NULL, '2025-11-05', NULL, 5, '2025-11-05 07:18:25'),
(508, 131, 'Labour Charge', 1800.00, NULL, NULL, '2025-11-05', NULL, 5, '2025-11-05 07:18:25'),
(509, 131, 'Dala Charge', 250.00, NULL, NULL, '2025-11-05', NULL, 5, '2025-11-05 07:18:25'),
(510, 153, 'Billing Rate', 47000.00, 'Fixed', 47000.00, '2025-11-05', NULL, 5, '2025-11-05 07:20:42'),
(511, 153, 'Lorry Hire', 45000.00, 'Fixed', 45000.00, '2025-11-05', NULL, 5, '2025-11-05 07:20:42'),
(512, 153, 'Advance Cash', 35000.00, NULL, NULL, '2025-11-05', NULL, 5, '2025-11-05 07:20:42'),
(513, 153, 'Dala Charge', 250.00, NULL, NULL, '2025-11-05', NULL, 5, '2025-11-05 07:20:42'),
(514, 133, 'Billing Rate', 6151.57, 'Kg', 0.68, '2025-11-05', NULL, 5, '2025-11-05 08:43:21'),
(515, 133, 'Lorry Hire', 5500.00, 'Fixed', 5500.00, '2025-11-05', NULL, 5, '2025-11-05 08:43:21'),
(516, 133, 'Advance Cash', 5500.00, NULL, NULL, '2025-11-05', NULL, 5, '2025-11-05 08:43:21'),
(517, 128, 'Billing Rate', 6331.51, 'Kg', 0.70, '2025-11-05', NULL, 5, '2025-11-05 08:43:54'),
(518, 128, 'Lorry Hire', 5500.00, 'Fixed', 5500.00, '2025-11-05', NULL, 5, '2025-11-05 08:43:54'),
(519, 128, 'Advance Cash', 5500.00, NULL, NULL, '2025-11-05', NULL, 5, '2025-11-05 08:43:54'),
(520, 103, 'Billing Rate', 5579.68, 'Kg', 0.68, '2025-11-05', NULL, 5, '2025-11-05 08:45:05'),
(521, 103, 'Lorry Hire', 5000.00, 'Fixed', 5000.00, '2025-11-05', NULL, 5, '2025-11-05 08:45:05'),
(522, 103, 'Advance Cash', 3800.00, NULL, NULL, '2025-11-05', NULL, 5, '2025-11-05 08:45:05'),
(523, 103, 'Dala Charge', 250.00, NULL, NULL, '2025-11-05', NULL, 5, '2025-11-05 08:45:05'),
(524, 154, 'Billing Rate', 12426.45, 'Kg', 1.50, '2025-11-06', NULL, 5, '2025-11-06 08:25:12'),
(525, 154, 'Lorry Hire', 11500.00, 'Fixed', 11500.00, '2025-11-06', NULL, 5, '2025-11-06 08:25:12'),
(526, 154, 'Advance Cash', 8800.00, NULL, NULL, '2025-11-06', NULL, 5, '2025-11-06 08:25:12'),
(527, 157, 'Billing Rate', 24900.00, 'Fixed', 24900.00, '2025-11-06', NULL, 5, '2025-11-06 08:30:18'),
(528, 157, 'Lorry Hire', 23900.00, 'Fixed', 23900.00, '2025-11-06', NULL, 5, '2025-11-06 08:30:18'),
(529, 157, 'Advance Cash', 17000.00, NULL, NULL, '2025-11-06', NULL, 5, '2025-11-06 08:30:18'),
(530, 157, 'Labour Charge', 900.00, NULL, NULL, '2025-11-06', NULL, 5, '2025-11-06 08:30:18'),
(531, 157, 'Dala Charge', 250.00, NULL, NULL, '2025-11-06', NULL, 5, '2025-11-06 08:30:18'),
(532, 160, 'Billing Rate', 21990.00, 'Fixed', 21990.00, '2025-11-06', NULL, 5, '2025-11-06 08:45:04'),
(533, 160, 'Lorry Hire', 20900.00, 'Fixed', 20900.00, '2025-11-06', NULL, 5, '2025-11-06 08:45:04'),
(534, 160, 'Advance Cash', 16000.00, NULL, NULL, '2025-11-06', NULL, 5, '2025-11-06 08:45:04'),
(535, 160, 'Labour Charge', 800.00, NULL, NULL, '2025-11-06', NULL, 5, '2025-11-06 08:45:04'),
(536, 160, 'Dala Charge', 250.00, NULL, NULL, '2025-11-06', NULL, 5, '2025-11-06 08:45:04'),
(537, 159, 'Billing Rate', 12374.98, 'Kg', 1.50, '2025-11-06', NULL, 5, '2025-11-06 08:45:57'),
(538, 159, 'Lorry Hire', 11500.00, 'Fixed', 11500.00, '2025-11-06', NULL, 5, '2025-11-06 08:45:57'),
(539, 159, 'Advance Cash', 8800.00, NULL, NULL, '2025-11-06', NULL, 5, '2025-11-06 08:45:57'),
(540, 159, 'Dala Charge', 250.00, NULL, NULL, '2025-11-06', NULL, 5, '2025-11-06 08:45:57'),
(541, 158, 'Billing Rate', 15500.00, 'Fixed', 15500.00, '2025-11-06', NULL, 5, '2025-11-06 08:48:52'),
(542, 158, 'Lorry Hire', 14500.00, 'Fixed', 14500.00, '2025-11-06', NULL, 5, '2025-11-06 08:48:52'),
(543, 158, 'Advance Cash', 9500.00, NULL, NULL, '2025-11-06', NULL, 5, '2025-11-06 08:48:52'),
(544, 158, 'Labour Charge', 800.00, NULL, NULL, '2025-11-06', NULL, 5, '2025-11-06 08:48:52'),
(545, 158, 'Dala Charge', 250.00, NULL, NULL, '2025-11-06', NULL, 5, '2025-11-06 08:48:52'),
(546, 158, 'Lifting Charge', 1100.00, NULL, NULL, '2025-11-06', NULL, 5, '2025-11-06 08:48:52'),
(547, 172, 'Billing Rate', 4900.00, 'Fixed', 4900.00, '2025-11-08', NULL, 5, '2025-11-08 08:45:31');
INSERT INTO `shipment_payments` (`id`, `shipment_id`, `payment_type`, `amount`, `billing_method`, `rate`, `payment_date`, `remarks`, `created_by_id`, `created_at`) VALUES
(548, 172, 'Lorry Hire', 4500.00, 'Fixed', 4500.00, '2025-11-08', NULL, 5, '2025-11-08 08:45:31'),
(549, 172, 'Advance Cash', 3000.00, NULL, NULL, '2025-11-08', NULL, 5, '2025-11-08 08:45:31'),
(550, 172, 'Labour Charge', 1000.00, NULL, NULL, '2025-11-08', NULL, 5, '2025-11-08 08:45:31'),
(551, 173, 'Billing Rate', 29000.00, 'Fixed', 29000.00, '2025-11-08', NULL, 5, '2025-11-08 08:46:25'),
(552, 173, 'Lorry Hire', 27000.00, 'Fixed', 27000.00, '2025-11-08', NULL, 5, '2025-11-08 08:46:25'),
(553, 173, 'Advance Cash', 19000.00, NULL, NULL, '2025-11-08', NULL, 5, '2025-11-08 08:46:25'),
(554, 173, 'Labour Charge', 800.00, NULL, NULL, '2025-11-08', NULL, 5, '2025-11-08 08:46:25'),
(555, 161, 'Billing Rate', 6488.39, 'Kg', 0.72, '2025-11-08', NULL, 5, '2025-11-08 08:47:09'),
(556, 161, 'Lorry Hire', 5200.00, 'Fixed', 5200.00, '2025-11-08', NULL, 5, '2025-11-08 08:47:09'),
(557, 161, 'Advance Cash', 5200.00, NULL, NULL, '2025-11-08', NULL, 5, '2025-11-08 08:47:09'),
(558, 162, 'Billing Rate', 15723.21, 'Kg', 1.90, '2025-11-08', NULL, 5, '2025-11-08 08:48:12'),
(559, 162, 'Lorry Hire', 14500.00, 'Fixed', 14500.00, '2025-11-08', NULL, 5, '2025-11-08 08:48:12'),
(560, 162, 'Advance Cash', 10100.00, NULL, NULL, '2025-11-08', NULL, 5, '2025-11-08 08:48:12'),
(561, 162, 'Dala Charge', 250.00, NULL, NULL, '2025-11-08', NULL, 5, '2025-11-08 08:48:12'),
(562, 170, 'Billing Rate', 10784.36, 'Kg', 0.98, '2025-11-08', NULL, 5, '2025-11-08 08:48:41'),
(563, 170, 'Lorry Hire', 9700.00, 'Fixed', 9700.00, '2025-11-08', NULL, 5, '2025-11-08 08:48:41'),
(564, 170, 'Advance Cash', 9700.00, NULL, NULL, '2025-11-08', NULL, 5, '2025-11-08 08:48:41'),
(569, 169, 'Billing Rate', 7245.08, 'Kg', 0.80, '2025-11-08', NULL, 5, '2025-11-08 08:51:00'),
(570, 169, 'Lorry Hire', 6500.00, 'Fixed', 6500.00, '2025-11-08', NULL, 5, '2025-11-08 08:51:00'),
(571, 169, 'Advance Cash', 6500.00, NULL, NULL, '2025-11-08', NULL, 5, '2025-11-08 08:51:00'),
(572, 184, 'Billing Rate', 14500.00, 'Fixed', 14500.00, '2025-11-10', NULL, 5, '2025-11-10 10:20:05'),
(573, 184, 'Lorry Hire', 11100.00, 'Fixed', 11100.00, '2025-11-10', NULL, 5, '2025-11-10 10:20:05'),
(574, 184, 'Advance Cash', 10000.00, NULL, NULL, '2025-11-10', NULL, 5, '2025-11-10 10:20:05'),
(575, 184, 'Labour Charge', 1100.00, NULL, NULL, '2025-11-10', NULL, 5, '2025-11-10 10:20:05'),
(576, 204, 'Billing Rate', 14920.76, 'Kg', 1.80, '2025-11-13', NULL, 5, '2025-11-13 08:52:14'),
(577, 204, 'Lorry Hire', 14000.00, 'Fixed', 14000.00, '2025-11-13', NULL, 5, '2025-11-13 08:52:14'),
(578, 204, 'Advance Cash', 10700.00, NULL, NULL, '2025-11-13', NULL, 5, '2025-11-13 08:52:14'),
(579, 204, 'Dala Charge', 250.00, NULL, NULL, '2025-11-13', NULL, 5, '2025-11-13 08:52:14'),
(580, 205, 'Billing Rate', 16112.73, 'Kg', 1.50, '2025-11-13', NULL, 5, '2025-11-13 08:53:19'),
(581, 205, 'Lorry Hire', 14000.00, 'Fixed', 14000.00, '2025-11-13', NULL, 5, '2025-11-13 08:53:19'),
(582, 206, 'Billing Rate', 16461.18, 'Kg', 1.50, '2025-11-13', NULL, 5, '2025-11-13 08:53:41'),
(583, 206, 'Lorry Hire', 14000.00, 'Fixed', 14000.00, '2025-11-13', NULL, 5, '2025-11-13 08:53:41'),
(584, 208, 'Billing Rate', 12392.83, 'Kg', 1.50, '2025-11-13', NULL, 5, '2025-11-13 08:54:03'),
(585, 208, 'Lorry Hire', 11500.00, 'Fixed', 11500.00, '2025-11-13', NULL, 5, '2025-11-13 08:54:03'),
(586, 208, 'Advance Cash', 8800.00, NULL, NULL, '2025-11-13', NULL, 5, '2025-11-13 08:54:03'),
(587, 208, 'Dala Charge', 250.00, NULL, NULL, '2025-11-13', NULL, 5, '2025-11-13 08:54:03'),
(588, 195, 'Billing Rate', 11721.74, 'Kg', 1.42, '2025-11-13', NULL, 5, '2025-11-13 08:54:36'),
(589, 195, 'Lorry Hire', 11000.00, 'Fixed', 11000.00, '2025-11-13', NULL, 5, '2025-11-13 08:54:36'),
(590, 195, 'Advance Cash', 8600.00, NULL, NULL, '2025-11-13', NULL, 5, '2025-11-13 08:54:36'),
(591, 209, 'Billing Rate', 28000.00, 'Fixed', 28000.00, '2025-11-13', NULL, 5, '2025-11-13 08:56:03'),
(592, 209, 'Lorry Hire', 26000.00, 'Fixed', 26000.00, '2025-11-13', NULL, 5, '2025-11-13 08:56:03'),
(593, 209, 'Advance Cash', 17000.00, NULL, NULL, '2025-11-13', NULL, 5, '2025-11-13 08:56:03'),
(594, 209, 'Labour Charge', 3000.00, NULL, NULL, '2025-11-13', NULL, 5, '2025-11-13 08:56:03'),
(595, 210, 'Billing Rate', 16000.00, 'Fixed', 16000.00, '2025-11-13', NULL, 5, '2025-11-13 08:56:32'),
(596, 210, 'Lorry Hire', 14000.00, 'Fixed', 14000.00, '2025-11-13', NULL, 5, '2025-11-13 08:56:32'),
(597, 210, 'Advance Cash', 8000.00, NULL, NULL, '2025-11-13', NULL, 5, '2025-11-13 08:56:32'),
(598, 210, 'Labour Charge', 1000.00, NULL, NULL, '2025-11-13', NULL, 5, '2025-11-13 08:56:32'),
(599, 194, 'Billing Rate', 30000.00, 'Fixed', 30000.00, '2025-11-13', NULL, 5, '2025-11-13 08:57:08'),
(600, 194, 'Lorry Hire', 27000.00, 'Fixed', 27000.00, '2025-11-13', NULL, 5, '2025-11-13 08:57:08'),
(601, 194, 'Advance Cash', 15000.00, NULL, NULL, '2025-11-13', NULL, 5, '2025-11-13 08:57:08'),
(602, 194, 'Labour Charge', 1000.00, NULL, NULL, '2025-11-13', NULL, 5, '2025-11-13 08:57:08'),
(603, 199, 'Billing Rate', 52000.00, 'Fixed', 52000.00, '2025-11-13', NULL, 5, '2025-11-13 08:58:19'),
(604, 199, 'Lorry Hire', 49000.00, 'Fixed', 49000.00, '2025-11-13', NULL, 5, '2025-11-13 08:58:19'),
(605, 199, 'Advance Cash', 32000.00, NULL, NULL, '2025-11-13', NULL, 5, '2025-11-13 08:58:19'),
(606, 199, 'Labour Charge', 1500.00, NULL, NULL, '2025-11-13', NULL, 5, '2025-11-13 08:58:19'),
(607, 199, 'Dala Charge', 250.00, NULL, NULL, '2025-11-13', NULL, 5, '2025-11-13 08:58:19'),
(608, 186, 'Billing Rate', 12363.65, 'Kg', 1.50, '2025-11-13', NULL, 5, '2025-11-13 08:58:44'),
(609, 186, 'Lorry Hire', 11500.00, 'Fixed', 11500.00, '2025-11-13', NULL, 5, '2025-11-13 08:58:44'),
(610, 186, 'Advance Cash', 8800.00, NULL, NULL, '2025-11-13', NULL, 5, '2025-11-13 08:58:44'),
(611, 186, 'Dala Charge', 250.00, NULL, NULL, '2025-11-13', NULL, 5, '2025-11-13 08:58:44'),
(612, 187, 'Billing Rate', 9336.67, 'Kg', 1.13, '2025-11-13', NULL, 5, '2025-11-13 08:59:08'),
(613, 187, 'Lorry Hire', 8700.00, 'Fixed', 8700.00, '2025-11-13', NULL, 5, '2025-11-13 08:59:08'),
(614, 187, 'Advance Cash', 6700.00, NULL, NULL, '2025-11-13', NULL, 5, '2025-11-13 08:59:08'),
(615, 187, 'Dala Charge', 250.00, NULL, NULL, '2025-11-13', NULL, 5, '2025-11-13 08:59:08'),
(616, 183, 'Billing Rate', 12000.00, 'Fixed', 12000.00, '2025-11-13', NULL, 5, '2025-11-13 08:59:35'),
(617, 183, 'Lorry Hire', 10000.00, 'Fixed', 10000.00, '2025-11-13', NULL, 5, '2025-11-13 08:59:35'),
(618, 183, 'Advance Cash', 5000.00, NULL, NULL, '2025-11-13', NULL, 5, '2025-11-13 08:59:35'),
(619, 183, 'Labour Charge', 1000.00, NULL, NULL, '2025-11-13', NULL, 5, '2025-11-13 08:59:35'),
(620, 177, 'Billing Rate', 49700.00, 'Fixed', 49700.00, '2025-11-13', NULL, 5, '2025-11-13 09:01:19'),
(621, 177, 'Lorry Hire', 45000.00, 'Fixed', 45000.00, '2025-11-13', NULL, 5, '2025-11-13 09:01:19'),
(622, 177, 'Advance Cash', 39750.00, NULL, NULL, '2025-11-13', NULL, 5, '2025-11-13 09:01:19'),
(623, 177, 'Dala Charge', 250.00, NULL, NULL, '2025-11-13', NULL, 5, '2025-11-13 09:01:19'),
(624, 198, 'Billing Rate', 10440.83, 'Kg', 1.27, '2025-11-13', NULL, 5, '2025-11-13 09:01:58'),
(625, 198, 'Lorry Hire', 9700.00, 'Fixed', 9700.00, '2025-11-13', NULL, 5, '2025-11-13 09:01:58'),
(626, 198, 'Advance Cash', 7200.00, NULL, NULL, '2025-11-13', NULL, 5, '2025-11-13 09:01:58'),
(627, 198, 'Dala Charge', 250.00, NULL, NULL, '2025-11-13', NULL, 5, '2025-11-13 09:01:58'),
(628, 202, 'Billing Rate', 68500.00, 'Fixed', 68500.00, '2025-11-13', NULL, 5, '2025-11-13 09:02:55'),
(629, 202, 'Lorry Hire', 65000.00, 'Fixed', 65000.00, '2025-11-13', NULL, 5, '2025-11-13 09:02:55'),
(630, 202, 'Advance Cash', 59750.00, NULL, NULL, '2025-11-13', NULL, 5, '2025-11-13 09:02:55'),
(631, 202, 'Dala Charge', 250.00, NULL, NULL, '2025-11-13', NULL, 5, '2025-11-13 09:02:55'),
(632, 193, 'Billing Rate', 68500.00, 'Fixed', 68500.00, '2025-11-13', NULL, 5, '2025-11-13 09:09:43'),
(633, 193, 'Lorry Hire', 65000.00, 'Fixed', 65000.00, '2025-11-13', NULL, 5, '2025-11-13 09:09:43'),
(634, 193, 'Advance Cash', 59750.00, NULL, NULL, '2025-11-13', NULL, 5, '2025-11-13 09:09:43'),
(635, 193, 'Dala Charge', 250.00, NULL, NULL, '2025-11-13', NULL, 5, '2025-11-13 09:09:43'),
(636, 174, 'Billing Rate', 19500.00, 'Fixed', 19500.00, '2025-11-13', NULL, 5, '2025-11-13 09:10:38'),
(637, 174, 'Lorry Hire', 18500.00, 'Fixed', 18500.00, '2025-11-13', NULL, 5, '2025-11-13 09:10:38'),
(638, 174, 'Advance Cash', 13000.00, NULL, NULL, '2025-11-13', NULL, 5, '2025-11-13 09:10:38'),
(639, 174, 'Labour Charge', 1000.00, NULL, NULL, '2025-11-13', NULL, 5, '2025-11-13 09:10:38'),
(640, 174, 'Dala Charge', 250.00, NULL, NULL, '2025-11-13', NULL, 5, '2025-11-13 09:10:38'),
(641, 175, 'Billing Rate', 7958.14, 'Kg', 0.97, '2025-11-13', NULL, 5, '2025-11-13 09:11:41'),
(642, 175, 'Lorry Hire', 7500.00, 'Fixed', 7500.00, '2025-11-13', NULL, 5, '2025-11-13 09:11:41'),
(643, 175, 'Advance Cash', 6400.00, NULL, NULL, '2025-11-13', NULL, 5, '2025-11-13 09:11:41'),
(644, 203, 'Billing Rate', 23800.00, 'Fixed', 23800.00, '2025-11-13', NULL, 5, '2025-11-13 09:15:54'),
(645, 203, 'Lorry Hire', 22000.00, 'Fixed', 22000.00, '2025-11-13', NULL, 5, '2025-11-13 09:15:54'),
(646, 203, 'Advance Cash', 16000.00, NULL, NULL, '2025-11-13', NULL, 5, '2025-11-13 09:15:54'),
(647, 203, 'Labour Charge', 2700.00, NULL, NULL, '2025-11-13', NULL, 5, '2025-11-13 09:15:54'),
(648, 203, 'Dala Charge', 250.00, NULL, NULL, '2025-11-13', NULL, 5, '2025-11-13 09:15:54'),
(649, 192, 'Billing Rate', 7500.00, 'Fixed', 7500.00, '2025-11-13', NULL, 5, '2025-11-13 09:18:04'),
(650, 192, 'Lorry Hire', 6800.00, 'Fixed', 6800.00, '2025-11-13', NULL, 5, '2025-11-13 09:18:04'),
(651, 192, 'Advance Cash', 4000.00, NULL, NULL, '2025-11-13', NULL, 5, '2025-11-13 09:18:04'),
(652, 192, 'Labour Charge', 1000.00, NULL, NULL, '2025-11-13', NULL, 5, '2025-11-13 09:18:04'),
(653, 104, 'Billing Rate', 5579.68, 'Kg', 0.68, '2025-11-13', NULL, 5, '2025-11-13 09:19:23'),
(654, 104, 'Lorry Hire', 5000.00, 'Fixed', 5000.00, '2025-11-13', NULL, 5, '2025-11-13 09:19:23'),
(655, 104, 'Advance Cash', 3800.00, NULL, NULL, '2025-11-13', NULL, 5, '2025-11-13 09:19:23'),
(656, 104, 'Dala Charge', 250.00, NULL, NULL, '2025-11-13', NULL, 5, '2025-11-13 09:19:23'),
(657, 180, 'Billing Rate', 5614.11, 'Kg', 0.68, '2025-11-13', NULL, 5, '2025-11-13 09:21:00'),
(658, 180, 'Lorry Hire', 5000.00, 'Fixed', 5000.00, '2025-11-13', NULL, 5, '2025-11-13 09:21:00'),
(659, 180, 'Advance Cash', 3800.00, NULL, NULL, '2025-11-13', NULL, 5, '2025-11-13 09:21:00'),
(660, 180, 'Dala Charge', 250.00, NULL, NULL, '2025-11-13', NULL, 5, '2025-11-13 09:21:00'),
(661, 211, 'Billing Rate', 6500.00, 'Fixed', 6500.00, '2025-11-14', NULL, 5, '2025-11-14 11:36:00'),
(662, 211, 'Lorry Hire', 5000.00, 'Fixed', 5000.00, '2025-11-14', NULL, 5, '2025-11-14 11:36:00'),
(663, 211, 'Advance Cash', 2000.00, NULL, NULL, '2025-11-14', NULL, 5, '2025-11-14 11:36:00'),
(664, 211, 'Labour Charge', 1000.00, NULL, NULL, '2025-11-14', NULL, 5, '2025-11-14 11:36:00'),
(665, 212, 'Billing Rate', 18159.09, 'Kg', 2.20, '2025-11-14', NULL, 5, '2025-11-14 11:37:37'),
(666, 212, 'Lorry Hire', 17500.00, 'Fixed', 17500.00, '2025-11-14', NULL, 5, '2025-11-14 11:37:37'),
(667, 212, 'Advance Cash', 12200.00, NULL, NULL, '2025-11-14', NULL, 5, '2025-11-14 11:37:37'),
(668, 212, 'Dala Charge', 250.00, NULL, NULL, '2025-11-14', NULL, 5, '2025-11-14 11:37:37'),
(669, 214, 'Billing Rate', 68500.00, 'Fixed', 68500.00, '2025-11-29', NULL, 5, '2025-11-29 09:48:40'),
(670, 214, 'Lorry Hire', 65000.00, 'Fixed', 65000.00, '2025-11-29', NULL, 5, '2025-11-29 09:48:40'),
(671, 214, 'Advance Cash', 59750.00, NULL, NULL, '2025-11-29', NULL, 5, '2025-11-29 09:48:40'),
(672, 214, 'Dala Charge', 250.00, NULL, NULL, '2025-11-29', NULL, 5, '2025-11-29 09:48:40'),
(673, 213, 'Billing Rate', 29500.00, 'Fixed', 29500.00, '2025-11-29', NULL, 5, '2025-11-29 09:49:35'),
(674, 213, 'Lorry Hire', 28000.00, 'Fixed', 28000.00, '2025-11-29', NULL, 5, '2025-11-29 09:49:35'),
(675, 213, 'Advance Cash', 24450.00, NULL, NULL, '2025-11-29', NULL, 5, '2025-11-29 09:49:35'),
(676, 213, 'Dala Charge', 550.00, NULL, NULL, '2025-11-29', NULL, 5, '2025-11-29 09:49:35'),
(681, 226, 'Billing Rate', 68500.00, 'Fixed', 68500.00, '2025-11-29', NULL, 5, '2025-11-29 09:50:45'),
(682, 226, 'Lorry Hire', 64000.00, 'Fixed', 64000.00, '2025-11-29', NULL, 5, '2025-11-29 09:50:45'),
(683, 226, 'Advance Cash', 58750.00, NULL, NULL, '2025-11-29', NULL, 5, '2025-11-29 09:50:45'),
(684, 226, 'Dala Charge', 250.00, NULL, NULL, '2025-11-29', NULL, 5, '2025-11-29 09:50:45'),
(689, 232, 'Billing Rate', 68500.00, 'Fixed', 68500.00, '2025-11-29', NULL, 5, '2025-11-29 09:51:36'),
(690, 232, 'Lorry Hire', 64000.00, 'Fixed', 64000.00, '2025-11-29', NULL, 5, '2025-11-29 09:51:36'),
(691, 232, 'Advance Cash', 58750.00, NULL, NULL, '2025-11-29', NULL, 5, '2025-11-29 09:51:36'),
(692, 232, 'Dala Charge', 250.00, NULL, NULL, '2025-11-29', NULL, 5, '2025-11-29 09:51:36'),
(693, 235, 'Billing Rate', 42000.00, 'Fixed', 42000.00, '2025-11-29', NULL, 5, '2025-11-29 09:52:45'),
(694, 235, 'Lorry Hire', 0.00, 'Fixed', 0.00, '2025-11-29', NULL, 5, '2025-11-29 09:52:45'),
(695, 236, 'Billing Rate', 48000.00, 'Fixed', 48000.00, '2025-11-29', NULL, 5, '2025-11-29 09:53:49'),
(696, 236, 'Lorry Hire', 46000.00, 'Fixed', 46000.00, '2025-11-29', NULL, 5, '2025-11-29 09:53:49'),
(697, 236, 'Advance Cash', 37000.00, NULL, NULL, '2025-11-29', NULL, 5, '2025-11-29 09:53:49'),
(698, 237, 'Billing Rate', 46000.00, 'Fixed', 46000.00, '2025-11-29', NULL, 5, '2025-11-29 09:54:37'),
(699, 237, 'Lorry Hire', 44000.00, 'Fixed', 44000.00, '2025-11-29', NULL, 5, '2025-11-29 09:54:37'),
(700, 237, 'Advance Cash', 35000.00, NULL, NULL, '2025-11-29', NULL, 5, '2025-11-29 09:54:37'),
(701, 223, 'Billing Rate', 42000.00, 'Fixed', 42000.00, '2025-11-29', NULL, 5, '2025-11-29 09:55:55'),
(702, 223, 'Lorry Hire', 40000.00, 'Fixed', 40000.00, '2025-11-29', NULL, 5, '2025-11-29 09:55:55'),
(703, 223, 'Advance Cash', 33000.00, NULL, NULL, '2025-11-29', NULL, 5, '2025-11-29 09:55:55'),
(708, 293, 'Billing Rate', 46000.00, 'Fixed', 46000.00, '2025-12-08', NULL, 5, '2025-12-08 04:57:27'),
(709, 293, 'Lorry Hire', 44000.00, 'Fixed', 44000.00, '2025-12-08', NULL, 5, '2025-12-08 04:57:27'),
(710, 293, 'Advance Cash', 38450.00, NULL, NULL, '2025-12-08', NULL, 5, '2025-12-08 04:57:27'),
(711, 293, 'Dala Charge', 550.00, NULL, NULL, '2025-12-08', NULL, 5, '2025-12-08 04:57:27'),
(712, 239, 'Billing Rate', 29500.00, 'Fixed', 29500.00, '2025-12-08', NULL, 5, '2025-12-08 04:58:08'),
(713, 239, 'Lorry Hire', 28000.00, 'Fixed', 28000.00, '2025-12-08', NULL, 5, '2025-12-08 04:58:08'),
(714, 239, 'Advance Cash', 24450.00, NULL, NULL, '2025-12-08', NULL, 5, '2025-12-08 04:58:08'),
(715, 239, 'Dala Charge', 550.00, NULL, NULL, '2025-12-08', NULL, 5, '2025-12-08 04:58:08'),
(716, 247, 'Billing Rate', 68500.00, 'Fixed', 68500.00, '2025-12-08', NULL, 5, '2025-12-08 04:59:33'),
(717, 247, 'Lorry Hire', 65000.00, 'Fixed', 65000.00, '2025-12-08', NULL, 5, '2025-12-08 04:59:33'),
(718, 247, 'Advance Cash', 59750.00, NULL, NULL, '2025-12-08', NULL, 5, '2025-12-08 04:59:33'),
(719, 247, 'Dala Charge', 250.00, NULL, NULL, '2025-12-08', NULL, 5, '2025-12-08 04:59:33'),
(720, 261, 'Billing Rate', 46000.00, 'Fixed', 46000.00, '2025-12-08', NULL, 5, '2025-12-08 05:00:55'),
(721, 261, 'Lorry Hire', 44000.00, 'Fixed', 44000.00, '2025-12-08', NULL, 5, '2025-12-08 05:00:55'),
(722, 261, 'Advance Cash', 38450.00, NULL, NULL, '2025-12-08', NULL, 5, '2025-12-08 05:00:55'),
(723, 261, 'Labour Charge', 550.00, NULL, NULL, '2025-12-08', NULL, 5, '2025-12-08 05:00:55'),
(728, 264, 'Billing Rate', 29500.00, 'Fixed', 29500.00, '2025-12-08', NULL, 5, '2025-12-08 05:03:10'),
(729, 264, 'Lorry Hire', 28000.00, 'Fixed', 28000.00, '2025-12-08', NULL, 5, '2025-12-08 05:03:10'),
(730, 263, 'Billing Rate', 49700.00, 'Fixed', 49700.00, '2025-12-08', NULL, 5, '2025-12-08 05:03:47'),
(731, 263, 'Lorry Hire', 45000.00, 'Fixed', 45000.00, '2025-12-08', NULL, 5, '2025-12-08 05:03:47'),
(732, 276, 'Billing Rate', 68500.00, 'Fixed', 68500.00, '2025-12-08', NULL, 5, '2025-12-08 05:05:07'),
(733, 276, 'Lorry Hire', 65000.00, 'Fixed', 65000.00, '2025-12-08', NULL, 5, '2025-12-08 05:05:07'),
(734, 282, 'Billing Rate', 29000.00, 'Fixed', 29000.00, '2025-12-08', NULL, 5, '2025-12-08 05:06:03'),
(735, 282, 'Lorry Hire', 27000.00, 'Fixed', 27000.00, '2025-12-08', NULL, 5, '2025-12-08 05:06:03'),
(736, 292, 'Billing Rate', 68500.00, 'Fixed', 68500.00, '2025-12-08', NULL, 5, '2025-12-08 05:06:58'),
(737, 292, 'Lorry Hire', 65000.00, 'Fixed', 65000.00, '2025-12-08', NULL, 5, '2025-12-08 05:06:58'),
(738, 299, 'Billing Rate', 42000.00, 'Fixed', 42000.00, '2025-12-08', NULL, 5, '2025-12-08 05:08:08'),
(739, 299, 'Lorry Hire', 40000.00, 'Fixed', 40000.00, '2025-12-08', NULL, 5, '2025-12-08 05:08:08'),
(740, 300, 'Billing Rate', 41000.00, 'Fixed', 41000.00, '2025-12-08', NULL, 5, '2025-12-08 05:08:44'),
(741, 300, 'Lorry Hire', 39000.00, 'Fixed', 39000.00, '2025-12-08', NULL, 5, '2025-12-08 05:08:44'),
(742, 301, 'Billing Rate', 29000.00, 'Fixed', 29000.00, '2025-12-08', NULL, 5, '2025-12-08 05:11:19'),
(743, 301, 'Lorry Hire', 27000.00, 'Fixed', 27000.00, '2025-12-08', NULL, 5, '2025-12-08 05:11:19'),
(746, 265, 'Billing Rate', 51000.00, 'Fixed', 51000.00, '2025-12-08', NULL, 5, '2025-12-08 12:43:50'),
(747, 265, 'Lorry Hire', 45000.00, 'Fixed', 45000.00, '2025-12-08', NULL, 5, '2025-12-08 12:43:50'),
(748, 351, 'Billing Rate', 10283.40, 'Kg', 1.13, '2025-12-12', NULL, 5, '2025-12-12 16:57:00'),
(749, 351, 'Lorry Hire', 9800.00, 'Fixed', 9800.00, '2025-12-12', NULL, 5, '2025-12-12 16:57:00'),
(750, 351, 'Advance Cash', 7000.00, NULL, NULL, '2025-12-12', NULL, 5, '2025-12-12 16:57:00'),
(751, 295, 'Billing Rate', 16200.00, 'Kg', 1.80, '2025-12-17', NULL, 5, '2025-12-17 15:59:12'),
(752, 295, 'Lorry Hire', 15000.00, 'Fixed', 15000.00, '2025-12-17', NULL, 5, '2025-12-17 15:59:12'),
(753, 295, 'Advance Cash', 11200.00, NULL, NULL, '2025-12-17', NULL, 5, '2025-12-17 15:59:12'),
(754, 295, 'Dala Charge', 250.00, NULL, NULL, '2025-12-17', NULL, 5, '2025-12-17 15:59:12'),
(755, 258, 'Billing Rate', 9282.30, 'Kg', 1.13, '2025-12-17', NULL, 5, '2025-12-17 15:59:57'),
(756, 258, 'Lorry Hire', 8600.00, 'Fixed', 8600.00, '2025-12-17', NULL, 5, '2025-12-17 15:59:57'),
(757, 258, 'Advance Cash', 6700.00, NULL, NULL, '2025-12-17', NULL, 5, '2025-12-17 15:59:57'),
(758, 362, 'Billing Rate', 10430.69, 'Kg', 1.27, '2025-12-17', NULL, 5, '2025-12-17 16:01:06'),
(759, 362, 'Lorry Hire', 9600.00, 'Fixed', 9600.00, '2025-12-17', NULL, 5, '2025-12-17 16:01:06'),
(760, 362, 'Advance Cash', 7400.00, NULL, NULL, '2025-12-17', NULL, 5, '2025-12-17 16:01:06'),
(761, 363, 'Billing Rate', 13535.85, 'Kg', 1.50, '2025-12-17', NULL, 5, '2025-12-17 16:02:06'),
(762, 363, 'Lorry Hire', 12000.00, 'Fixed', 12000.00, '2025-12-17', NULL, 5, '2025-12-17 16:02:06'),
(763, 363, 'Advance Cash', 9300.00, NULL, NULL, '2025-12-17', NULL, 5, '2025-12-17 16:02:06'),
(764, 372, 'Billing Rate', 9289.22, 'Kg', 1.13, '2025-12-17', NULL, 5, '2025-12-17 16:04:19'),
(765, 372, 'Lorry Hire', 8600.00, 'Fixed', 8600.00, '2025-12-17', NULL, 5, '2025-12-17 16:04:19'),
(766, 372, 'Advance Cash', 6700.00, NULL, NULL, '2025-12-17', NULL, 5, '2025-12-17 16:04:19'),
(767, 358, 'Billing Rate', 11677.65, 'Kg', 1.42, '2025-12-17', NULL, 5, '2025-12-17 16:39:09'),
(768, 358, 'Lorry Hire', 10500.00, 'Fixed', 10500.00, '2025-12-17', NULL, 5, '2025-12-17 16:39:09'),
(769, 358, 'Advance Cash', 8600.00, NULL, NULL, '2025-12-17', NULL, 5, '2025-12-17 16:39:09'),
(770, 340, 'Billing Rate', 14853.71, 'Kg', 1.80, '2025-12-17', NULL, 5, '2025-12-17 16:40:10'),
(771, 340, 'Lorry Hire', 14000.00, 'Fixed', 14000.00, '2025-12-17', NULL, 5, '2025-12-17 16:40:10'),
(772, 340, 'Advance Cash', 10700.00, NULL, NULL, '2025-12-17', NULL, 5, '2025-12-17 16:40:10'),
(773, 369, 'Billing Rate', 47000.00, 'Fixed', 47000.00, '2025-12-18', NULL, 5, '2025-12-18 04:40:26'),
(774, 369, 'Lorry Hire', 45000.00, 'Fixed', 45000.00, '2025-12-18', NULL, 5, '2025-12-18 04:40:26'),
(775, 369, 'Advance Cash', 39750.00, NULL, NULL, '2025-12-18', NULL, 5, '2025-12-18 04:40:26'),
(776, 369, 'Dala Charge', 250.00, NULL, NULL, '2025-12-18', NULL, 5, '2025-12-18 04:40:26'),
(777, 370, 'Billing Rate', 29500.00, 'Fixed', 29500.00, '2025-12-18', NULL, 5, '2025-12-18 04:41:59'),
(778, 370, 'Lorry Hire', 29000.00, 'Fixed', 29000.00, '2025-12-18', NULL, 5, '2025-12-18 04:41:59'),
(779, 370, 'Advance Cash', 28450.00, NULL, NULL, '2025-12-18', NULL, 5, '2025-12-18 04:41:59'),
(780, 370, 'Dala Charge', 550.00, NULL, NULL, '2025-12-18', NULL, 5, '2025-12-18 04:41:59'),
(781, 371, 'Billing Rate', 42000.00, 'Fixed', 42000.00, '2025-12-18', NULL, 5, '2025-12-18 04:43:24'),
(782, 371, 'Lorry Hire', 40000.00, 'Fixed', 40000.00, '2025-12-18', NULL, 5, '2025-12-18 04:43:24'),
(783, 371, 'Advance Cash', 35000.00, NULL, NULL, '2025-12-18', NULL, 5, '2025-12-18 04:43:24'),
(784, 371, 'Dala Charge', 250.00, NULL, NULL, '2025-12-18', NULL, 5, '2025-12-18 04:43:24'),
(785, 365, 'Billing Rate', 12361.45, 'Kg', 1.50, '2025-12-18', NULL, 5, '2025-12-18 04:44:15'),
(786, 365, 'Lorry Hire', 11500.00, 'Fixed', 11500.00, '2025-12-18', NULL, 5, '2025-12-18 04:44:15'),
(787, 365, 'Advance Cash', 8800.00, NULL, NULL, '2025-12-18', NULL, 5, '2025-12-18 04:44:15'),
(788, 365, 'Dala Charge', 250.00, NULL, NULL, '2025-12-18', NULL, 5, '2025-12-18 04:44:15'),
(789, 373, 'Billing Rate', 19801.11, 'Kg', 2.20, '2025-12-18', NULL, 5, '2025-12-18 08:00:02'),
(790, 373, 'Lorry Hire', 18000.00, 'Fixed', 18000.00, '2025-12-18', NULL, 5, '2025-12-18 08:00:02'),
(791, 373, 'Advance Cash', 13100.00, NULL, NULL, '2025-12-18', NULL, 5, '2025-12-18 08:00:02'),
(792, 373, 'Dala Charge', 250.00, NULL, NULL, '2025-12-18', NULL, 5, '2025-12-18 08:00:02'),
(793, 368, 'Billing Rate', 23500.00, 'Fixed', 23500.00, '2025-12-18', NULL, 5, '2025-12-18 08:01:09'),
(794, 368, 'Lorry Hire', 22000.00, 'Fixed', 22000.00, '2025-12-18', NULL, 5, '2025-12-18 08:01:09'),
(795, 368, 'Advance Cash', 17500.00, NULL, NULL, '2025-12-18', NULL, 5, '2025-12-18 08:01:09'),
(796, 368, 'Labour Charge', 1000.00, NULL, NULL, '2025-12-18', NULL, 5, '2025-12-18 08:01:09'),
(797, 360, 'Billing Rate', 17000.00, 'Fixed', 17000.00, '2025-12-18', NULL, 5, '2025-12-18 08:01:54'),
(798, 360, 'Lorry Hire', 16000.00, 'Fixed', 16000.00, '2025-12-18', NULL, 5, '2025-12-18 08:01:54'),
(799, 360, 'Advance Cash', 9500.00, NULL, NULL, '2025-12-18', NULL, 5, '2025-12-18 08:01:54'),
(800, 360, 'Labour Charge', 1000.00, NULL, NULL, '2025-12-18', NULL, 5, '2025-12-18 08:01:54'),
(801, 353, 'Billing Rate', 18010.48, 'Kg', 1.80, '2025-12-18', NULL, 5, '2025-12-18 08:03:02'),
(802, 353, 'Lorry Hire', 16000.00, 'Fixed', 16000.00, '2025-12-18', NULL, 5, '2025-12-18 08:03:02'),
(803, 353, 'Advance Cash', 11500.00, NULL, NULL, '2025-12-18', NULL, 5, '2025-12-18 08:03:02'),
(804, 353, 'Dala Charge', 250.00, NULL, NULL, '2025-12-18', NULL, 5, '2025-12-18 08:03:02'),
(805, 339, 'Billing Rate', 12359.75, 'Kg', 1.50, '2025-12-18', NULL, 5, '2025-12-18 08:04:09'),
(806, 339, 'Lorry Hire', 11500.00, 'Fixed', 11500.00, '2025-12-18', NULL, 5, '2025-12-18 08:04:09'),
(807, 339, 'Advance Cash', 8800.00, NULL, NULL, '2025-12-18', NULL, 5, '2025-12-18 08:04:09'),
(808, 339, 'Dala Charge', 250.00, NULL, NULL, '2025-12-18', NULL, 5, '2025-12-18 08:04:09'),
(809, 330, 'Billing Rate', 15065.83, 'Kg', 1.50, '2025-12-18', NULL, 5, '2025-12-18 08:44:38'),
(810, 330, 'Lorry Hire', 14000.00, 'Fixed', 14000.00, '2025-12-18', NULL, 5, '2025-12-18 08:44:38'),
(811, 330, 'Advance Cash', 9500.00, NULL, NULL, '2025-12-18', NULL, 5, '2025-12-18 08:44:38'),
(812, 330, 'Dala Charge', 250.00, NULL, NULL, '2025-12-18', NULL, 5, '2025-12-18 08:44:38'),
(813, 374, 'Billing Rate', 14736.01, 'Kg', 1.80, '2025-12-18', NULL, 5, '2025-12-18 12:44:01'),
(814, 374, 'Lorry Hire', 14000.00, 'Fixed', 14000.00, '2025-12-18', NULL, 5, '2025-12-18 12:44:01'),
(815, 374, 'Advance Cash', 10700.00, NULL, NULL, '2025-12-18', NULL, 5, '2025-12-18 12:44:01'),
(816, 374, 'Dala Charge', 250.00, NULL, NULL, '2025-12-18', NULL, 5, '2025-12-18 12:44:01'),
(817, 375, 'Billing Rate', 14855.07, 'Kg', 1.80, '2025-12-19', NULL, 5, '2025-12-19 15:53:00'),
(818, 375, 'Lorry Hire', 14000.00, 'Fixed', 14000.00, '2025-12-19', NULL, 5, '2025-12-19 15:53:00'),
(819, 375, 'Advance Cash', 10100.00, NULL, NULL, '2025-12-19', NULL, 5, '2025-12-19 15:53:00'),
(820, 375, 'Dala Charge', 250.00, NULL, NULL, '2025-12-19', NULL, 5, '2025-12-19 15:53:00'),
(821, 381, 'Billing Rate', 12413.13, 'Kg', 1.50, '2025-12-19', NULL, 5, '2025-12-19 16:01:18'),
(822, 381, 'Lorry Hire', 11500.00, 'Fixed', 11500.00, '2025-12-19', NULL, 5, '2025-12-19 16:01:18'),
(823, 381, 'Advance Cash', 8800.00, NULL, NULL, '2025-12-19', NULL, 5, '2025-12-19 16:01:18'),
(824, 377, 'Billing Rate', 25600.00, 'Fixed', 25600.00, '2025-12-19', NULL, 5, '2025-12-19 16:02:45'),
(825, 377, 'Lorry Hire', 22950.00, 'Fixed', 22950.00, '2025-12-19', NULL, 5, '2025-12-19 16:02:45'),
(826, 377, 'Advance Cash', 19400.00, NULL, NULL, '2025-12-19', NULL, 5, '2025-12-19 16:02:45'),
(827, 377, 'Dala Charge', 550.00, NULL, NULL, '2025-12-19', NULL, 5, '2025-12-19 16:02:45'),
(828, 382, 'Billing Rate', 68500.00, 'Fixed', 68500.00, '2025-12-19', NULL, 5, '2025-12-19 16:10:25'),
(829, 382, 'Lorry Hire', 65000.00, 'Fixed', 65000.00, '2025-12-19', NULL, 5, '2025-12-19 16:10:25'),
(830, 382, 'Advance Cash', 59750.00, NULL, NULL, '2025-12-19', NULL, 5, '2025-12-19 16:10:25'),
(831, 382, 'Dala Charge', 250.00, NULL, NULL, '2025-12-19', NULL, 5, '2025-12-19 16:10:25'),
(832, 383, 'Billing Rate', 20903.71, 'Kg', 2.19, '2025-12-19', NULL, 5, '2025-12-19 16:20:02'),
(833, 383, 'Lorry Hire', 19000.00, 'Fixed', 19000.00, '2025-12-19', NULL, 5, '2025-12-19 16:20:02'),
(834, 378, 'Billing Rate', 4900.00, 'Fixed', 4900.00, '2025-12-19', NULL, 5, '2025-12-19 16:20:27'),
(835, 378, 'Lorry Hire', 4500.00, 'Fixed', 4500.00, '2025-12-19', NULL, 5, '2025-12-19 16:20:27'),
(836, 378, 'Advance Cash', 2000.00, NULL, NULL, '2025-12-19', NULL, 5, '2025-12-19 16:20:27'),
(837, 378, 'Labour Charge', 950.00, NULL, NULL, '2025-12-19', NULL, 5, '2025-12-19 16:20:27'),
(838, 331, 'Billing Rate', 12406.38, 'Kg', 1.50, '2025-12-19', NULL, 5, '2025-12-19 16:21:56'),
(839, 331, 'Lorry Hire', 11500.00, 'Fixed', 11500.00, '2025-12-19', NULL, 5, '2025-12-19 16:21:56'),
(840, 331, 'Advance Cash', 8800.00, NULL, NULL, '2025-12-19', NULL, 5, '2025-12-19 16:21:56'),
(841, 331, 'Dala Charge', 250.00, NULL, NULL, '2025-12-19', NULL, 5, '2025-12-19 16:21:56'),
(842, 332, 'Billing Rate', 12395.88, 'Kg', 1.50, '2025-12-19', NULL, 5, '2025-12-19 16:22:48'),
(843, 332, 'Lorry Hire', 11500.00, 'Fixed', 11500.00, '2025-12-19', NULL, 5, '2025-12-19 16:22:48'),
(844, 332, 'Advance Cash', 8800.00, NULL, NULL, '2025-12-19', NULL, 5, '2025-12-19 16:22:48'),
(845, 332, 'Dala Charge', 250.00, NULL, NULL, '2025-12-19', NULL, 5, '2025-12-19 16:22:48'),
(846, 324, 'Billing Rate', 10250.87, 'Kg', 1.13, '2025-12-19', NULL, 5, '2025-12-19 16:28:23'),
(847, 324, 'Lorry Hire', 9500.00, 'Fixed', 9500.00, '2025-12-19', NULL, 5, '2025-12-19 16:28:23'),
(848, 324, 'Advance Cash', 7000.00, NULL, NULL, '2025-12-19', NULL, 5, '2025-12-19 16:28:23'),
(849, 319, 'Billing Rate', 11742.68, 'Kg', 1.42, '2025-12-19', NULL, 5, '2025-12-19 16:29:06'),
(850, 319, 'Lorry Hire', 11000.00, 'Fixed', 11000.00, '2025-12-19', NULL, 5, '2025-12-19 16:29:06'),
(851, 319, 'Advance Cash', 8600.00, NULL, NULL, '2025-12-19', NULL, 5, '2025-12-19 16:29:06'),
(852, 278, 'Billing Rate', 13675.16, 'Kg', 1.50, '2025-12-19', NULL, 5, '2025-12-19 16:30:51'),
(853, 278, 'Lorry Hire', 12500.00, 'Fixed', 12500.00, '2025-12-19', NULL, 5, '2025-12-19 16:30:51'),
(854, 278, 'Advance Cash', 9300.00, NULL, NULL, '2025-12-19', NULL, 5, '2025-12-19 16:30:51'),
(855, 278, 'Dala Charge', 250.00, NULL, NULL, '2025-12-19', NULL, 5, '2025-12-19 16:30:51'),
(856, 283, 'Billing Rate', 14938.97, 'Kg', 1.80, '2025-12-19', NULL, 5, '2025-12-19 16:31:28'),
(857, 283, 'Lorry Hire', 14000.00, 'Fixed', 14000.00, '2025-12-19', NULL, 5, '2025-12-19 16:31:28'),
(858, 283, 'Advance Cash', 10700.00, NULL, NULL, '2025-12-19', NULL, 5, '2025-12-19 16:31:28'),
(859, 283, 'Dala Charge', 250.00, NULL, NULL, '2025-12-19', NULL, 5, '2025-12-19 16:31:28'),
(860, 289, 'Billing Rate', 22089.21, 'Kg', 2.20, '2025-12-19', NULL, 5, '2025-12-19 16:32:34'),
(861, 289, 'Lorry Hire', 20000.00, 'Fixed', 20000.00, '2025-12-19', NULL, 5, '2025-12-19 16:32:34'),
(862, 289, 'Advance Cash', 13500.00, NULL, NULL, '2025-12-19', NULL, 5, '2025-12-19 16:32:34'),
(863, 273, 'Billing Rate', 14849.00, 'Kg', 1.80, '2025-12-19', NULL, 5, '2025-12-19 16:33:04'),
(864, 273, 'Lorry Hire', 14000.00, 'Fixed', 14000.00, '2025-12-19', NULL, 5, '2025-12-19 16:33:04'),
(865, 273, 'Advance Cash', 10700.00, NULL, NULL, '2025-12-19', NULL, 5, '2025-12-19 16:33:04'),
(866, 219, 'Billing Rate', 14821.08, 'Kg', 1.80, '2025-12-19', NULL, 5, '2025-12-19 16:35:25'),
(867, 219, 'Lorry Hire', 14000.00, 'Fixed', 14000.00, '2025-12-19', NULL, 5, '2025-12-19 16:35:25'),
(868, 219, 'Advance Cash', 10700.00, NULL, NULL, '2025-12-19', NULL, 5, '2025-12-19 16:35:25'),
(869, 221, 'Billing Rate', 22168.82, 'Kg', 0.98, '2025-12-19', NULL, 5, '2025-12-19 16:37:14'),
(870, 221, 'Lorry Hire', 18000.00, 'Fixed', 18000.00, '2025-12-19', NULL, 5, '2025-12-19 16:37:14'),
(871, 221, 'Advance Cash', 18000.00, NULL, NULL, '2025-12-19', NULL, 5, '2025-12-19 16:37:14'),
(872, 228, 'Billing Rate', 15192.16, 'Kg', 1.85, '2025-12-19', NULL, 5, '2025-12-19 16:39:14'),
(873, 228, 'Lorry Hire', 14000.00, 'Fixed', 14000.00, '2025-12-19', NULL, 5, '2025-12-19 16:39:14'),
(874, 228, 'Advance Cash', 9900.00, NULL, NULL, '2025-12-19', NULL, 5, '2025-12-19 16:39:14'),
(875, 242, 'Billing Rate', 11160.73, 'Kg', 1.13, '2025-12-19', NULL, 5, '2025-12-19 16:40:11'),
(876, 242, 'Lorry Hire', 10000.00, 'Fixed', 10000.00, '2025-12-19', NULL, 5, '2025-12-19 16:40:11'),
(877, 242, 'Advance Cash', 7000.00, NULL, NULL, '2025-12-19', NULL, 5, '2025-12-19 16:40:11'),
(878, 243, 'Billing Rate', 14897.99, 'Kg', 1.80, '2025-12-19', NULL, 5, '2025-12-19 16:40:37'),
(879, 243, 'Lorry Hire', 14000.00, 'Fixed', 14000.00, '2025-12-19', NULL, 5, '2025-12-19 16:40:37'),
(880, 243, 'Advance Cash', 10100.00, NULL, NULL, '2025-12-19', NULL, 5, '2025-12-19 16:40:37'),
(881, 244, 'Billing Rate', 16253.84, 'Kg', 1.80, '2025-12-19', NULL, 5, '2025-12-19 16:41:55'),
(882, 244, 'Lorry Hire', 15000.00, 'Fixed', 15000.00, '2025-12-19', NULL, 5, '2025-12-19 16:41:55'),
(883, 244, 'Advance Cash', 11200.00, NULL, NULL, '2025-12-19', NULL, 5, '2025-12-19 16:41:55'),
(884, 246, 'Billing Rate', 5585.86, 'Kg', 0.68, '2025-12-19', NULL, 5, '2025-12-19 16:42:30'),
(885, 246, 'Lorry Hire', 5000.00, 'Fixed', 5000.00, '2025-12-19', NULL, 5, '2025-12-19 16:42:30'),
(886, 246, 'Advance Cash', 3800.00, NULL, NULL, '2025-12-19', NULL, 5, '2025-12-19 16:42:30'),
(887, 253, 'Billing Rate', 12392.54, 'Kg', 1.50, '2025-12-19', NULL, 5, '2025-12-19 16:42:55'),
(888, 253, 'Lorry Hire', 11500.00, 'Fixed', 11500.00, '2025-12-19', NULL, 5, '2025-12-19 16:42:55'),
(889, 253, 'Advance Cash', 8800.00, NULL, NULL, '2025-12-19', NULL, 5, '2025-12-19 16:42:55'),
(890, 257, 'Billing Rate', 13310.61, 'Kg', 1.50, '2025-12-19', NULL, 5, '2025-12-19 16:43:55'),
(891, 257, 'Lorry Hire', 12000.00, 'Fixed', 12000.00, '2025-12-19', NULL, 5, '2025-12-19 16:43:55'),
(892, 257, 'Advance Cash', 9300.00, NULL, NULL, '2025-12-19', NULL, 5, '2025-12-19 16:43:55'),
(893, 259, 'Billing Rate', 11743.30, 'Kg', 1.42, '2025-12-19', NULL, 5, '2025-12-19 16:44:34'),
(894, 259, 'Lorry Hire', 11000.00, 'Fixed', 11000.00, '2025-12-19', NULL, 5, '2025-12-19 16:44:34'),
(895, 259, 'Advance Cash', 8600.00, NULL, NULL, '2025-12-19', NULL, 5, '2025-12-19 16:44:34'),
(896, 260, 'Billing Rate', 11046.06, 'Kg', 0.98, '2025-12-19', NULL, 5, '2025-12-19 16:46:08'),
(897, 260, 'Lorry Hire', 9500.00, 'Fixed', 9500.00, '2025-12-19', NULL, 5, '2025-12-19 16:46:08'),
(898, 260, 'Advance Cash', 9500.00, NULL, NULL, '2025-12-19', NULL, 5, '2025-12-19 16:46:08'),
(899, 274, 'Billing Rate', 12382.18, 'Kg', 1.50, '2025-12-19', NULL, 5, '2025-12-19 16:46:58'),
(900, 274, 'Lorry Hire', 11500.00, 'Fixed', 11500.00, '2025-12-19', NULL, 5, '2025-12-19 16:46:58'),
(901, 274, 'Advance Cash', 8800.00, NULL, NULL, '2025-12-19', NULL, 5, '2025-12-19 16:46:58'),
(902, 275, 'Billing Rate', 8747.39, 'Kg', 0.97, '2025-12-19', NULL, 5, '2025-12-19 16:47:46'),
(903, 275, 'Lorry Hire', 7500.00, 'Fixed', 7500.00, '2025-12-19', NULL, 5, '2025-12-19 16:47:46'),
(904, 275, 'Advance Cash', 6200.00, NULL, NULL, '2025-12-19', NULL, 5, '2025-12-19 16:47:46'),
(905, 279, 'Billing Rate', 10452.28, 'Kg', 1.27, '2025-12-19', NULL, 5, '2025-12-19 16:48:23'),
(906, 279, 'Lorry Hire', 9700.00, 'Fixed', 9700.00, '2025-12-19', NULL, 5, '2025-12-19 16:48:23'),
(907, 279, 'Advance Cash', 7400.00, NULL, NULL, '2025-12-19', NULL, 5, '2025-12-19 16:48:23'),
(908, 280, 'Billing Rate', 6148.68, 'Kg', 0.68, '2025-12-19', NULL, 5, '2025-12-19 16:49:12'),
(909, 280, 'Lorry Hire', 5400.00, 'Fixed', 5400.00, '2025-12-19', NULL, 5, '2025-12-19 16:49:12'),
(910, 280, 'Advance Cash', 5400.00, NULL, NULL, '2025-12-19', NULL, 5, '2025-12-19 16:49:12'),
(911, 288, 'Billing Rate', 12357.75, 'Kg', 1.50, '2025-12-19', NULL, 5, '2025-12-19 16:49:58'),
(912, 288, 'Lorry Hire', 11500.00, 'Fixed', 11500.00, '2025-12-19', NULL, 5, '2025-12-19 16:49:58'),
(913, 288, 'Advance Cash', 8800.00, NULL, NULL, '2025-12-19', NULL, 5, '2025-12-19 16:49:58'),
(914, 296, 'Billing Rate', 12324.27, 'Kg', 1.50, '2025-12-19', NULL, 5, '2025-12-19 16:51:00'),
(915, 296, 'Lorry Hire', 11500.00, 'Fixed', 11500.00, '2025-12-19', NULL, 5, '2025-12-19 16:51:00'),
(916, 296, 'Advance Cash', 8600.00, NULL, NULL, '2025-12-19', NULL, 5, '2025-12-19 16:51:00'),
(917, 297, 'Billing Rate', 9270.43, 'Kg', 1.13, '2025-12-19', NULL, 5, '2025-12-19 16:51:36'),
(918, 297, 'Lorry Hire', 8700.00, 'Fixed', 8700.00, '2025-12-19', NULL, 5, '2025-12-19 16:51:36'),
(919, 297, 'Advance Cash', 6700.00, NULL, NULL, '2025-12-19', NULL, 5, '2025-12-19 16:51:36'),
(920, 303, 'Billing Rate', 6575.79, 'Kg', 0.72, '2025-12-19', NULL, 5, '2025-12-19 16:52:27'),
(921, 303, 'Lorry Hire', 5200.00, 'Fixed', 5200.00, '2025-12-19', NULL, 5, '2025-12-19 16:52:27'),
(922, 303, 'Advance Cash', 5200.00, NULL, NULL, '2025-12-19', NULL, 5, '2025-12-19 16:52:27'),
(923, 350, 'Billing Rate', 5587.35, 'Kg', 0.68, '2025-12-19', NULL, 5, '2025-12-19 16:57:32'),
(924, 350, 'Lorry Hire', 5000.00, 'Fixed', 5000.00, '2025-12-19', NULL, 5, '2025-12-19 16:57:32'),
(925, 350, 'Advance Cash', 3800.00, NULL, NULL, '2025-12-19', NULL, 5, '2025-12-19 16:57:32'),
(926, 364, 'Billing Rate', 3366.95, 'Kg', 0.37, '2025-12-19', NULL, 5, '2025-12-19 16:59:00'),
(927, 364, 'Lorry Hire', 3100.00, 'Fixed', 3100.00, '2025-12-19', NULL, 5, '2025-12-19 16:59:00'),
(928, 364, 'Advance Cash', 3100.00, NULL, NULL, '2025-12-19', NULL, 5, '2025-12-19 16:59:00'),
(929, 313, 'Billing Rate', 10514.85, 'Kg', 1.27, '2025-12-19', NULL, 5, '2025-12-19 16:59:37'),
(930, 313, 'Lorry Hire', 9700.00, 'Fixed', 9700.00, '2025-12-19', NULL, 5, '2025-12-19 16:59:37'),
(931, 313, 'Advance Cash', 7400.00, NULL, NULL, '2025-12-19', NULL, 5, '2025-12-19 16:59:37'),
(932, 325, 'Billing Rate', 10480.61, 'Kg', 1.27, '2025-12-19', NULL, 5, '2025-12-19 17:00:21'),
(933, 325, 'Lorry Hire', 9700.00, 'Fixed', 9700.00, '2025-12-19', NULL, 5, '2025-12-19 17:00:21'),
(934, 325, 'Advance Cash', 7400.00, NULL, NULL, '2025-12-19', NULL, 5, '2025-12-19 17:00:21'),
(935, 314, 'Billing Rate', 14916.55, 'Kg', 1.80, '2025-12-19', NULL, 5, '2025-12-19 17:00:44'),
(936, 314, 'Lorry Hire', 14000.00, 'Fixed', 14000.00, '2025-12-19', NULL, 5, '2025-12-19 17:00:44'),
(937, 314, 'Advance Cash', 10700.00, NULL, NULL, '2025-12-19', NULL, 5, '2025-12-19 17:00:44'),
(938, 306, 'Billing Rate', 12390.07, 'Kg', 1.50, '2025-12-19', NULL, 5, '2025-12-19 17:01:29'),
(939, 306, 'Lorry Hire', 11500.00, 'Fixed', 11500.00, '2025-12-19', NULL, 5, '2025-12-19 17:01:29'),
(940, 306, 'Advance Cash', 8800.00, NULL, NULL, '2025-12-19', NULL, 5, '2025-12-19 17:01:29'),
(941, 307, 'Billing Rate', 15185.66, 'Kg', 1.85, '2025-12-19', NULL, 5, '2025-12-19 17:02:00'),
(942, 307, 'Lorry Hire', 14000.00, 'Fixed', 14000.00, '2025-12-19', NULL, 5, '2025-12-19 17:02:00'),
(943, 307, 'Advance Cash', 9900.00, NULL, NULL, '2025-12-19', NULL, 5, '2025-12-19 17:02:00'),
(944, 315, 'Billing Rate', 10268.91, 'Kg', 1.50, '2025-12-19', NULL, 5, '2025-12-19 17:04:03'),
(945, 315, 'Lorry Hire', 9000.00, 'Fixed', 9000.00, '2025-12-19', NULL, 5, '2025-12-19 17:04:03'),
(946, 315, 'Advance Cash', 9000.00, NULL, NULL, '2025-12-19', NULL, 5, '2025-12-19 17:04:03'),
(947, 316, 'Billing Rate', 5985.91, 'Kg', 1.50, '2025-12-19', NULL, 5, '2025-12-19 17:04:54'),
(948, 316, 'Lorry Hire', 5000.00, 'Fixed', 5000.00, '2025-12-19', NULL, 5, '2025-12-19 17:04:54'),
(949, 316, 'Advance Cash', 5000.00, NULL, NULL, '2025-12-19', NULL, 5, '2025-12-19 17:04:54'),
(950, 304, 'Billing Rate', 3332.08, 'Kg', 0.37, '2025-12-19', NULL, 5, '2025-12-19 17:05:23'),
(951, 304, 'Lorry Hire', 3100.00, 'Fixed', 3100.00, '2025-12-19', NULL, 5, '2025-12-19 17:05:23'),
(952, 304, 'Advance Cash', 3100.00, NULL, NULL, '2025-12-19', NULL, 5, '2025-12-19 17:05:23'),
(953, 176, 'Billing Rate', 6150.25, 'Kg', 0.68, '2025-12-19', NULL, 5, '2025-12-19 17:08:37'),
(954, 176, 'Lorry Hire', 5500.00, 'Fixed', 5500.00, '2025-12-19', NULL, 5, '2025-12-19 17:08:37'),
(955, 176, 'Advance Cash', 5500.00, NULL, NULL, '2025-12-19', NULL, 5, '2025-12-19 17:08:37'),
(956, 272, 'Billing Rate', 5370.05, 'Kg', 0.45, '2025-12-19', NULL, 5, '2025-12-19 17:09:55'),
(957, 272, 'Lorry Hire', 4500.00, 'Fixed', 4500.00, '2025-12-19', NULL, 5, '2025-12-19 17:09:55'),
(958, 272, 'Advance Cash', 4500.00, NULL, NULL, '2025-12-19', NULL, 5, '2025-12-19 17:09:55'),
(959, 310, 'Billing Rate', 7247.96, 'Kg', 0.80, '2025-12-19', NULL, 5, '2025-12-19 17:11:09'),
(960, 310, 'Lorry Hire', 6200.00, 'Fixed', 6200.00, '2025-12-19', NULL, 5, '2025-12-19 17:11:09'),
(961, 310, 'Advance Cash', 6200.00, NULL, NULL, '2025-12-19', NULL, 5, '2025-12-19 17:11:09'),
(962, 305, 'Billing Rate', 8853.19, 'Kg', 0.98, '2025-12-19', NULL, 5, '2025-12-19 17:12:18'),
(963, 305, 'Lorry Hire', 7800.00, 'Fixed', 7800.00, '2025-12-19', NULL, 5, '2025-12-19 17:12:18'),
(964, 305, 'Advance Cash', 7800.00, NULL, NULL, '2025-12-19', NULL, 5, '2025-12-19 17:12:18'),
(965, 341, 'Billing Rate', 15115.19, 'Kg', 1.50, '2025-12-19', NULL, 5, '2025-12-19 17:13:55'),
(966, 341, 'Lorry Hire', 14000.00, 'Fixed', 14000.00, '2025-12-19', NULL, 5, '2025-12-19 17:13:55'),
(967, 341, 'Advance Cash', 9500.00, NULL, NULL, '2025-12-19', NULL, 5, '2025-12-19 17:13:55'),
(968, 333, 'Billing Rate', 7994.27, 'Kg', 0.97, '2025-12-19', NULL, 5, '2025-12-19 17:14:36'),
(969, 333, 'Lorry Hire', 7500.00, 'Fixed', 7500.00, '2025-12-19', NULL, 5, '2025-12-19 17:14:36'),
(970, 333, 'Advance Cash', 6200.00, NULL, NULL, '2025-12-19', NULL, 5, '2025-12-19 17:14:36'),
(971, 334, 'Billing Rate', 11603.82, 'Kg', 0.98, '2025-12-19', NULL, 5, '2025-12-19 17:15:15'),
(972, 334, 'Lorry Hire', 9700.00, 'Fixed', 9700.00, '2025-12-19', NULL, 5, '2025-12-19 17:15:15'),
(973, 334, 'Advance Cash', 9700.00, NULL, NULL, '2025-12-19', NULL, 5, '2025-12-19 17:15:15'),
(974, 227, 'Billing Rate', 6594.62, 'Kg', 0.80, '2025-12-19', NULL, 5, '2025-12-19 17:17:42'),
(975, 227, 'Lorry Hire', 6000.00, 'Fixed', 6000.00, '2025-12-19', NULL, 5, '2025-12-19 17:17:42'),
(976, 227, 'Advance Cash', 4000.00, NULL, NULL, '2025-12-19', NULL, 5, '2025-12-19 17:17:42'),
(977, 345, 'Billing Rate', 68500.00, 'Fixed', 68500.00, '2025-12-19', NULL, 5, '2025-12-19 17:29:00'),
(978, 345, 'Lorry Hire', 65000.00, 'Fixed', 65000.00, '2025-12-19', NULL, 5, '2025-12-19 17:29:00'),
(979, 345, 'Advance Cash', 59750.00, NULL, NULL, '2025-12-19', NULL, 5, '2025-12-19 17:29:00'),
(980, 345, 'Dala Charge', 250.00, NULL, NULL, '2025-12-19', NULL, 5, '2025-12-19 17:29:00'),
(981, 367, 'Billing Rate', 68500.00, 'Fixed', 68500.00, '2025-12-19', NULL, 5, '2025-12-19 17:33:38'),
(982, 367, 'Lorry Hire', 65000.00, 'Fixed', 65000.00, '2025-12-19', NULL, 5, '2025-12-19 17:33:38'),
(983, 367, 'Advance Cash', 59750.00, NULL, NULL, '2025-12-19', NULL, 5, '2025-12-19 17:33:38'),
(984, 367, 'Dala Charge', 250.00, NULL, NULL, '2025-12-19', NULL, 5, '2025-12-19 17:33:38'),
(985, 342, 'Billing Rate', 4900.00, 'Fixed', 4900.00, '2025-12-19', NULL, 5, '2025-12-19 17:34:24'),
(986, 342, 'Lorry Hire', 4500.00, 'Fixed', 4500.00, '2025-12-19', NULL, 5, '2025-12-19 17:34:24'),
(987, 342, 'Advance Cash', 2000.00, NULL, NULL, '2025-12-19', NULL, 5, '2025-12-19 17:34:24'),
(988, 342, 'Labour Charge', 1000.00, NULL, NULL, '2025-12-19', NULL, 5, '2025-12-19 17:34:24'),
(989, 354, 'Billing Rate', 68500.00, 'Fixed', 68500.00, '2025-12-19', NULL, 5, '2025-12-19 17:35:34'),
(990, 354, 'Lorry Hire', 65000.00, 'Fixed', 65000.00, '2025-12-19', NULL, 5, '2025-12-19 17:35:34'),
(991, 354, 'Advance Cash', 59750.00, NULL, NULL, '2025-12-19', NULL, 5, '2025-12-19 17:35:34'),
(992, 354, 'Dala Charge', 250.00, NULL, NULL, '2025-12-19', NULL, 5, '2025-12-19 17:35:34'),
(993, 322, 'Billing Rate', 68500.00, 'Fixed', 68500.00, '2025-12-20', NULL, 5, '2025-12-20 04:05:09'),
(994, 322, 'Lorry Hire', 65000.00, 'Fixed', 65000.00, '2025-12-20', NULL, 5, '2025-12-20 04:05:09'),
(995, 322, 'Advance Cash', 40000.00, NULL, NULL, '2025-12-20', NULL, 5, '2025-12-20 04:05:09'),
(996, 322, 'Dala Charge', 550.00, NULL, NULL, '2025-12-20', NULL, 5, '2025-12-20 04:05:09'),
(997, 262, 'Billing Rate', 46000.00, 'Fixed', 46000.00, '2025-12-20', NULL, 5, '2025-12-20 04:06:12'),
(998, 262, 'Lorry Hire', 44000.00, 'Fixed', 44000.00, '2025-12-20', NULL, 5, '2025-12-20 04:06:12'),
(999, 262, 'Advance Cash', 35000.00, NULL, NULL, '2025-12-20', NULL, 5, '2025-12-20 04:06:12'),
(1000, 262, 'Dala Charge', 550.00, NULL, NULL, '2025-12-20', NULL, 5, '2025-12-20 04:06:12'),
(1001, 379, 'Billing Rate', 17800.00, 'Fixed', 17800.00, '2025-12-20', NULL, 5, '2025-12-20 04:09:36'),
(1002, 379, 'Lorry Hire', 17500.00, 'Fixed', 17500.00, '2025-12-20', NULL, 5, '2025-12-20 04:09:36'),
(1003, 379, 'Advance Cash', 12500.00, NULL, NULL, '2025-12-20', NULL, 5, '2025-12-20 04:09:36'),
(1004, 379, 'Labour Charge', 950.00, NULL, NULL, '2025-12-20', NULL, 5, '2025-12-20 04:09:36'),
(1005, 379, 'Dala Charge', 550.00, NULL, NULL, '2025-12-20', NULL, 5, '2025-12-20 04:09:36'),
(1006, 384, 'Billing Rate', 27000.00, 'Fixed', 27000.00, '2025-12-20', NULL, 5, '2025-12-20 04:11:05'),
(1007, 384, 'Lorry Hire', 24000.00, 'Fixed', 24000.00, '2025-12-20', NULL, 5, '2025-12-20 04:11:05'),
(1008, 384, 'Advance Cash', 16000.00, NULL, NULL, '2025-12-20', NULL, 5, '2025-12-20 04:11:05'),
(1009, 384, 'Labour Charge', 950.00, NULL, NULL, '2025-12-20', NULL, 5, '2025-12-20 04:11:05'),
(1010, 384, 'Dala Charge', 250.00, NULL, NULL, '2025-12-20', NULL, 5, '2025-12-20 04:11:05'),
(1011, 309, 'Billing Rate', 22000.00, 'Fixed', 22000.00, '2025-12-20', NULL, 5, '2025-12-20 04:12:29'),
(1012, 309, 'Lorry Hire', 20000.00, 'Fixed', 20000.00, '2025-12-20', NULL, 5, '2025-12-20 04:12:29'),
(1013, 309, 'Advance Cash', 13000.00, NULL, NULL, '2025-12-20', NULL, 5, '2025-12-20 04:12:29'),
(1014, 309, 'Labour Charge', 950.00, NULL, NULL, '2025-12-20', NULL, 5, '2025-12-20 04:12:29'),
(1015, 309, 'Dala Charge', 250.00, NULL, NULL, '2025-12-20', NULL, 5, '2025-12-20 04:12:29'),
(1016, 285, 'Billing Rate', 17800.00, 'Fixed', 17800.00, '2025-12-20', NULL, 5, '2025-12-20 04:14:18'),
(1017, 285, 'Lorry Hire', 17500.00, 'Fixed', 17500.00, '2025-12-20', NULL, 5, '2025-12-20 04:14:18'),
(1018, 285, 'Advance Cash', 12500.00, NULL, NULL, '2025-12-20', NULL, 5, '2025-12-20 04:14:18'),
(1019, 285, 'Labour Charge', 900.00, NULL, NULL, '2025-12-20', NULL, 5, '2025-12-20 04:14:18'),
(1020, 285, 'Dala Charge', 250.00, NULL, NULL, '2025-12-20', NULL, 5, '2025-12-20 04:14:18'),
(1021, 291, 'Billing Rate', 23700.00, 'Fixed', 23700.00, '2025-12-20', NULL, 5, '2025-12-20 04:15:11'),
(1022, 291, 'Lorry Hire', 22000.00, 'Fixed', 22000.00, '2025-12-20', NULL, 5, '2025-12-20 04:15:11'),
(1023, 291, 'Advance Cash', 16000.00, NULL, NULL, '2025-12-20', NULL, 5, '2025-12-20 04:15:11'),
(1024, 291, 'Labour Charge', 850.00, NULL, NULL, '2025-12-20', NULL, 5, '2025-12-20 04:15:11'),
(1025, 225, 'Billing Rate', 52000.00, 'Fixed', 52000.00, '2025-12-20', NULL, 5, '2025-12-20 04:16:30'),
(1026, 225, 'Lorry Hire', 49000.00, 'Fixed', 49000.00, '2025-12-20', NULL, 5, '2025-12-20 04:16:30'),
(1027, 225, 'Advance Cash', 32000.00, NULL, NULL, '2025-12-20', NULL, 5, '2025-12-20 04:16:30'),
(1028, 225, 'Labour Charge', 1000.00, NULL, NULL, '2025-12-20', NULL, 5, '2025-12-20 04:16:30'),
(1029, 225, 'Dala Charge', 250.00, NULL, NULL, '2025-12-20', NULL, 5, '2025-12-20 04:16:30'),
(1030, 222, 'Billing Rate', 15500.00, 'Fixed', 15500.00, '2025-12-20', NULL, 5, '2025-12-20 04:17:17'),
(1031, 222, 'Lorry Hire', 14500.00, 'Fixed', 14500.00, '2025-12-20', NULL, 5, '2025-12-20 04:17:17'),
(1032, 222, 'Advance Cash', 9500.00, NULL, NULL, '2025-12-20', NULL, 5, '2025-12-20 04:17:17'),
(1033, 222, 'Labour Charge', 800.00, NULL, NULL, '2025-12-20', NULL, 5, '2025-12-20 04:17:17'),
(1034, 222, 'Dala Charge', 250.00, NULL, NULL, '2025-12-20', NULL, 5, '2025-12-20 04:17:17'),
(1035, 336, 'Billing Rate', 68500.00, 'Fixed', 68500.00, '2025-12-20', NULL, 5, '2025-12-20 04:18:54'),
(1036, 336, 'Lorry Hire', 65000.00, 'Fixed', 65000.00, '2025-12-20', NULL, 5, '2025-12-20 04:18:54'),
(1037, 336, 'Advance Cash', 44000.00, NULL, NULL, '2025-12-20', NULL, 5, '2025-12-20 04:18:54'),
(1038, 346, 'Billing Rate', 68500.00, 'Fixed', 68500.00, '2025-12-20', NULL, 5, '2025-12-20 04:19:46'),
(1039, 346, 'Lorry Hire', 64000.00, 'Fixed', 64000.00, '2025-12-20', NULL, 5, '2025-12-20 04:19:46'),
(1040, 346, 'Advance Cash', 58750.00, NULL, NULL, '2025-12-20', NULL, 5, '2025-12-20 04:19:46'),
(1041, 346, 'Dala Charge', 250.00, NULL, NULL, '2025-12-20', NULL, 5, '2025-12-20 04:19:46'),
(1042, 344, 'Billing Rate', 68500.00, 'Fixed', 68500.00, '2025-12-20', NULL, 5, '2025-12-20 04:20:17'),
(1043, 344, 'Lorry Hire', 65000.00, 'Fixed', 65000.00, '2025-12-20', NULL, 5, '2025-12-20 04:20:17'),
(1044, 344, 'Advance Cash', 59750.00, NULL, NULL, '2025-12-20', NULL, 5, '2025-12-20 04:20:17'),
(1045, 344, 'Dala Charge', 550.00, NULL, NULL, '2025-12-20', NULL, 5, '2025-12-20 04:20:17'),
(1046, 352, 'Billing Rate', 22000.00, 'Fixed', 22000.00, '2025-12-20', NULL, 5, '2025-12-20 04:21:37'),
(1047, 352, 'Lorry Hire', 20000.00, 'Fixed', 20000.00, '2025-12-20', NULL, 5, '2025-12-20 04:21:37'),
(1048, 352, 'Advance Cash', 14000.00, NULL, NULL, '2025-12-20', NULL, 5, '2025-12-20 04:21:37'),
(1049, 352, 'Labour Charge', 900.00, NULL, NULL, '2025-12-20', NULL, 5, '2025-12-20 04:21:37'),
(1050, 366, 'Billing Rate', 29000.00, 'Fixed', 29000.00, '2025-12-20', NULL, 5, '2025-12-20 04:23:02'),
(1051, 366, 'Lorry Hire', 27500.00, 'Fixed', 27500.00, '2025-12-20', NULL, 5, '2025-12-20 04:23:02'),
(1052, 366, 'Advance Cash', 24250.00, NULL, NULL, '2025-12-20', NULL, 5, '2025-12-20 04:23:02'),
(1053, 366, 'Dala Charge', 250.00, NULL, NULL, '2025-12-20', NULL, 5, '2025-12-20 04:23:02'),
(1054, 355, 'Billing Rate', 29000.00, 'Fixed', 29000.00, '2025-12-20', NULL, 5, '2025-12-20 04:23:39'),
(1055, 355, 'Lorry Hire', 27500.00, 'Fixed', 27500.00, '2025-12-20', NULL, 5, '2025-12-20 04:23:39'),
(1056, 355, 'Advance Cash', 24250.00, NULL, NULL, '2025-12-20', NULL, 5, '2025-12-20 04:23:39'),
(1057, 355, 'Dala Charge', 250.00, NULL, NULL, '2025-12-20', NULL, 5, '2025-12-20 04:23:39'),
(1058, 233, 'Billing Rate', 32000.00, 'Fixed', 32000.00, '2025-12-20', NULL, 5, '2025-12-20 04:25:32'),
(1059, 233, 'Lorry Hire', 29000.00, 'Fixed', 29000.00, '2025-12-20', NULL, 5, '2025-12-20 04:25:32'),
(1060, 233, 'Advance Cash', 17500.00, NULL, NULL, '2025-12-20', NULL, 5, '2025-12-20 04:25:32'),
(1061, 233, 'Labour Charge', 800.00, NULL, NULL, '2025-12-20', NULL, 5, '2025-12-20 04:25:32'),
(1062, 233, 'Dala Charge', 250.00, NULL, NULL, '2025-12-20', NULL, 5, '2025-12-20 04:25:32'),
(1063, 321, 'Billing Rate', 4900.00, 'Fixed', 4900.00, '2025-12-20', NULL, 5, '2025-12-20 04:26:05'),
(1064, 321, 'Lorry Hire', 4500.00, 'Fixed', 4500.00, '2025-12-20', NULL, 5, '2025-12-20 04:26:05'),
(1065, 321, 'Advance Cash', 2000.00, NULL, NULL, '2025-12-20', NULL, 5, '2025-12-20 04:26:05'),
(1066, 321, 'Labour Charge', 900.00, NULL, NULL, '2025-12-20', NULL, 5, '2025-12-20 04:26:05'),
(1067, 323, 'Billing Rate', 49700.00, 'Fixed', 49700.00, '2025-12-20', NULL, 5, '2025-12-20 04:27:11'),
(1068, 323, 'Lorry Hire', 45000.00, 'Fixed', 45000.00, '2025-12-20', NULL, 5, '2025-12-20 04:27:11'),
(1069, 323, 'Advance Cash', 30000.00, NULL, NULL, '2025-12-20', NULL, 5, '2025-12-20 04:27:11'),
(1070, 323, 'Dala Charge', 250.00, NULL, NULL, '2025-12-20', NULL, 5, '2025-12-20 04:27:11'),
(1071, 326, 'Billing Rate', 29500.00, 'Fixed', 29500.00, '2025-12-20', NULL, 5, '2025-12-20 04:28:11'),
(1072, 326, 'Lorry Hire', 28000.00, 'Fixed', 28000.00, '2025-12-20', NULL, 5, '2025-12-20 04:28:11'),
(1073, 326, 'Advance Cash', 17500.00, NULL, NULL, '2025-12-20', NULL, 5, '2025-12-20 04:28:11'),
(1074, 326, 'Dala Charge', 250.00, NULL, NULL, '2025-12-20', NULL, 5, '2025-12-20 04:28:11'),
(1075, 302, 'Billing Rate', 18500.00, 'Fixed', 18500.00, '2025-12-20', NULL, 5, '2025-12-20 04:29:32'),
(1076, 302, 'Lorry Hire', 17000.00, 'Fixed', 17000.00, '2025-12-20', NULL, 5, '2025-12-20 04:29:32'),
(1077, 302, 'Advance Cash', 10000.00, NULL, NULL, '2025-12-20', NULL, 5, '2025-12-20 04:29:32'),
(1078, 302, 'Labour Charge', 800.00, NULL, NULL, '2025-12-20', NULL, 5, '2025-12-20 04:29:32'),
(1079, 302, 'Dala Charge', 250.00, NULL, NULL, '2025-12-20', NULL, 5, '2025-12-20 04:29:32'),
(1080, 317, 'Billing Rate', 8000.00, 'Fixed', 8000.00, '2025-12-20', NULL, 5, '2025-12-20 04:30:25'),
(1081, 317, 'Lorry Hire', 7000.00, 'Fixed', 7000.00, '2025-12-20', NULL, 5, '2025-12-20 04:30:25'),
(1082, 317, 'Advance Cash', 4000.00, NULL, NULL, '2025-12-20', NULL, 5, '2025-12-20 04:30:25'),
(1083, 317, 'Labour Charge', 900.00, NULL, NULL, '2025-12-20', NULL, 5, '2025-12-20 04:30:25'),
(1084, 294, 'Billing Rate', 21966.37, 'Kg', 2.20, '2025-12-20', NULL, 5, '2025-12-20 04:31:05'),
(1085, 294, 'Lorry Hire', 19000.00, 'Fixed', 19000.00, '2025-12-20', NULL, 5, '2025-12-20 04:31:05'),
(1086, 290, 'Billing Rate', 25000.00, 'Fixed', 25000.00, '2025-12-20', NULL, 5, '2025-12-20 04:31:55'),
(1087, 290, 'Lorry Hire', 24000.00, 'Fixed', 24000.00, '2025-12-20', NULL, 5, '2025-12-20 04:31:55'),
(1088, 290, 'Advance Cash', 18000.00, NULL, NULL, '2025-12-20', NULL, 5, '2025-12-20 04:31:55'),
(1089, 290, 'Labour Charge', 900.00, NULL, NULL, '2025-12-20', NULL, 5, '2025-12-20 04:31:55');
INSERT INTO `shipment_payments` (`id`, `shipment_id`, `payment_type`, `amount`, `billing_method`, `rate`, `payment_date`, `remarks`, `created_by_id`, `created_at`) VALUES
(1090, 284, 'Billing Rate', 29000.00, 'Fixed', 29000.00, '2025-12-20', NULL, 5, '2025-12-20 04:33:10'),
(1091, 284, 'Lorry Hire', 27000.00, 'Fixed', 27000.00, '2025-12-20', NULL, 5, '2025-12-20 04:33:10'),
(1092, 284, 'Advance Cash', 14000.00, NULL, NULL, '2025-12-20', NULL, 5, '2025-12-20 04:33:10'),
(1093, 284, 'Labour Charge', 1000.00, NULL, NULL, '2025-12-20', NULL, 5, '2025-12-20 04:33:10'),
(1094, 281, 'Billing Rate', 8000.00, 'Fixed', 8000.00, '2025-12-20', NULL, 5, '2025-12-20 04:35:43'),
(1095, 281, 'Lorry Hire', 7000.00, 'Fixed', 7000.00, '2025-12-20', NULL, 5, '2025-12-20 04:35:43'),
(1096, 281, 'Advance Cash', 4000.00, NULL, NULL, '2025-12-20', NULL, 5, '2025-12-20 04:35:43'),
(1097, 281, 'Labour Charge', 900.00, NULL, NULL, '2025-12-20', NULL, 5, '2025-12-20 04:35:43'),
(1098, 286, 'Billing Rate', 19000.00, 'Fixed', 19000.00, '2025-12-20', NULL, 5, '2025-12-20 04:36:53'),
(1099, 286, 'Lorry Hire', 18000.00, 'Fixed', 18000.00, '2025-12-20', NULL, 5, '2025-12-20 04:36:53'),
(1100, 286, 'Advance Cash', 13000.00, NULL, NULL, '2025-12-20', NULL, 5, '2025-12-20 04:36:53'),
(1101, 286, 'Labour Charge', 1000.00, NULL, NULL, '2025-12-20', NULL, 5, '2025-12-20 04:36:53'),
(1102, 248, 'Billing Rate', 26800.00, 'Fixed', 26800.00, '2025-12-20', NULL, 5, '2025-12-20 04:38:45'),
(1103, 248, 'Lorry Hire', 24900.00, 'Fixed', 24900.00, '2025-12-20', NULL, 5, '2025-12-20 04:38:45'),
(1104, 248, 'Advance Cash', 21450.00, NULL, NULL, '2025-12-20', NULL, 5, '2025-12-20 04:38:45'),
(1105, 248, 'Labour Charge', 900.00, NULL, NULL, '2025-12-20', NULL, 5, '2025-12-20 04:38:45'),
(1106, 248, 'Dala Charge', 550.00, NULL, NULL, '2025-12-20', NULL, 5, '2025-12-20 04:38:45'),
(1107, 271, 'Billing Rate', 18800.00, 'Fixed', 18800.00, '2025-12-20', NULL, 5, '2025-12-20 04:39:43'),
(1108, 271, 'Lorry Hire', 16800.00, 'Fixed', 16800.00, '2025-12-20', NULL, 5, '2025-12-20 04:39:43'),
(1109, 271, 'Advance Cash', 14000.00, NULL, NULL, '2025-12-20', NULL, 5, '2025-12-20 04:39:43'),
(1110, 271, 'Labour Charge', 800.00, NULL, NULL, '2025-12-20', NULL, 5, '2025-12-20 04:39:43'),
(1111, 277, 'Billing Rate', 4900.00, 'Fixed', 4900.00, '2025-12-20', NULL, 5, '2025-12-20 04:41:17'),
(1112, 277, 'Lorry Hire', 4500.00, 'Fixed', 4500.00, '2025-12-20', NULL, 5, '2025-12-20 04:41:17'),
(1113, 277, 'Advance Cash', 3000.00, NULL, NULL, '2025-12-20', NULL, 5, '2025-12-20 04:41:17'),
(1114, 277, 'Labour Charge', 900.00, NULL, NULL, '2025-12-20', NULL, 5, '2025-12-20 04:41:17'),
(1115, 218, 'Billing Rate', 6500.00, 'Fixed', 6500.00, '2025-12-20', NULL, 5, '2025-12-20 04:42:31'),
(1116, 218, 'Lorry Hire', 6000.00, 'Fixed', 6000.00, '2025-12-20', NULL, 5, '2025-12-20 04:42:31'),
(1117, 218, 'Advance Cash', 3000.00, NULL, NULL, '2025-12-20', NULL, 5, '2025-12-20 04:42:31'),
(1118, 218, 'Labour Charge', 900.00, NULL, NULL, '2025-12-20', NULL, 5, '2025-12-20 04:42:31'),
(1119, 249, 'Billing Rate', 18990.00, 'Fixed', 18990.00, '2025-12-20', NULL, 5, '2025-12-20 04:43:59'),
(1120, 249, 'Lorry Hire', 18000.00, 'Fixed', 18000.00, '2025-12-20', NULL, 5, '2025-12-20 04:43:59'),
(1121, 249, 'Advance Cash', 12500.00, NULL, NULL, '2025-12-20', NULL, 5, '2025-12-20 04:43:59'),
(1122, 249, 'Labour Charge', 900.00, NULL, NULL, '2025-12-20', NULL, 5, '2025-12-20 04:43:59'),
(1123, 229, 'Billing Rate', 55000.00, 'Fixed', 55000.00, '2025-12-20', NULL, 5, '2025-12-20 04:45:55'),
(1124, 229, 'Lorry Hire', 50000.00, 'Fixed', 50000.00, '2025-12-20', NULL, 5, '2025-12-20 04:45:56'),
(1125, 230, 'Billing Rate', 51400.00, 'Fixed', 51400.00, '2025-12-20', NULL, 5, '2025-12-20 04:47:30'),
(1126, 230, 'Lorry Hire', 48000.00, 'Fixed', 48000.00, '2025-12-20', NULL, 5, '2025-12-20 04:47:30'),
(1127, 250, 'Billing Rate', 23800.00, 'Fixed', 23800.00, '2025-12-20', NULL, 5, '2025-12-20 04:49:50'),
(1128, 250, 'Lorry Hire', 23000.00, 'Fixed', 23000.00, '2025-12-20', NULL, 5, '2025-12-20 04:49:50'),
(1129, 250, 'Advance Cash', 16000.00, NULL, NULL, '2025-12-20', NULL, 5, '2025-12-20 04:49:50'),
(1130, 250, 'Labour Charge', 1000.00, NULL, NULL, '2025-12-20', NULL, 5, '2025-12-20 04:49:50'),
(1131, 245, 'Billing Rate', 21190.00, 'Fixed', 21190.00, '2025-12-20', NULL, 5, '2025-12-20 04:50:50'),
(1132, 245, 'Lorry Hire', 20500.00, 'Fixed', 20500.00, '2025-12-20', NULL, 5, '2025-12-20 04:50:50'),
(1133, 245, 'Advance Cash', 14000.00, NULL, NULL, '2025-12-20', NULL, 5, '2025-12-20 04:50:50'),
(1134, 245, 'Labour Charge', 800.00, NULL, NULL, '2025-12-20', NULL, 5, '2025-12-20 04:50:50'),
(1135, 359, 'Billing Rate', 29500.00, 'Fixed', 29500.00, '2025-12-20', NULL, 5, '2025-12-20 04:52:11'),
(1136, 359, 'Lorry Hire', 28000.00, 'Fixed', 28000.00, '2025-12-20', NULL, 5, '2025-12-20 04:52:11'),
(1137, 359, 'Advance Cash', 24750.00, NULL, NULL, '2025-12-20', NULL, 5, '2025-12-20 04:52:11'),
(1138, 359, 'Dala Charge', 250.00, NULL, NULL, '2025-12-20', NULL, 5, '2025-12-20 04:52:11'),
(1139, 234, 'Billing Rate', 29500.00, 'Fixed', 29500.00, '2025-12-20', NULL, 5, '2025-12-20 04:59:07'),
(1140, 234, 'Lorry Hire', 27500.00, 'Fixed', 27500.00, '2025-12-20', NULL, 5, '2025-12-20 04:59:07'),
(1141, 234, 'Advance Cash', 24250.00, NULL, NULL, '2025-12-20', NULL, 5, '2025-12-20 04:59:07'),
(1142, 234, 'Dala Charge', 250.00, NULL, NULL, '2025-12-20', NULL, 5, '2025-12-20 04:59:07'),
(1143, 337, 'Billing Rate', 29000.00, 'Fixed', 29000.00, '2025-12-20', NULL, 5, '2025-12-20 12:21:45'),
(1144, 337, 'Lorry Hire', 0.00, 'Fixed', 0.00, '2025-12-20', NULL, 5, '2025-12-20 12:21:45'),
(1145, 356, 'Billing Rate', 39000.00, 'Fixed', 39000.00, '2025-12-20', NULL, 5, '2025-12-20 12:22:32'),
(1146, 356, 'Lorry Hire', 37000.00, 'Fixed', 37000.00, '2025-12-20', NULL, 5, '2025-12-20 12:22:32'),
(1147, 356, 'Advance Cash', 24000.00, NULL, NULL, '2025-12-20', NULL, 5, '2025-12-20 12:22:32'),
(1148, 356, 'Dala Charge', 250.00, NULL, NULL, '2025-12-20', NULL, 5, '2025-12-20 12:22:32'),
(1149, 388, 'Billing Rate', 12882.30, 'Kg', 1.42, '2025-12-20', NULL, 5, '2025-12-20 13:50:15'),
(1150, 388, 'Lorry Hire', 12000.00, 'Fixed', 12000.00, '2025-12-20', NULL, 5, '2025-12-20 13:50:15'),
(1151, 388, 'Advance Cash', 9100.00, NULL, NULL, '2025-12-20', NULL, 5, '2025-12-20 13:50:15'),
(1152, 389, 'Billing Rate', 14801.73, 'Kg', 1.80, '2025-12-20', NULL, 5, '2025-12-20 13:50:49'),
(1153, 389, 'Lorry Hire', 14000.00, 'Fixed', 14000.00, '2025-12-20', NULL, 5, '2025-12-20 13:50:49'),
(1154, 389, 'Advance Cash', 10100.00, NULL, NULL, '2025-12-20', NULL, 5, '2025-12-20 13:50:49'),
(1155, 390, 'Billing Rate', 6348.72, 'Kg', 0.70, '2025-12-20', NULL, 5, '2025-12-20 15:29:19'),
(1156, 390, 'Lorry Hire', 5500.00, 'Fixed', 5500.00, '2025-12-20', NULL, 5, '2025-12-20 15:29:19'),
(1157, 390, 'Advance Cash', 5500.00, NULL, NULL, '2025-12-20', NULL, 5, '2025-12-20 15:29:19'),
(1158, 394, 'Billing Rate', 5615.62, 'Kg', 0.68, '2025-12-21', NULL, 5, '2025-12-21 09:59:47'),
(1159, 394, 'Lorry Hire', 5000.00, 'Fixed', 5000.00, '2025-12-21', NULL, 5, '2025-12-21 09:59:47'),
(1160, 394, 'Advance Cash', 4000.00, NULL, NULL, '2025-12-21', NULL, 5, '2025-12-21 09:59:47'),
(1161, 393, 'Billing Rate', 14926.47, 'Kg', 1.80, '2025-12-21', NULL, 5, '2025-12-21 10:00:32'),
(1162, 393, 'Lorry Hire', 14000.00, 'Fixed', 14000.00, '2025-12-21', NULL, 5, '2025-12-21 10:00:32'),
(1163, 393, 'Advance Cash', 10700.00, NULL, NULL, '2025-12-21', NULL, 5, '2025-12-21 10:00:32'),
(1164, 391, 'Billing Rate', 15028.51, 'Kg', 1.50, '2025-12-21', NULL, 5, '2025-12-21 10:00:56'),
(1165, 391, 'Lorry Hire', 14000.00, 'Fixed', 14000.00, '2025-12-21', NULL, 5, '2025-12-21 10:00:56'),
(1166, 392, 'Billing Rate', 29500.00, 'Fixed', 29500.00, '2025-12-21', NULL, 5, '2025-12-21 10:01:38'),
(1167, 392, 'Lorry Hire', 27000.00, 'Fixed', 27000.00, '2025-12-21', NULL, 5, '2025-12-21 10:01:38'),
(1168, 392, 'Advance Cash', 19000.00, NULL, NULL, '2025-12-21', NULL, 5, '2025-12-21 10:01:38'),
(1169, 392, 'Labour Charge', 1000.00, NULL, NULL, '2025-12-21', NULL, 5, '2025-12-21 10:01:38'),
(1170, 207, 'Billing Rate', 5606.28, 'Kg', 0.62, '2025-12-21', NULL, 5, '2025-12-21 10:02:00'),
(1171, 207, 'Lorry Hire', 4700.00, 'Fixed', 4700.00, '2025-12-21', NULL, 5, '2025-12-21 10:02:00'),
(1172, 207, 'Advance Cash', 4700.00, NULL, NULL, '2025-12-21', NULL, 5, '2025-12-21 10:02:00'),
(1173, 378, 'Balance Payment', 1550.00, NULL, NULL, '2025-12-21', '', 5, '2025-12-21 10:17:13'),
(1174, 429, 'Billing Rate', 14878.93, 'Kg', 1.80, '2025-12-30', NULL, 5, '2025-12-30 07:59:41'),
(1175, 429, 'Lorry Hire', 14000.00, 'Fixed', 14000.00, '2025-12-30', NULL, 5, '2025-12-30 07:59:41'),
(1176, 429, 'Advance Cash', 10700.00, NULL, NULL, '2025-12-30', NULL, 5, '2025-12-30 07:59:41'),
(1177, 410, 'Billing Rate', 10513.06, 'Kg', 1.27, '2025-12-30', NULL, 5, '2025-12-30 07:59:56'),
(1178, 410, 'Lorry Hire', 9700.00, 'Fixed', 9700.00, '2025-12-30', NULL, 5, '2025-12-30 07:59:56'),
(1179, 410, 'Advance Cash', 7400.00, NULL, NULL, '2025-12-30', NULL, 5, '2025-12-30 07:59:56'),
(1180, 413, 'Billing Rate', 29500.00, 'Fixed', 29500.00, '2025-12-30', NULL, 5, '2025-12-30 08:00:26'),
(1181, 413, 'Lorry Hire', 28000.00, 'Fixed', 28000.00, '2025-12-30', NULL, 5, '2025-12-30 08:00:26'),
(1182, 413, 'Advance Cash', 19000.00, NULL, NULL, '2025-12-30', NULL, 5, '2025-12-30 08:00:26'),
(1183, 423, 'Billing Rate', 68500.00, 'Fixed', 68500.00, '2025-12-30', NULL, 5, '2025-12-30 08:01:05'),
(1184, 423, 'Lorry Hire', 65000.00, 'Fixed', 65000.00, '2025-12-30', NULL, 5, '2025-12-30 08:01:05'),
(1185, 423, 'Advance Cash', 40000.00, NULL, NULL, '2025-12-30', NULL, 5, '2025-12-30 08:01:05'),
(1186, 419, 'Billing Rate', 7961.24, 'Kg', 0.97, '2025-12-30', NULL, 5, '2025-12-30 08:02:14'),
(1187, 419, 'Lorry Hire', 7500.00, 'Fixed', 7500.00, '2025-12-30', NULL, 5, '2025-12-30 08:02:14'),
(1188, 419, 'Advance Cash', 6200.00, NULL, NULL, '2025-12-30', NULL, 5, '2025-12-30 08:02:14'),
(1189, 430, 'Billing Rate', 6508.27, 'Kg', 0.72, '2025-12-30', NULL, 5, '2025-12-30 08:03:47'),
(1190, 430, 'Lorry Hire', 5300.00, 'Fixed', 5300.00, '2025-12-30', NULL, 5, '2025-12-30 08:03:47'),
(1191, 430, 'Advance Cash', 5300.00, NULL, NULL, '2025-12-30', NULL, 5, '2025-12-30 08:03:47'),
(1192, 431, 'Billing Rate', 14808.35, 'Kg', 1.80, '2025-12-30', NULL, 5, '2025-12-30 08:19:57'),
(1193, 431, 'Lorry Hire', 14000.00, 'Fixed', 14000.00, '2025-12-30', NULL, 5, '2025-12-30 08:19:57'),
(1194, 431, 'Advance Cash', 10300.00, NULL, NULL, '2025-12-30', NULL, 5, '2025-12-30 08:19:57'),
(1195, 432, 'Billing Rate', 13584.13, 'Kg', 1.50, '2025-12-30', NULL, 5, '2025-12-30 08:20:55'),
(1196, 432, 'Lorry Hire', 12500.00, 'Fixed', 12500.00, '2025-12-30', NULL, 5, '2025-12-30 08:20:55'),
(1197, 432, 'Advance Cash', 9500.00, NULL, NULL, '2025-12-30', NULL, 5, '2025-12-30 08:20:55'),
(1198, 418, 'Billing Rate', 12313.27, 'Kg', 1.50, '2025-12-30', NULL, 5, '2025-12-30 08:23:07'),
(1199, 418, 'Lorry Hire', 11500.00, 'Fixed', 11500.00, '2025-12-30', NULL, 5, '2025-12-30 08:23:07'),
(1200, 418, 'Advance Cash', 9000.00, NULL, NULL, '2025-12-30', NULL, 5, '2025-12-30 08:23:07'),
(1201, 412, 'Billing Rate', 4900.00, 'Fixed', 4900.00, '2025-12-30', NULL, 5, '2025-12-30 08:23:34'),
(1202, 412, 'Lorry Hire', 4500.00, 'Fixed', 4500.00, '2025-12-30', NULL, 5, '2025-12-30 08:23:34'),
(1203, 412, 'Advance Cash', 2000.00, NULL, NULL, '2025-12-30', NULL, 5, '2025-12-30 08:23:34'),
(1204, 412, 'Labour Charge', 1000.00, NULL, NULL, '2025-12-30', NULL, 5, '2025-12-30 08:23:34'),
(1205, 403, 'Billing Rate', 18097.74, 'Kg', 1.80, '2025-12-30', NULL, 5, '2025-12-30 08:34:12'),
(1206, 403, 'Lorry Hire', 16000.00, 'Fixed', 16000.00, '2025-12-30', NULL, 5, '2025-12-30 08:34:12'),
(1207, 403, 'Advance Cash', 11500.00, NULL, NULL, '2025-12-30', NULL, 5, '2025-12-30 08:34:12'),
(1208, 395, 'Billing Rate', 9286.53, 'Kg', 1.13, '2025-12-30', NULL, 5, '2025-12-30 08:34:31'),
(1209, 395, 'Lorry Hire', 8700.00, 'Fixed', 8700.00, '2025-12-30', NULL, 5, '2025-12-30 08:34:31'),
(1210, 395, 'Advance Cash', 6700.00, NULL, NULL, '2025-12-30', NULL, 5, '2025-12-30 08:34:31'),
(1211, 398, 'Billing Rate', 12320.55, 'Kg', 1.50, '2025-12-30', NULL, 5, '2025-12-30 08:35:00'),
(1212, 398, 'Lorry Hire', 11500.00, 'Fixed', 11500.00, '2025-12-30', NULL, 5, '2025-12-30 08:35:00'),
(1213, 398, 'Advance Cash', 9000.00, NULL, NULL, '2025-12-30', NULL, 5, '2025-12-30 08:35:00'),
(1214, 404, 'Billing Rate', 51800.00, 'Fixed', 51800.00, '2025-12-30', NULL, 5, '2025-12-30 08:38:15'),
(1215, 404, 'Lorry Hire', 49000.00, 'Fixed', 49000.00, '2025-12-30', NULL, 5, '2025-12-30 08:38:15'),
(1216, 404, 'Advance Cash', 32000.00, NULL, NULL, '2025-12-30', NULL, 5, '2025-12-30 08:38:15'),
(1217, 404, 'Labour Charge', 1200.00, NULL, NULL, '2025-12-30', NULL, 5, '2025-12-30 08:38:15'),
(1218, 437, 'Billing Rate', 12404.40, 'Kg', 1.50, '2025-12-30', NULL, 5, '2025-12-30 16:04:07'),
(1219, 437, 'Lorry Hire', 11500.00, 'Fixed', 11500.00, '2025-12-30', NULL, 5, '2025-12-30 16:04:07'),
(1220, 437, 'Advance Cash', 9000.00, NULL, NULL, '2025-12-30', NULL, 5, '2025-12-30 16:04:07'),
(1221, 440, 'Billing Rate', 47000.00, 'Fixed', 47000.00, '2026-01-03', NULL, 5, '2026-01-03 12:44:40'),
(1222, 440, 'Lorry Hire', 45000.00, 'Fixed', 45000.00, '2026-01-03', NULL, 5, '2026-01-03 12:44:40'),
(1223, 440, 'Advance Cash', 37000.00, NULL, NULL, '2026-01-03', NULL, 5, '2026-01-03 12:44:40'),
(1224, 459, 'Billing Rate', 49700.00, 'Fixed', 49700.00, '2026-01-05', NULL, 5, '2026-01-05 11:35:16'),
(1225, 459, 'Lorry Hire', 45000.00, 'Fixed', 45000.00, '2026-01-05', NULL, 5, '2026-01-05 11:35:16'),
(1226, 459, 'Advance Cash', 30000.00, NULL, NULL, '2026-01-05', NULL, 5, '2026-01-05 11:35:16'),
(1227, 461, 'Billing Rate', 14793.06, 'Kg', 1.80, '2026-01-05', NULL, 5, '2026-01-05 11:39:05'),
(1228, 461, 'Lorry Hire', 14000.00, 'Fixed', 14000.00, '2026-01-05', NULL, 5, '2026-01-05 11:39:05'),
(1229, 461, 'Advance Cash', 10700.00, NULL, NULL, '2026-01-05', NULL, 5, '2026-01-05 11:39:05'),
(1230, 462, 'Billing Rate', 9386.22, 'Kg', 1.13, '2026-01-05', NULL, 5, '2026-01-05 11:39:19'),
(1231, 462, 'Lorry Hire', 8700.00, 'Fixed', 8700.00, '2026-01-05', NULL, 5, '2026-01-05 11:39:19'),
(1232, 462, 'Advance Cash', 6700.00, NULL, NULL, '2026-01-05', NULL, 5, '2026-01-05 11:39:19'),
(1233, 456, 'Billing Rate', 29000.00, 'Fixed', 29000.00, '2026-01-05', NULL, 5, '2026-01-05 11:40:15'),
(1234, 456, 'Lorry Hire', 27500.00, 'Fixed', 27500.00, '2026-01-05', NULL, 5, '2026-01-05 11:40:15'),
(1235, 456, 'Advance Cash', 24250.00, NULL, NULL, '2026-01-05', NULL, 5, '2026-01-05 11:40:15'),
(1236, 456, 'Dala Charge', 250.00, NULL, NULL, '2026-01-05', NULL, 5, '2026-01-05 11:40:15'),
(1237, 457, 'Billing Rate', 29500.00, 'Fixed', 29500.00, '2026-01-05', NULL, 5, '2026-01-05 11:40:40'),
(1238, 457, 'Lorry Hire', 28000.00, 'Fixed', 28000.00, '2026-01-05', NULL, 5, '2026-01-05 11:40:40'),
(1239, 457, 'Advance Cash', 19000.00, NULL, NULL, '2026-01-05', NULL, 5, '2026-01-05 11:40:40'),
(1240, 457, 'Dala Charge', 250.00, NULL, NULL, '2026-01-05', NULL, 5, '2026-01-05 11:40:40'),
(1241, 460, 'Billing Rate', 68500.00, 'Fixed', 68500.00, '2026-01-05', NULL, 5, '2026-01-05 11:41:32'),
(1242, 460, 'Lorry Hire', 65000.00, 'Fixed', 65000.00, '2026-01-05', NULL, 5, '2026-01-05 11:41:32'),
(1243, 460, 'Advance Cash', 40000.00, NULL, NULL, '2026-01-05', NULL, 5, '2026-01-05 11:41:32'),
(1244, 460, 'Dala Charge', 250.00, NULL, NULL, '2026-01-05', NULL, 5, '2026-01-05 11:41:32'),
(1245, 449, 'Billing Rate', 12332.10, 'Kg', 1.50, '2026-01-05', NULL, 5, '2026-01-05 11:42:10'),
(1246, 449, 'Lorry Hire', 11500.00, 'Fixed', 11500.00, '2026-01-05', NULL, 5, '2026-01-05 11:42:10'),
(1247, 449, 'Advance Cash', 9000.00, NULL, NULL, '2026-01-05', NULL, 5, '2026-01-05 11:42:10'),
(1248, 450, 'Billing Rate', 15205.80, 'Kg', 1.85, '2026-01-05', NULL, 5, '2026-01-05 11:42:40'),
(1249, 450, 'Lorry Hire', 14000.00, 'Fixed', 14000.00, '2026-01-05', NULL, 5, '2026-01-05 11:42:40'),
(1250, 450, 'Advance Cash', 9900.00, NULL, NULL, '2026-01-05', NULL, 5, '2026-01-05 11:42:40'),
(1251, 442, 'Billing Rate', 46000.00, 'Fixed', 46000.00, '2026-01-05', NULL, 5, '2026-01-05 11:43:02'),
(1252, 442, 'Lorry Hire', 44000.00, 'Fixed', 44000.00, '2026-01-05', NULL, 5, '2026-01-05 11:43:02'),
(1253, 442, 'Advance Cash', 35000.00, NULL, NULL, '2026-01-05', NULL, 5, '2026-01-05 11:43:02'),
(1254, 422, 'Billing Rate', 68500.00, 'Fixed', 68500.00, '2026-01-05', NULL, 5, '2026-01-05 11:43:58'),
(1255, 422, 'Lorry Hire', 64000.00, 'Fixed', 64000.00, '2026-01-05', NULL, 5, '2026-01-05 11:43:58'),
(1256, 422, 'Advance Cash', 58750.00, NULL, NULL, '2026-01-05', NULL, 5, '2026-01-05 11:43:58'),
(1257, 422, 'Dala Charge', 250.00, NULL, NULL, '2026-01-05', NULL, 5, '2026-01-05 11:43:58'),
(1258, 414, 'Billing Rate', 29000.00, 'Fixed', 29000.00, '2026-01-05', NULL, 5, '2026-01-05 11:44:38'),
(1259, 414, 'Lorry Hire', 27000.00, 'Fixed', 27000.00, '2026-01-05', NULL, 5, '2026-01-05 11:44:38'),
(1260, 414, 'Advance Cash', 19000.00, NULL, NULL, '2026-01-05', NULL, 5, '2026-01-05 11:44:38'),
(1261, 439, 'Billing Rate', 42000.00, 'Fixed', 42000.00, '2026-01-05', NULL, 5, '2026-01-05 11:45:59'),
(1262, 439, 'Lorry Hire', 40000.00, 'Fixed', 40000.00, '2026-01-05', NULL, 5, '2026-01-05 11:45:59'),
(1263, 438, 'Billing Rate', 46000.00, 'Fixed', 46000.00, '2026-01-05', NULL, 5, '2026-01-05 11:46:26'),
(1264, 438, 'Lorry Hire', 44000.00, 'Fixed', 44000.00, '2026-01-05', NULL, 5, '2026-01-05 11:46:26'),
(1265, 438, 'Advance Cash', 35000.00, NULL, NULL, '2026-01-05', NULL, 5, '2026-01-05 11:46:26'),
(1266, 452, 'Billing Rate', 48000.00, 'Fixed', 48000.00, '2026-01-05', NULL, 5, '2026-01-05 11:47:01'),
(1267, 452, 'Lorry Hire', 45000.00, 'Fixed', 45000.00, '2026-01-05', NULL, 5, '2026-01-05 11:47:01'),
(1268, 452, 'Advance Cash', 39750.00, NULL, NULL, '2026-01-05', NULL, 5, '2026-01-05 11:47:01'),
(1269, 452, 'Dala Charge', 250.00, NULL, NULL, '2026-01-05', NULL, 5, '2026-01-05 11:47:01'),
(1270, 475, 'Billing Rate', 12374.74, 'Kg', 1.50, '2026-01-07', NULL, 5, '2026-01-07 13:20:32'),
(1271, 475, 'Lorry Hire', 11500.00, 'Fixed', 11500.00, '2026-01-07', NULL, 5, '2026-01-07 13:20:32'),
(1272, 475, 'Advance Cash', 9000.00, NULL, NULL, '2026-01-07', NULL, 5, '2026-01-07 13:20:32'),
(1273, 467, 'Billing Rate', 18148.77, 'Kg', 1.80, '2026-01-07', NULL, 5, '2026-01-07 13:21:19'),
(1274, 467, 'Lorry Hire', 16000.00, 'Fixed', 16000.00, '2026-01-07', NULL, 5, '2026-01-07 13:21:19'),
(1275, 467, 'Advance Cash', 11500.00, NULL, NULL, '2026-01-07', NULL, 5, '2026-01-07 13:21:19'),
(1276, 445, 'Billing Rate', 4900.00, 'Fixed', 4900.00, '2026-01-07', NULL, 5, '2026-01-07 13:21:43'),
(1277, 445, 'Lorry Hire', 4500.00, 'Fixed', 4500.00, '2026-01-07', NULL, 5, '2026-01-07 13:21:43'),
(1278, 445, 'Advance Cash', 2000.00, NULL, NULL, '2026-01-07', NULL, 5, '2026-01-07 13:21:43'),
(1279, 445, 'Labour Charge', 1000.00, NULL, NULL, '2026-01-07', NULL, 5, '2026-01-07 13:21:43'),
(1280, 441, 'Billing Rate', 16000.00, 'Fixed', 16000.00, '2026-01-07', NULL, 5, '2026-01-07 13:22:19'),
(1281, 441, 'Lorry Hire', 13000.00, 'Fixed', 13000.00, '2026-01-07', NULL, 5, '2026-01-07 13:22:19'),
(1282, 441, 'Advance Cash', 12750.00, NULL, NULL, '2026-01-07', NULL, 5, '2026-01-07 13:22:19'),
(1283, 441, 'Dala Charge', 250.00, NULL, NULL, '2026-01-07', NULL, 5, '2026-01-07 13:22:19'),
(1284, 451, 'Billing Rate', 68500.00, 'Fixed', 68500.00, '2026-01-07', NULL, 5, '2026-01-07 13:22:59'),
(1285, 451, 'Lorry Hire', 64000.00, 'Fixed', 64000.00, '2026-01-07', NULL, 5, '2026-01-07 13:22:59'),
(1286, 451, 'Advance Cash', 58750.00, NULL, NULL, '2026-01-07', NULL, 5, '2026-01-07 13:22:59'),
(1287, 451, 'Dala Charge', 250.00, NULL, NULL, '2026-01-07', NULL, 5, '2026-01-07 13:22:59'),
(1288, 448, 'Billing Rate', 25000.00, 'Fixed', 25000.00, '2026-01-07', NULL, 5, '2026-01-07 13:23:43'),
(1289, 448, 'Lorry Hire', 24000.00, 'Fixed', 24000.00, '2026-01-07', NULL, 5, '2026-01-07 13:23:43'),
(1290, 448, 'Advance Cash', 18000.00, NULL, NULL, '2026-01-07', NULL, 5, '2026-01-07 13:23:43'),
(1291, 448, 'Labour Charge', 1000.00, NULL, NULL, '2026-01-07', NULL, 5, '2026-01-07 13:23:43'),
(1292, 447, 'Billing Rate', 14837.04, 'Kg', 1.80, '2026-01-07', NULL, 5, '2026-01-07 13:24:07'),
(1293, 447, 'Lorry Hire', 14000.00, 'Fixed', 14000.00, '2026-01-07', NULL, 5, '2026-01-07 13:24:07'),
(1294, 447, 'Advance Cash', 10700.00, NULL, NULL, '2026-01-07', NULL, 5, '2026-01-07 13:24:07'),
(1295, 465, 'Billing Rate', 11772.67, 'Kg', 1.42, '2026-01-07', NULL, 5, '2026-01-07 13:24:54'),
(1296, 465, 'Lorry Hire', 11000.00, 'Fixed', 11000.00, '2026-01-07', NULL, 5, '2026-01-07 13:24:54'),
(1297, 465, 'Advance Cash', 8800.00, NULL, NULL, '2026-01-07', NULL, 5, '2026-01-07 13:24:54'),
(1298, 466, 'Billing Rate', 10440.41, 'Kg', 1.27, '2026-01-07', NULL, 5, '2026-01-07 13:25:22'),
(1299, 466, 'Lorry Hire', 9700.00, 'Fixed', 9700.00, '2026-01-07', NULL, 5, '2026-01-07 13:25:22'),
(1300, 466, 'Advance Cash', 7400.00, NULL, NULL, '2026-01-07', NULL, 5, '2026-01-07 13:25:22'),
(1301, 406, 'Billing Rate', 12000.00, 'Fixed', 12000.00, '2026-01-07', NULL, 5, '2026-01-07 13:26:06'),
(1302, 406, 'Lorry Hire', 11000.00, 'Fixed', 11000.00, '2026-01-07', NULL, 5, '2026-01-07 13:26:06'),
(1303, 406, 'Advance Cash', 6500.00, NULL, NULL, '2026-01-07', NULL, 5, '2026-01-07 13:26:06'),
(1304, 406, 'Labour Charge', 800.00, NULL, NULL, '2026-01-07', NULL, 5, '2026-01-07 13:26:06'),
(1305, 468, 'Billing Rate', 18500.00, 'Fixed', 18500.00, '2026-01-07', NULL, 5, '2026-01-07 13:30:37'),
(1306, 468, 'Lorry Hire', 14600.00, 'Fixed', 14600.00, '2026-01-07', NULL, 5, '2026-01-07 13:30:37'),
(1307, 468, 'Advance Cash', 12000.00, NULL, NULL, '2026-01-07', NULL, 5, '2026-01-07 13:30:37'),
(1308, 468, 'Labour Charge', 2600.00, NULL, NULL, '2026-01-07', NULL, 5, '2026-01-07 13:30:37'),
(1309, 469, 'Billing Rate', 18500.00, 'Fixed', 18500.00, '2026-01-07', NULL, 5, '2026-01-07 13:31:21'),
(1310, 469, 'Lorry Hire', 13000.00, 'Fixed', 13000.00, '2026-01-07', NULL, 5, '2026-01-07 13:31:21'),
(1311, 469, 'Advance Cash', 13000.00, NULL, NULL, '2026-01-07', NULL, 5, '2026-01-07 13:31:21'),
(1312, 491, 'Billing Rate', 68500.00, 'Fixed', 68500.00, '2026-01-11', NULL, 5, '2026-01-10 19:06:52'),
(1313, 491, 'Lorry Hire', 65000.00, 'Fixed', 65000.00, '2026-01-11', NULL, 5, '2026-01-10 19:06:52'),
(1314, 491, 'Advance Cash', 44000.00, NULL, NULL, '2026-01-11', NULL, 5, '2026-01-10 19:06:52'),
(1315, 483, 'Billing Rate', 3342.24, 'Kg', 0.37, '2026-01-11', NULL, 5, '2026-01-10 19:07:21'),
(1316, 483, 'Lorry Hire', 3100.00, 'Fixed', 3100.00, '2026-01-11', NULL, 5, '2026-01-10 19:07:21'),
(1317, 483, 'Advance Cash', 3100.00, NULL, NULL, '2026-01-11', NULL, 5, '2026-01-10 19:07:21'),
(1318, 487, 'Billing Rate', 12324.90, 'Kg', 1.50, '2026-01-11', NULL, 5, '2026-01-10 19:07:48'),
(1319, 487, 'Lorry Hire', 11500.00, 'Fixed', 11500.00, '2026-01-11', NULL, 5, '2026-01-10 19:07:48'),
(1320, 487, 'Advance Cash', 9000.00, NULL, NULL, '2026-01-11', NULL, 5, '2026-01-10 19:07:48'),
(1321, 488, 'Billing Rate', 12400.17, 'Kg', 1.50, '2026-01-11', NULL, 5, '2026-01-10 19:08:05'),
(1322, 488, 'Lorry Hire', 11500.00, 'Fixed', 11500.00, '2026-01-11', NULL, 5, '2026-01-10 19:08:05'),
(1323, 488, 'Advance Cash', 9000.00, NULL, NULL, '2026-01-11', NULL, 5, '2026-01-10 19:08:05'),
(1324, 482, 'Billing Rate', 42000.00, 'Fixed', 42000.00, '2026-01-11', NULL, 5, '2026-01-10 19:09:27'),
(1325, 482, 'Lorry Hire', 40000.00, 'Fixed', 40000.00, '2026-01-11', NULL, 5, '2026-01-10 19:09:27'),
(1326, 482, 'Advance Cash', 30000.00, NULL, NULL, '2026-01-11', NULL, 5, '2026-01-10 19:09:27'),
(1327, 477, 'Billing Rate', 13482.34, 'Kg', 1.50, '2026-01-11', NULL, 5, '2026-01-10 19:10:07'),
(1328, 477, 'Lorry Hire', 12500.00, 'Fixed', 12500.00, '2026-01-11', NULL, 5, '2026-01-10 19:10:07'),
(1329, 477, 'Advance Cash', 9500.00, NULL, NULL, '2026-01-11', NULL, 5, '2026-01-10 19:10:07'),
(1330, 479, 'Billing Rate', 57000.00, 'Fixed', 57000.00, '2026-01-11', NULL, 5, '2026-01-10 19:10:53'),
(1331, 479, 'Lorry Hire', 53000.00, 'Fixed', 53000.00, '2026-01-11', NULL, 5, '2026-01-10 19:10:53'),
(1332, 479, 'Advance Cash', 37000.00, NULL, NULL, '2026-01-11', NULL, 5, '2026-01-10 19:10:53'),
(1333, 479, 'Labour Charge', 1000.00, NULL, NULL, '2026-01-11', NULL, 5, '2026-01-10 19:10:53'),
(1334, 476, 'Billing Rate', 5645.12, 'Kg', 0.68, '2026-01-11', NULL, 5, '2026-01-10 19:11:17'),
(1335, 476, 'Lorry Hire', 5000.00, 'Fixed', 5000.00, '2026-01-11', NULL, 5, '2026-01-10 19:11:17'),
(1336, 476, 'Advance Cash', 3900.00, NULL, NULL, '2026-01-11', NULL, 5, '2026-01-10 19:11:17'),
(1337, 489, 'Billing Rate', 24373.75, 'Kg', 2.20, '2026-01-11', NULL, 5, '2026-01-10 19:11:56'),
(1338, 489, 'Lorry Hire', 22000.00, 'Fixed', 22000.00, '2026-01-11', NULL, 5, '2026-01-10 19:11:56'),
(1339, 489, 'Advance Cash', 14500.00, NULL, NULL, '2026-01-11', NULL, 5, '2026-01-10 19:11:56'),
(1340, 492, 'Billing Rate', 29000.00, 'Fixed', 29000.00, '2026-01-11', NULL, 5, '2026-01-10 19:13:24'),
(1341, 492, 'Lorry Hire', 12000.00, 'Fixed', 12000.00, '2026-01-11', NULL, 5, '2026-01-10 19:13:24'),
(1342, 492, 'Advance Cash', 12000.00, NULL, NULL, '2026-01-11', NULL, 5, '2026-01-10 19:13:24'),
(1343, 490, 'Billing Rate', 68500.00, 'Fixed', 68500.00, '2026-01-11', NULL, 5, '2026-01-10 19:14:14'),
(1344, 490, 'Lorry Hire', 65000.00, 'Fixed', 65000.00, '2026-01-11', NULL, 5, '2026-01-10 19:14:14'),
(1345, 490, 'Advance Cash', 40000.00, NULL, NULL, '2026-01-11', NULL, 5, '2026-01-10 19:14:14'),
(1346, 498, 'Billing Rate', 14806.49, 'Kg', 1.80, '2026-01-12', NULL, 5, '2026-01-12 16:02:46'),
(1347, 498, 'Lorry Hire', 14000.00, 'Fixed', 14000.00, '2026-01-12', NULL, 5, '2026-01-12 16:02:46'),
(1348, 498, 'Advance Cash', 10700.00, NULL, NULL, '2026-01-12', NULL, 5, '2026-01-12 16:02:46'),
(1349, 505, 'Billing Rate', 17000.00, 'Fixed', 17000.00, '2026-01-12', NULL, 5, '2026-01-12 16:04:21'),
(1350, 505, 'Lorry Hire', 16000.00, 'Fixed', 16000.00, '2026-01-12', NULL, 5, '2026-01-12 16:04:21'),
(1351, 505, 'Advance Cash', 10000.00, NULL, NULL, '2026-01-12', NULL, 5, '2026-01-12 16:04:21'),
(1352, 505, 'Labour Charge', 1330.00, NULL, NULL, '2026-01-12', NULL, 5, '2026-01-12 16:04:21'),
(1353, 495, 'Billing Rate', 16266.50, 'Kg', 1.80, '2026-01-12', NULL, 5, '2026-01-12 16:20:26'),
(1354, 495, 'Lorry Hire', 14000.00, 'Fixed', 14000.00, '2026-01-12', NULL, 5, '2026-01-12 16:20:26'),
(1355, 495, 'Advance Cash', 11000.00, NULL, NULL, '2026-01-12', NULL, 5, '2026-01-12 16:20:26'),
(1356, 496, 'Billing Rate', 8077.50, 'Kg', 0.97, '2026-01-12', NULL, 5, '2026-01-12 16:20:56'),
(1357, 496, 'Lorry Hire', 7500.00, 'Fixed', 7500.00, '2026-01-12', NULL, 5, '2026-01-12 16:20:56'),
(1358, 496, 'Advance Cash', 6200.00, NULL, NULL, '2026-01-12', NULL, 5, '2026-01-12 16:20:56'),
(1359, 497, 'Billing Rate', 9322.51, 'Kg', 1.13, '2026-01-12', NULL, 5, '2026-01-12 16:21:12'),
(1360, 497, 'Lorry Hire', 8700.00, 'Fixed', 8700.00, '2026-01-12', NULL, 5, '2026-01-12 16:21:12'),
(1361, 497, 'Advance Cash', 6700.00, NULL, NULL, '2026-01-12', NULL, 5, '2026-01-12 16:21:12'),
(1362, 506, 'Billing Rate', 4900.00, 'Fixed', 4900.00, '2026-01-12', NULL, 5, '2026-01-12 16:21:49'),
(1363, 506, 'Lorry Hire', 4500.00, 'Fixed', 4500.00, '2026-01-12', NULL, 5, '2026-01-12 16:21:49'),
(1364, 506, 'Advance Cash', 2000.00, NULL, NULL, '2026-01-12', NULL, 5, '2026-01-12 16:21:49'),
(1365, 506, 'Labour Charge', 1000.00, NULL, NULL, '2026-01-12', NULL, 5, '2026-01-12 16:21:49'),
(1366, 507, 'Billing Rate', 15500.00, 'Fixed', 15500.00, '2026-01-12', NULL, 5, '2026-01-12 16:22:25'),
(1367, 507, 'Lorry Hire', 14500.00, 'Fixed', 14500.00, '2026-01-12', NULL, 5, '2026-01-12 16:22:25'),
(1368, 507, 'Advance Cash', 9500.00, NULL, NULL, '2026-01-12', NULL, 5, '2026-01-12 16:22:25'),
(1369, 507, 'Labour Charge', 900.00, NULL, NULL, '2026-01-12', NULL, 5, '2026-01-12 16:22:25'),
(1370, 480, 'Billing Rate', 21500.00, 'Fixed', 21500.00, '2026-01-12', NULL, 5, '2026-01-12 16:24:36'),
(1371, 480, 'Lorry Hire', 20000.00, 'Fixed', 20000.00, '2026-01-12', NULL, 5, '2026-01-12 16:24:36'),
(1372, 480, 'Advance Cash', 16000.00, NULL, NULL, '2026-01-12', NULL, 5, '2026-01-12 16:24:36'),
(1373, 480, 'Labour Charge', 900.00, NULL, NULL, '2026-01-12', NULL, 5, '2026-01-12 16:24:36'),
(1374, 493, 'Billing Rate', 19500.00, 'Fixed', 19500.00, '2026-01-12', NULL, 5, '2026-01-12 16:25:13'),
(1375, 493, 'Lorry Hire', 18500.00, 'Fixed', 18500.00, '2026-01-12', NULL, 5, '2026-01-12 16:25:13'),
(1376, 493, 'Advance Cash', 13500.00, NULL, NULL, '2026-01-12', NULL, 5, '2026-01-12 16:25:13'),
(1377, 493, 'Labour Charge', 800.00, NULL, NULL, '2026-01-12', NULL, 5, '2026-01-12 16:25:13'),
(1378, 494, 'Billing Rate', 4900.00, 'Fixed', 4900.00, '2026-01-12', NULL, 5, '2026-01-12 16:25:35'),
(1379, 494, 'Lorry Hire', 4500.00, 'Fixed', 4500.00, '2026-01-12', NULL, 5, '2026-01-12 16:25:35'),
(1380, 494, 'Advance Cash', 2000.00, NULL, NULL, '2026-01-12', NULL, 5, '2026-01-12 16:25:35'),
(1381, 494, 'Labour Charge', 1000.00, NULL, NULL, '2026-01-12', NULL, 5, '2026-01-12 16:25:35'),
(1382, 484, 'Billing Rate', 23500.00, 'Fixed', 23500.00, '2026-01-12', NULL, 5, '2026-01-12 16:25:58'),
(1383, 484, 'Lorry Hire', 22000.00, 'Fixed', 22000.00, '2026-01-12', NULL, 5, '2026-01-12 16:25:58'),
(1384, 484, 'Advance Cash', 17500.00, NULL, NULL, '2026-01-12', NULL, 5, '2026-01-12 16:25:58'),
(1385, 484, 'Labour Charge', 1000.00, NULL, NULL, '2026-01-12', NULL, 5, '2026-01-12 16:25:58'),
(1386, 335, 'Billing Rate', 22500.00, 'Fixed', 22500.00, '2026-01-12', NULL, 5, '2026-01-12 16:27:38'),
(1387, 335, 'Lorry Hire', 20000.00, 'Fixed', 20000.00, '2026-01-12', NULL, 5, '2026-01-12 16:27:38'),
(1388, 335, 'Advance Cash', 16000.00, NULL, NULL, '2026-01-12', NULL, 5, '2026-01-12 16:27:38'),
(1389, 335, 'Labour Charge', 800.00, NULL, NULL, '2026-01-12', NULL, 5, '2026-01-12 16:27:38'),
(1390, 433, 'Billing Rate', 23700.00, 'Fixed', 23700.00, '2026-01-12', NULL, 5, '2026-01-12 16:28:34'),
(1391, 433, 'Lorry Hire', 22000.00, 'Fixed', 22000.00, '2026-01-12', NULL, 5, '2026-01-12 16:28:34'),
(1392, 433, 'Advance Cash', 16000.00, NULL, NULL, '2026-01-12', NULL, 5, '2026-01-12 16:28:34'),
(1393, 433, 'Labour Charge', 800.00, NULL, NULL, '2026-01-12', NULL, 5, '2026-01-12 16:28:34'),
(1394, 417, 'Billing Rate', 17500.00, 'Fixed', 17500.00, '2026-01-12', NULL, 5, '2026-01-12 16:29:27'),
(1395, 417, 'Lorry Hire', 16500.00, 'Fixed', 16500.00, '2026-01-12', NULL, 5, '2026-01-12 16:29:27'),
(1396, 417, 'Advance Cash', 12500.00, NULL, NULL, '2026-01-12', NULL, 5, '2026-01-12 16:29:27'),
(1397, 417, 'Labour Charge', 800.00, NULL, NULL, '2026-01-12', NULL, 5, '2026-01-12 16:29:27'),
(1398, 420, 'Billing Rate', 33900.00, 'Fixed', 33900.00, '2026-01-12', NULL, 5, '2026-01-12 16:30:26'),
(1399, 420, 'Lorry Hire', 32000.00, 'Fixed', 32000.00, '2026-01-12', NULL, 5, '2026-01-12 16:30:26'),
(1400, 420, 'Advance Cash', 19000.00, NULL, NULL, '2026-01-12', NULL, 5, '2026-01-12 16:30:26'),
(1401, 420, 'Labour Charge', 2800.00, NULL, NULL, '2026-01-12', NULL, 5, '2026-01-12 16:30:26'),
(1402, 421, 'Billing Rate', 21200.00, 'Fixed', 21200.00, '2026-01-12', NULL, 5, '2026-01-12 16:31:27'),
(1403, 421, 'Lorry Hire', 20500.00, 'Fixed', 20500.00, '2026-01-12', NULL, 5, '2026-01-12 16:31:27'),
(1404, 421, 'Advance Cash', 20500.00, NULL, NULL, '2026-01-12', NULL, 5, '2026-01-12 16:31:27'),
(1405, 415, 'Billing Rate', 24500.00, 'Fixed', 24500.00, '2026-01-12', NULL, 5, '2026-01-12 16:33:14'),
(1406, 415, 'Lorry Hire', 23000.00, 'Fixed', 23000.00, '2026-01-12', NULL, 5, '2026-01-12 16:33:14'),
(1407, 415, 'Advance Cash', 16000.00, NULL, NULL, '2026-01-12', NULL, 5, '2026-01-12 16:33:14'),
(1408, 415, 'Labour Charge', 1000.00, NULL, NULL, '2026-01-12', NULL, 5, '2026-01-12 16:33:14'),
(1409, 343, 'Billing Rate', 25000.00, 'Fixed', 25000.00, '2026-01-12', NULL, 5, '2026-01-12 16:35:24'),
(1410, 343, 'Lorry Hire', 23900.00, 'Fixed', 23900.00, '2026-01-12', NULL, 5, '2026-01-12 16:35:24'),
(1411, 343, 'Advance Cash', 17000.00, NULL, NULL, '2026-01-12', NULL, 5, '2026-01-12 16:35:24'),
(1412, 343, 'Labour Charge', 1000.00, NULL, NULL, '2026-01-12', NULL, 5, '2026-01-12 16:35:24'),
(1413, 400, 'Billing Rate', 18000.00, 'Fixed', 18000.00, '2026-01-12', NULL, 5, '2026-01-12 16:36:35'),
(1414, 400, 'Lorry Hire', 17000.00, 'Fixed', 17000.00, '2026-01-12', NULL, 5, '2026-01-12 16:36:35'),
(1415, 400, 'Advance Cash', 12500.00, NULL, NULL, '2026-01-12', NULL, 5, '2026-01-12 16:36:35'),
(1416, 400, 'Labour Charge', 800.00, NULL, NULL, '2026-01-12', NULL, 5, '2026-01-12 16:36:35'),
(1417, 401, 'Billing Rate', 7000.00, 'Fixed', 7000.00, '2026-01-12', NULL, 5, '2026-01-12 16:37:42'),
(1418, 401, 'Lorry Hire', 6500.00, 'Fixed', 6500.00, '2026-01-12', NULL, 5, '2026-01-12 16:37:42'),
(1419, 401, 'Advance Cash', 4000.00, NULL, NULL, '2026-01-12', NULL, 5, '2026-01-12 16:37:42'),
(1420, 401, 'Labour Charge', 1000.00, NULL, NULL, '2026-01-12', NULL, 5, '2026-01-12 16:37:42'),
(1421, 508, 'Billing Rate', 46000.00, 'Fixed', 46000.00, '2026-01-14', NULL, 5, '2026-01-14 15:38:01'),
(1422, 508, 'Lorry Hire', 44000.00, 'Fixed', 44000.00, '2026-01-14', NULL, 5, '2026-01-14 15:38:01'),
(1423, 508, 'Advance Cash', 33000.00, NULL, NULL, '2026-01-14', NULL, 5, '2026-01-14 15:38:01'),
(1424, 520, 'Billing Rate', 45000.00, 'Fixed', 45000.00, '2026-01-15', NULL, 5, '2026-01-15 16:01:22'),
(1425, 520, 'Lorry Hire', 40000.00, 'Fixed', 40000.00, '2026-01-15', NULL, 5, '2026-01-15 16:01:22'),
(1426, 520, 'Advance Cash', 28000.00, NULL, NULL, '2026-01-15', NULL, 5, '2026-01-15 16:01:22'),
(1427, 520, 'Labour Charge', 1460.00, NULL, NULL, '2026-01-15', NULL, 5, '2026-01-15 16:01:22'),
(1428, 515, 'Billing Rate', 30000.00, 'Fixed', 30000.00, '2026-01-15', NULL, 5, '2026-01-15 16:02:55'),
(1429, 515, 'Lorry Hire', 29000.00, 'Fixed', 29000.00, '2026-01-15', NULL, 5, '2026-01-15 16:02:55'),
(1430, 515, 'Advance Cash', 20000.00, NULL, NULL, '2026-01-15', NULL, 5, '2026-01-15 16:02:55'),
(1431, 515, 'Labour Charge', 1200.00, NULL, NULL, '2026-01-15', NULL, 5, '2026-01-15 16:02:55'),
(1432, 509, 'Billing Rate', 11400.00, 'Fixed', 11400.00, '2026-01-15', NULL, 5, '2026-01-15 16:03:56'),
(1433, 509, 'Lorry Hire', 10500.00, 'Fixed', 10500.00, '2026-01-15', NULL, 5, '2026-01-15 16:03:56'),
(1434, 509, 'Advance Cash', 6000.00, NULL, NULL, '2026-01-15', NULL, 5, '2026-01-15 16:03:56'),
(1435, 509, 'Labour Charge', 800.00, NULL, NULL, '2026-01-15', NULL, 5, '2026-01-15 16:03:56'),
(1436, 510, 'Billing Rate', 25000.00, 'Fixed', 25000.00, '2026-01-15', NULL, 5, '2026-01-15 16:05:28'),
(1437, 510, 'Lorry Hire', 22000.00, 'Fixed', 22000.00, '2026-01-15', NULL, 5, '2026-01-15 16:05:28'),
(1438, 510, 'Advance Cash', 17450.00, NULL, NULL, '2026-01-15', NULL, 5, '2026-01-15 16:05:28'),
(1439, 510, 'Labour Charge', 1000.00, NULL, NULL, '2026-01-15', NULL, 5, '2026-01-15 16:05:28'),
(1440, 510, 'Dala Charge', 550.00, NULL, NULL, '2026-01-15', NULL, 5, '2026-01-15 16:05:28'),
(1441, 511, 'Billing Rate', 25500.00, 'Fixed', 25500.00, '2026-01-15', NULL, 5, '2026-01-15 16:06:44'),
(1442, 511, 'Lorry Hire', 24000.00, 'Fixed', 24000.00, '2026-01-15', NULL, 5, '2026-01-15 16:06:44'),
(1443, 511, 'Advance Cash', 14000.00, NULL, NULL, '2026-01-15', NULL, 5, '2026-01-15 16:06:44'),
(1444, 511, 'Labour Charge', 1000.00, NULL, NULL, '2026-01-15', NULL, 5, '2026-01-15 16:06:44'),
(1445, 49, 'Billing Rate', 20000.00, 'Fixed', 20000.00, '2026-01-16', NULL, 5, '2026-01-16 12:35:32'),
(1446, 49, 'Lorry Hire', 16000.00, 'Fixed', 16000.00, '2026-01-16', NULL, 5, '2026-01-16 12:35:32'),
(1447, 49, 'Advance Cash', 16000.00, NULL, NULL, '2026-01-16', NULL, 5, '2026-01-16 12:35:32'),
(1448, 50, 'Billing Rate', 0.00, 'Fixed', 0.00, '2026-01-16', NULL, 5, '2026-01-16 12:37:42'),
(1449, 50, 'Lorry Hire', 0.00, 'Fixed', 0.00, '2026-01-16', NULL, 5, '2026-01-16 12:37:42'),
(1450, 231, 'Billing Rate', 43000.00, 'Fixed', 43000.00, '2026-01-16', NULL, 5, '2026-01-16 12:40:02'),
(1451, 231, 'Lorry Hire', 41000.00, 'Fixed', 41000.00, '2026-01-16', NULL, 5, '2026-01-16 12:40:02'),
(1452, 231, 'Advance Cash', 27000.00, NULL, NULL, '2026-01-16', NULL, 5, '2026-01-16 12:40:02'),
(1453, 231, 'Labour Charge', 800.00, NULL, NULL, '2026-01-16', NULL, 5, '2026-01-16 12:40:02'),
(1454, 137, 'Billing Rate', 16000.00, 'Fixed', 16000.00, '2026-01-16', NULL, 5, '2026-01-16 15:14:16'),
(1455, 137, 'Lorry Hire', 15000.00, 'Fixed', 15000.00, '2026-01-16', NULL, 5, '2026-01-16 15:14:16'),
(1456, 137, 'Advance Cash', 13000.00, NULL, NULL, '2026-01-16', NULL, 5, '2026-01-16 15:14:16'),
(1457, 137, 'Labour Charge', 2000.00, NULL, NULL, '2026-01-16', NULL, 5, '2026-01-16 15:14:16');

-- --------------------------------------------------------

--
-- Table structure for table `shipment_tracking`
--

CREATE TABLE `shipment_tracking` (
  `id` int(11) NOT NULL,
  `shipment_id` int(11) NOT NULL,
  `location` varchar(255) NOT NULL,
  `remarks` text DEFAULT NULL,
  `updated_by_id` int(11) NOT NULL,
  `created_at` timestamp NOT NULL DEFAULT current_timestamp()
) ENGINE=InnoDB DEFAULT CHARSET=utf8mb4 COLLATE=utf8mb4_general_ci;

--
-- Dumping data for table `shipment_tracking`
--

INSERT INTO `shipment_tracking` (`id`, `shipment_id`, `location`, `remarks`, `updated_by_id`, `created_at`) VALUES
(1, 8, 'Nagaon', '', 5, '2025-10-04 19:29:44'),
(2, 7, 'Nagaon', '', 5, '2025-10-04 19:30:03'),
(3, 6, 'Nagaon', '', 5, '2025-10-04 19:30:13'),
(4, 5, 'Nagaon', '', 5, '2025-10-04 19:30:21'),
(5, 9, 'Silchar', '', 5, '2025-10-04 19:30:43'),
(6, 1, 'Tura', '', 5, '2025-10-04 19:31:58'),
(7, 2, 'Mankachar', '', 5, '2025-10-04 19:32:16'),
(8, 4, 'Choutaki', '', 5, '2025-10-04 19:32:34'),
(9, 3, 'Choutaki', '', 5, '2025-10-04 19:32:46'),
(10, 1, 'Tura', '', 5, '2025-10-04 19:33:28'),
(11, 2, 'Mankachar', '', 5, '2025-10-04 19:33:39'),
(12, 1, 'Tura', '', 5, '2025-10-04 19:33:48'),
(13, 2, 'Tura', '', 5, '2025-10-04 19:33:57'),
(14, 18, 'Tura', '', 3, '2025-10-08 08:19:06'),
(15, 18, 'Tura', '', 3, '2025-10-08 08:21:19'),
(16, 18, 'Tura', '', 3, '2025-10-08 08:21:53'),
(17, 18, 'Tura', '', 3, '2025-10-08 08:27:10'),
(18, 20, 'Ladrymbai', '', 3, '2025-10-08 08:28:26'),
(19, 19, 'Mankachar', '', 3, '2025-10-08 08:28:56'),
(20, 20, 'Ladrymbai', '', 3, '2025-10-08 08:29:40'),
(21, 19, 'Mankachar', '', 3, '2025-10-08 08:30:31'),
(22, 8, 'Teliamura', '', 3, '2025-10-08 08:32:11'),
(23, 16, 'Vairengte', '', 3, '2025-10-08 08:33:08'),
(24, 16, 'Vairengte', '', 3, '2025-10-08 08:33:36'),
(25, 9, 'Silchar', '', 3, '2025-10-08 08:35:24'),
(26, 9, 'Silchar', '', 3, '2025-10-08 08:35:53'),
(27, 9, 'Silchar', '', 3, '2025-10-08 08:36:21'),
(28, 16, 'Vairengte', '', 3, '2025-10-08 08:36:45'),
(29, 7, 'Silchar', '', 3, '2025-10-08 08:37:32'),
(30, 7, 'Silchar', '', 3, '2025-10-08 08:37:59'),
(31, 7, 'Silchar', '', 3, '2025-10-08 08:38:26'),
(32, 15, 'Katigorah', '', 3, '2025-10-08 08:39:04'),
(33, 17, 'Srirampur', '', 3, '2025-10-08 08:39:24'),
(34, 14, 'North Lakhimpur', '', 3, '2025-10-08 08:39:53'),
(35, 13, 'Phulbari', '', 3, '2025-10-08 08:40:18'),
(36, 12, 'Williamnagar', '', 3, '2025-10-08 08:40:33'),
(37, 10, 'Karimganj', '', 3, '2025-10-08 08:40:52'),
(38, 11, 'Tura', '', 3, '2025-10-08 08:41:03'),
(39, 15, 'Katigorah', '', 3, '2025-10-08 08:41:27'),
(40, 15, 'Katigorah', '', 3, '2025-10-08 08:41:52'),
(41, 17, 'Srirampur', '', 3, '2025-10-08 08:42:17'),
(42, 14, 'North Lakhimpur', '', 3, '2025-10-08 08:42:37'),
(43, 13, 'Phulbari', '', 3, '2025-10-08 08:42:59'),
(44, 12, 'Williamnagar', '', 3, '2025-10-08 08:43:18'),
(45, 11, 'Tura', '', 3, '2025-10-08 08:43:37'),
(46, 10, 'Karimganj', '', 3, '2025-10-08 08:43:53'),
(47, 10, 'Karimganj', '', 3, '2025-10-08 08:44:31'),
(48, 17, 'Srirampur', '', 3, '2025-10-08 08:44:54'),
(49, 15, 'Katigorah', '', 3, '2025-10-08 08:45:08'),
(50, 14, 'North Lakhimpur', '', 3, '2025-10-08 08:45:22'),
(51, 13, 'Phulbari', '', 3, '2025-10-08 08:45:39'),
(52, 12, 'Williamnagar', '', 3, '2025-10-08 08:45:57'),
(53, 11, 'Tura', '', 3, '2025-10-08 08:46:19'),
(54, 10, 'Karimganj', '', 3, '2025-10-08 08:46:34'),
(55, 6, 'Khanpui', '', 3, '2025-10-08 08:51:20'),
(56, 5, 'Khanpui', '', 3, '2025-10-08 08:51:45'),
(57, 22, 'Gauripur', '', 3, '2025-10-08 13:53:17'),
(58, 23, 'Gauripur', '', 3, '2025-10-09 06:11:26'),
(59, 8, 'Ranirbazar', '', 3, '2025-10-09 06:14:34'),
(60, 20, 'Ladrymbai', '', 3, '2025-10-09 06:15:03'),
(61, 19, 'Mankachar', '', 3, '2025-10-09 06:15:46'),
(62, 19, 'Mankachar', '', 3, '2025-10-09 06:16:11'),
(63, 24, 'Thimphu town', '', 3, '2025-10-10 02:09:06'),
(64, 20, 'Ladrymbai', '', 3, '2025-10-10 02:09:33'),
(65, 19, 'Mankachar', '', 3, '2025-10-10 02:09:54'),
(66, 8, 'Agartala', '', 3, '2025-10-10 02:10:17'),
(67, 24, 'Thimphu town', '', 3, '2025-10-10 02:10:39'),
(68, 24, 'Thimphu town', '', 3, '2025-10-10 02:10:54'),
(69, 30, 'Lamding', '', 3, '2025-10-10 04:47:31'),
(70, 29, 'Churaibari', '', 3, '2025-10-10 07:06:25'),
(71, 28, 'Churaibari', '', 3, '2025-10-10 07:06:41'),
(72, 27, 'Sapatgaram', '', 3, '2025-10-10 07:06:53'),
(73, 27, 'Sapatgaram', '', 3, '2025-10-10 07:07:24'),
(74, 27, 'Sapatgaram', '', 3, '2025-10-10 07:07:37'),
(75, 23, 'Srirampur', '', 3, '2025-10-10 07:08:12'),
(76, 22, 'North Lakhimpur', '', 3, '2025-10-10 07:10:17'),
(77, 6, 'Bawngkawn', '', 3, '2025-10-10 07:10:42'),
(78, 5, 'Rangvamual', '', 3, '2025-10-10 07:11:01'),
(79, 6, 'Bawngkawn', '', 3, '2025-10-10 07:11:16'),
(80, 5, 'Rangvamual', '', 3, '2025-10-10 07:11:40'),
(81, 5, 'Rangvamual', '', 3, '2025-10-10 07:11:59'),
(82, 4, 'Tura', '', 3, '2025-10-10 07:12:37'),
(83, 3, 'Hastingamari', '', 3, '2025-10-10 07:13:17'),
(84, 4, 'Tura', '', 3, '2025-10-10 07:13:33'),
(85, 3, 'Hastingamari', '', 3, '2025-10-10 07:13:58'),
(86, 21, 'Tura', '', 3, '2025-10-10 08:24:11'),
(87, 26, 'Tikrikilla', '', 3, '2025-10-10 08:24:29'),
(88, 25, 'Tura', '', 3, '2025-10-10 08:24:42'),
(89, 34, 'Guwahati', '', 3, '2025-10-10 14:26:14'),
(90, 23, 'Phuentsholing', '', 3, '2025-10-11 03:47:21'),
(91, 31, 'Silchar', '', 3, '2025-10-11 03:48:17'),
(92, 22, 'North Lakhimpur', '', 3, '2025-10-11 06:09:04'),
(93, 31, 'Silchar', '', 3, '2025-10-11 06:09:37'),
(94, 29, 'Kumarghat', '', 3, '2025-10-11 06:10:02'),
(95, 30, 'Maibong', '', 3, '2025-10-11 06:10:33'),
(96, 26, 'Tikrikilla', '', 3, '2025-10-11 06:11:02'),
(97, 25, 'Tura', '', 3, '2025-10-11 06:11:19'),
(98, 21, 'Tura', '', 3, '2025-10-11 06:11:36'),
(99, 31, 'Silchar', '', 3, '2025-10-11 06:11:56'),
(100, 29, 'Kumarghat', '', 3, '2025-10-11 06:12:08'),
(101, 26, 'Tikrikilla', '', 3, '2025-10-11 06:12:25'),
(102, 25, 'Tura', '', 3, '2025-10-11 06:12:36'),
(103, 21, 'Tura', '', 3, '2025-10-11 06:12:45'),
(104, 37, 'Bilasipara', '', 3, '2025-10-11 06:13:12'),
(105, 35, 'Dhubri', '', 3, '2025-10-11 06:13:34'),
(106, 36, 'Bongaigaon', '', 3, '2025-10-11 06:13:50'),
(107, 35, 'Dhubri', '', 3, '2025-10-11 06:14:14'),
(108, 35, 'Dhubri', '', 3, '2025-10-11 06:14:30'),
(109, 35, 'Dhubri', '', 3, '2025-10-11 06:14:49'),
(110, 38, 'Jorhat', '', 3, '2025-10-11 06:37:40'),
(111, 37, 'Bilasipara', '', 3, '2025-10-11 06:44:29'),
(112, 38, 'Jorhat', '', 3, '2025-10-11 06:44:47'),
(113, 37, 'Bilasipara', '', 3, '2025-10-11 06:44:58'),
(114, 36, 'Bongaigaon', '', 3, '2025-10-11 06:45:12'),
(115, 36, 'Bongaigaon', '', 3, '2025-10-11 06:45:24'),
(116, 34, 'Shilong', '', 3, '2025-10-11 14:55:53'),
(117, 34, 'Malidor', '', 3, '2025-10-12 09:12:40'),
(118, 38, 'Sonari', '', 3, '2025-10-12 09:12:56'),
(119, 28, 'Udaipur', '', 3, '2025-10-12 09:13:13'),
(120, 38, 'Sonari', '', 3, '2025-10-12 09:13:24'),
(121, 28, 'Udaipur', '', 3, '2025-10-12 09:13:35'),
(122, 30, 'Silchar', '', 3, '2025-10-12 13:12:11'),
(123, 40, 'Silchar', '', 3, '2025-10-12 13:12:28'),
(124, 39, 'Mankachar', '', 3, '2025-10-12 13:12:48'),
(125, 33, 'Dudhnoi', '', 3, '2025-10-12 13:13:04'),
(126, 32, 'Barengapara', '', 3, '2025-10-12 13:13:26'),
(127, 33, 'Dudhnoi', '', 3, '2025-10-12 13:13:42'),
(128, 33, 'Dudhnoi', '', 3, '2025-10-12 13:13:52'),
(129, 34, 'Khanpui', '', 3, '2025-10-13 09:46:30'),
(130, 32, 'Barengapara', '', 3, '2025-10-13 09:47:04'),
(131, 40, 'Silchar', '', 3, '2025-10-14 07:39:06'),
(132, 39, 'Mankachar', '', 3, '2025-10-14 07:39:20'),
(133, 30, 'Karimganj', '', 3, '2025-10-14 07:39:36'),
(134, 46, 'Karupetia', '', 3, '2025-10-14 07:40:01'),
(135, 45, 'Williamnagar', '', 3, '2025-10-14 07:40:15'),
(136, 34, 'Sairang', '', 3, '2025-10-15 06:07:22'),
(137, 40, 'Silchar', '', 3, '2025-10-15 06:07:35'),
(138, 39, 'Mankachar', '', 3, '2025-10-15 06:07:49'),
(139, 32, 'Barengapara', '', 3, '2025-10-15 06:08:01'),
(140, 30, 'Karimganj', '', 3, '2025-10-15 06:08:14'),
(141, 52, 'Bongaigaon', '', 3, '2025-10-15 06:08:41'),
(142, 51, 'Lumding', '', 3, '2025-10-15 06:09:57'),
(143, 52, 'Bongaigaon', '', 3, '2025-10-15 06:10:34'),
(144, 54, 'Hastingamari', '', 3, '2025-10-15 06:11:40'),
(145, 54, 'Hastingamari', '', 3, '2025-10-15 11:33:01'),
(146, 52, 'Bongaigaon', '', 3, '2025-10-15 11:33:35'),
(147, 54, 'Hastingamari', '', 3, '2025-10-15 11:34:11'),
(148, 46, 'Biswanath charali', '', 3, '2025-10-15 11:34:43'),
(149, 45, 'Williamnagar', '', 3, '2025-10-15 11:35:07'),
(150, 52, 'Bongaigaon', '', 3, '2025-10-15 11:35:29'),
(151, 45, 'Williamnagar', '', 3, '2025-10-15 11:35:45'),
(152, 56, 'Karimganj', '', 3, '2025-10-15 11:36:11'),
(153, 55, 'Krishnai', '', 3, '2025-10-15 11:36:31'),
(154, 53, 'Srirampur', '', 3, '2025-10-15 11:36:47'),
(155, 44, 'Tura', '', 3, '2025-10-15 11:37:19'),
(156, 43, 'Phulbari', '', 3, '2025-10-15 11:37:32'),
(157, 42, 'Mahendraganj', '', 3, '2025-10-15 11:37:59'),
(158, 41, 'Karimganj', '', 3, '2025-10-15 11:38:14'),
(159, 47, 'Tura', '', 3, '2025-10-15 11:38:27'),
(160, 48, 'Tura', '', 3, '2025-10-15 11:38:39'),
(161, 56, 'Karimganj', '', 3, '2025-10-15 11:39:02'),
(162, 55, 'Krishnai', '', 3, '2025-10-15 11:39:26'),
(163, 53, 'Srirampur', '', 3, '2025-10-15 11:39:40'),
(164, 48, 'Tura', '', 3, '2025-10-15 11:39:55'),
(165, 47, 'Tura', '', 3, '2025-10-15 11:40:08'),
(166, 44, 'Tura', '', 3, '2025-10-15 11:40:23'),
(167, 43, 'Phulbari', '', 3, '2025-10-15 11:40:39'),
(168, 42, 'Mahendraganj', '', 3, '2025-10-15 11:41:00'),
(169, 41, 'Karimganj', '', 3, '2025-10-15 11:41:22'),
(170, 53, 'Srirampur', '', 3, '2025-10-15 11:41:57'),
(171, 51, 'Haflong', '', 3, '2025-10-16 07:41:02'),
(172, 60, 'Haflong', '', 3, '2025-10-16 07:43:29'),
(173, 56, 'Karimganj', '', 3, '2025-10-16 07:43:44'),
(174, 55, 'Krishnai', '', 3, '2025-10-16 07:43:54'),
(175, 54, 'Hastingamari', '', 3, '2025-10-16 07:44:10'),
(176, 48, 'Tura', '', 3, '2025-10-16 07:44:19'),
(177, 47, 'Tura', '', 3, '2025-10-16 07:44:28'),
(178, 48, 'Tura', '', 3, '2025-10-16 07:44:44'),
(179, 44, 'Tura', '', 3, '2025-10-16 07:44:58'),
(180, 43, 'Phulbari', '', 3, '2025-10-16 07:45:08'),
(181, 42, 'Mahendraganj', '', 3, '2025-10-16 07:45:19'),
(182, 41, 'Karimganj', '', 3, '2025-10-16 07:45:29'),
(183, 61, 'Teliamura', '', 3, '2025-10-16 10:36:58'),
(184, 59, 'Howly', '', 3, '2025-10-16 10:37:09'),
(185, 58, 'Sapatgaram', '', 3, '2025-10-16 10:37:22'),
(186, 57, 'Mankachar', '', 3, '2025-10-16 10:37:32'),
(187, 50, 'Singimari', '', 3, '2025-10-16 10:37:51'),
(188, 49, 'Singimari', '', 3, '2025-10-16 10:38:01'),
(189, 46, 'Biswanath charali', '', 3, '2025-10-16 10:38:15'),
(190, 59, 'Howly', '', 3, '2025-10-16 10:38:34'),
(191, 58, 'Sapatgaram', '', 3, '2025-10-16 10:38:50'),
(192, 57, 'Mankachar', '', 3, '2025-10-16 10:39:03'),
(193, 59, 'Howly', '', 3, '2025-10-16 10:39:18'),
(194, 58, 'Sapatgaram', '', 3, '2025-10-16 10:39:30'),
(195, 57, 'Mankachar', '', 3, '2025-10-16 10:39:39'),
(196, 68, 'Maibong', '', 3, '2025-10-17 07:51:19'),
(197, 68, 'Bhaga Bazar', '', 3, '2025-10-17 07:52:12'),
(198, 67, 'Maibong', '', 3, '2025-10-17 07:52:23'),
(199, 66, 'Maibong', '', 3, '2025-10-17 07:52:32'),
(200, 65, 'Maibong', '', 3, '2025-10-17 07:52:40'),
(201, 63, 'Lakhipur', '', 3, '2025-10-17 07:53:05'),
(202, 62, 'Bilasipara', '', 3, '2025-10-17 07:53:14'),
(203, 63, 'Lakhipur', '', 3, '2025-10-17 07:54:09'),
(204, 61, 'Champaknagar', '', 3, '2025-10-17 07:54:38'),
(205, 61, 'Champaknagar', '', 3, '2025-10-17 07:55:04'),
(206, 68, 'Bhaga Bazar', '', 3, '2025-10-17 11:28:25'),
(207, 51, 'Kolasib', '', 3, '2025-10-17 11:28:59'),
(208, 67, 'Silchar', '', 3, '2025-10-19 04:16:05'),
(209, 62, 'Bilasipara', '', 3, '2025-10-19 04:16:33'),
(210, 60, 'Churaibari', '', 3, '2025-10-19 04:16:50'),
(211, 50, 'Singimari', '', 3, '2025-10-19 04:17:15'),
(212, 34, 'Saiha', '', 3, '2025-10-19 04:17:40'),
(213, 68, 'Bhaga Bazar', '', 3, '2025-10-19 04:17:53'),
(214, 67, 'Silchar', '', 3, '2025-10-19 04:18:02'),
(215, 63, 'Lakhipur', '', 3, '2025-10-19 04:18:12'),
(216, 62, 'Bilasipara', '', 3, '2025-10-19 04:18:21'),
(217, 50, 'Singimari', '', 3, '2025-10-19 04:18:32'),
(218, 34, 'Sahia', '', 3, '2025-10-19 04:18:42'),
(219, 71, 'Sivsagar', '', 3, '2025-10-19 04:19:05'),
(220, 71, 'Sivsagar', '', 3, '2025-10-19 04:19:18'),
(221, 71, 'Sivsagar', '', 3, '2025-10-19 04:19:30'),
(222, 69, 'Phulbari', '', 3, '2025-10-19 04:19:48'),
(223, 64, 'Sonari', '', 3, '2025-10-19 04:20:30'),
(224, 60, 'Udaipur', '', 3, '2025-10-19 04:26:24'),
(225, 69, 'Phulbari', '', 3, '2025-10-19 04:26:41'),
(226, 64, 'Sonari', '', 3, '2025-10-19 04:26:57'),
(227, 69, 'Phulbari', '', 3, '2025-10-19 04:27:07'),
(228, 64, 'Sonari', '', 3, '2025-10-19 04:27:17'),
(229, 75, 'Moranhat', '', 3, '2025-10-22 05:42:04'),
(230, 74, 'Abdullapur', '', 3, '2025-10-22 05:42:20'),
(231, 73, 'Gandacherra', '', 3, '2025-10-22 05:42:32'),
(232, 72, 'Dhubri', '', 3, '2025-10-22 05:42:42'),
(233, 70, 'Kalacherra', '', 3, '2025-10-22 05:43:12'),
(234, 60, 'Udaipur', '', 3, '2025-10-22 05:43:27'),
(235, 75, 'Moranhat', '', 3, '2025-10-22 05:43:49'),
(236, 74, 'Abdullapur', '', 3, '2025-10-22 05:43:59'),
(237, 73, 'Gandacherra', '', 3, '2025-10-22 05:44:10'),
(238, 72, 'Dhubri', '', 3, '2025-10-22 05:44:21'),
(239, 70, 'Kalacherra', '', 3, '2025-10-22 05:44:31'),
(240, 66, 'Kolasib', '', 3, '2025-10-22 05:44:43'),
(241, 65, 'Dharmanagar', '', 3, '2025-10-22 05:45:05'),
(242, 51, 'Lunglie', '', 3, '2025-10-22 05:45:19'),
(243, 49, 'Siliguri', '', 3, '2025-10-22 05:45:32'),
(244, 75, 'Moranhat', '', 3, '2025-10-22 05:46:59'),
(245, 74, 'Abdullapur', '', 3, '2025-10-22 05:47:08'),
(246, 73, 'Gandacherra', '', 3, '2025-10-22 05:47:17'),
(247, 72, 'Dhubri', '', 3, '2025-10-22 05:47:26'),
(248, 70, 'Kalacherra', '', 3, '2025-10-22 05:47:37'),
(249, 66, 'Kolasib', '', 3, '2025-10-22 05:47:44'),
(250, 65, 'Dharmanagar', '', 3, '2025-10-22 05:47:59'),
(251, 51, 'Lunglie', '', 3, '2025-10-22 05:48:09'),
(252, 88, 'Maibong', '', 3, '2025-10-25 05:57:28'),
(253, 87, 'Maibong', '', 3, '2025-10-25 05:58:57'),
(254, 86, 'Maibong', '', 3, '2025-10-25 05:59:22'),
(255, 84, 'Mankachar', '', 3, '2025-10-25 05:59:53'),
(256, 83, 'Hailakandi', '', 3, '2025-10-25 06:00:15'),
(257, 82, 'Agartala', '', 3, '2025-10-25 06:01:10'),
(258, 81, 'Agartala', '', 3, '2025-10-25 06:01:32'),
(259, 80, 'Bagmara', '', 3, '2025-10-25 06:01:48'),
(260, 79, 'Tura', '', 3, '2025-10-25 06:02:05'),
(261, 78, 'Garobada', '', 3, '2025-10-25 06:02:29'),
(262, 77, 'Williamnagar', '', 3, '2025-10-25 06:02:47'),
(263, 76, 'Tura', '', 3, '2025-10-25 06:02:59'),
(264, 85, 'Shirampur', '', 3, '2025-10-25 06:03:12'),
(265, 85, 'Shirampur', '', 3, '2025-10-25 06:04:21'),
(266, 49, 'Siliguri', '', 3, '2025-10-25 06:04:56'),
(267, 85, 'Shirampur', '', 3, '2025-10-25 06:05:16'),
(268, 84, 'Mankachar', '', 3, '2025-10-25 06:05:51'),
(269, 83, 'Hailakandi', '', 3, '2025-10-25 06:06:14'),
(270, 80, 'Bagmara', '', 3, '2025-10-25 06:06:39'),
(271, 84, 'Mankachar', '', 3, '2025-10-25 06:06:52'),
(272, 83, 'Hailakandi', '', 3, '2025-10-25 06:07:01'),
(273, 80, 'Bagmara', '', 3, '2025-10-25 06:07:10'),
(274, 97, 'Hastingamari', '', 3, '2025-10-27 12:05:01'),
(275, 98, 'Kolasib', '', 3, '2025-10-27 12:05:42'),
(276, 107, 'Digarkhal', '', 3, '2025-10-28 05:51:18'),
(277, 97, 'Hastingamari', '', 3, '2025-10-29 06:50:01'),
(278, 88, 'Karimganj', '', 3, '2025-10-29 06:50:31'),
(279, 87, 'Khowai', '', 3, '2025-10-29 06:50:46'),
(280, 86, 'Belonia', '', 3, '2025-10-29 06:51:03'),
(281, 82, 'Udaipur', '', 3, '2025-10-29 06:51:32'),
(282, 81, 'Tulamura', '', 3, '2025-10-29 06:51:51'),
(283, 79, 'Tura', '', 3, '2025-10-29 06:52:04'),
(284, 78, 'Garobadha', '', 3, '2025-10-29 06:52:21'),
(285, 77, 'Williamnagar', '', 3, '2025-10-29 06:52:35'),
(286, 76, 'Tura', '', 3, '2025-10-29 06:52:46'),
(287, 97, 'Hastingamari', '', 3, '2025-10-29 06:53:01'),
(288, 88, 'Karimganj', '', 3, '2025-10-29 06:53:09'),
(289, 87, 'Khowai', '', 3, '2025-10-29 06:53:18'),
(290, 86, 'Belonia', '', 3, '2025-10-29 06:53:27'),
(291, 82, 'Udaipur', '', 3, '2025-10-29 06:53:37'),
(292, 81, 'Tulamura', '', 3, '2025-10-29 06:53:47'),
(293, 79, 'Tura', '', 3, '2025-10-29 06:53:56'),
(294, 78, 'Garobadha', '', 3, '2025-10-29 06:54:04'),
(295, 77, 'Williamnagar', '', 3, '2025-10-29 06:54:15'),
(296, 76, 'Tura', '', 3, '2025-10-29 06:54:24'),
(297, 113, 'Srirampur', '', 3, '2025-10-29 06:55:00'),
(298, 106, 'Maibong', '', 3, '2025-10-29 06:56:27'),
(299, 105, 'Kumarghat', '', 3, '2025-10-29 06:56:47'),
(300, 104, 'Mendhipathar', '', 3, '2025-10-29 06:57:02'),
(301, 103, 'Mendhipathar', '', 3, '2025-10-29 06:57:16'),
(302, 102, 'Mankachar', '', 3, '2025-10-29 06:57:27'),
(303, 101, 'Hastingamari', '', 3, '2025-10-29 06:57:38'),
(304, 100, 'Silchar', '', 3, '2025-10-29 06:57:51'),
(305, 99, 'Gohpur', '', 3, '2025-10-29 06:58:06'),
(306, 96, 'Aizwal', '', 3, '2025-10-29 07:03:31'),
(307, 95, 'Bilasipara', '', 3, '2025-10-29 07:04:09'),
(308, 94, 'Sapatgaram', '', 3, '2025-10-29 07:04:18'),
(309, 93, 'Sivsagar', '', 3, '2025-10-29 07:04:29'),
(310, 92, 'Barengapara', '', 3, '2025-10-29 07:04:41'),
(311, 91, 'Dharmanagar', '', 3, '2025-10-29 07:04:50'),
(312, 90, 'Tura', '', 3, '2025-10-29 07:04:57'),
(313, 89, 'Phulbari', '', 3, '2025-10-29 07:05:05'),
(314, 104, 'Mendhipathar', '', 3, '2025-10-29 07:31:06'),
(315, 103, 'Mendhipathar', '', 3, '2025-10-29 07:31:26'),
(316, 102, 'Mankachar', '', 3, '2025-10-29 07:31:51'),
(317, 101, 'Hastingamari', '', 3, '2025-10-29 07:35:00'),
(318, 99, 'Gohpur', '', 3, '2025-10-29 07:35:19'),
(319, 98, 'Aizwal', '', 3, '2025-10-29 07:36:00'),
(320, 113, 'Srirampur', '', 3, '2025-10-29 07:36:20'),
(321, 117, 'Tikrikilla', '', 3, '2025-10-30 09:11:41'),
(322, 109, 'Mankachar', '', 3, '2025-10-30 09:11:54'),
(323, 108, 'Kolasib', '', 3, '2025-10-30 09:12:07'),
(324, 115, 'Sonari', '', 3, '2025-10-30 09:12:31'),
(325, 110, 'Karimganj', '', 3, '2025-10-30 09:12:45'),
(326, 113, 'Srirampur', '', 3, '2025-10-30 09:13:01'),
(327, 104, 'Mendhipathar', '', 3, '2025-10-30 09:13:09'),
(328, 102, 'Mankachar', '', 3, '2025-10-30 09:13:21'),
(329, 101, 'Hastingamari', '', 3, '2025-10-30 09:13:31'),
(330, 99, 'Gohpur', '', 3, '2025-10-30 09:13:41'),
(331, 117, 'Tikrikilla', '', 3, '2025-10-30 09:13:51'),
(332, 117, 'Tikrikilla', '', 3, '2025-10-30 09:14:07'),
(333, 110, 'Karimganj', '', 3, '2025-10-30 09:14:36'),
(334, 109, 'Mankachar', '', 3, '2025-10-30 09:14:49'),
(335, 115, 'Sonari', '', 3, '2025-10-30 09:15:09'),
(336, 105, 'Kakraban', '', 3, '2025-10-30 09:15:38'),
(337, 100, 'Silchar', '', 3, '2025-10-30 09:15:57'),
(338, 95, 'Bilasipara', '', 3, '2025-10-30 09:16:18'),
(339, 94, 'Sapatgaram', '', 3, '2025-10-30 09:16:37'),
(340, 93, 'Sivsagar', '', 3, '2025-10-30 09:16:54'),
(341, 92, 'Barengapara', '', 3, '2025-10-30 09:17:19'),
(342, 109, 'Mankachar', '', 3, '2025-10-30 09:17:35'),
(343, 115, 'Sonari', '', 3, '2025-10-30 09:17:47'),
(344, 105, 'Kakraban', '', 3, '2025-10-30 09:18:01'),
(345, 103, 'Mendhipathar', '', 3, '2025-10-30 09:18:18'),
(346, 95, 'Bilasipara', '', 3, '2025-10-30 09:18:30'),
(347, 100, 'Silchar', '', 3, '2025-10-30 09:18:54'),
(348, 117, 'Tikrikilla', '', 3, '2025-11-01 05:25:11'),
(349, 110, 'Karimganj', '', 3, '2025-11-01 05:25:25'),
(350, 94, 'Sapatgaram', '', 3, '2025-11-01 05:25:34'),
(351, 93, 'Sivsagar', '', 3, '2025-11-01 05:25:44'),
(352, 92, 'Barengapara', '', 3, '2025-11-01 05:25:56'),
(353, 91, 'Dharmanagar', '', 3, '2025-11-01 05:26:40'),
(354, 91, 'Dharmanagar', '', 3, '2025-11-01 05:26:54'),
(355, 127, 'Dudhnoi', '', 3, '2025-11-01 06:01:59'),
(356, 125, 'Rongram', '', 3, '2025-11-01 06:02:16'),
(357, 124, 'Kokrajhar', '', 3, '2025-11-01 06:02:29'),
(358, 123, 'Dharmanagar', '', 3, '2025-11-01 06:02:42'),
(359, 122, 'Silchar', '', 3, '2025-11-01 06:02:53'),
(360, 121, 'Barengapara', '', 3, '2025-11-01 06:03:01'),
(361, 120, 'Phulbari', '', 3, '2025-11-01 06:03:10'),
(362, 119, 'Williamnagar', '', 3, '2025-11-01 06:03:19'),
(363, 118, 'Digarkhal', '', 3, '2025-11-01 06:05:19'),
(364, 116, 'Lumding', '', 3, '2025-11-01 06:05:47'),
(365, 114, 'Lumding', '', 3, '2025-11-01 06:06:01'),
(366, 112, 'Mahendraganj', '', 3, '2025-11-01 06:06:09'),
(367, 111, 'Tura', '', 3, '2025-11-01 06:06:16'),
(368, 126, 'Tura', '', 3, '2025-11-01 06:06:23'),
(369, 126, 'Tura', '', 3, '2025-11-01 06:06:58'),
(370, 125, 'Rongram', '', 3, '2025-11-01 06:07:11'),
(371, 125, 'Rongram', '', 3, '2025-11-01 06:07:25'),
(372, 124, 'Kokrajhar', '', 3, '2025-11-01 06:07:35'),
(373, 123, 'Dharmanagar', '', 3, '2025-11-01 06:07:53'),
(374, 123, 'Dharmanagar', '', 3, '2025-11-01 06:08:05'),
(375, 122, 'Silchar', '', 3, '2025-11-01 06:08:14'),
(376, 121, 'Barengapara', '', 3, '2025-11-01 06:08:29'),
(377, 120, 'Phulbari', '', 3, '2025-11-01 06:18:45'),
(378, 119, 'Williamnagar', '', 3, '2025-11-01 06:18:57'),
(379, 111, 'Tura', '', 3, '2025-11-01 06:19:24'),
(380, 112, 'Mahendraganj', '', 3, '2025-11-01 06:19:47'),
(381, 124, 'Kokrajhar', '', 3, '2025-11-01 06:20:14'),
(382, 123, 'Dharmanagar', '', 3, '2025-11-01 06:20:25'),
(383, 122, 'Silchar', '', 3, '2025-11-01 06:20:40'),
(384, 121, 'Barengapara', '', 3, '2025-11-01 06:20:50'),
(385, 120, 'Phulbari', '', 3, '2025-11-01 06:21:06'),
(386, 119, 'Williamnagar', '', 3, '2025-11-01 06:21:17'),
(387, 111, 'Tura', '', 3, '2025-11-01 06:21:33'),
(388, 112, 'Mahendraganj', '', 3, '2025-11-01 06:21:44'),
(389, 126, 'Tura', '', 3, '2025-11-02 16:51:44'),
(390, 125, 'Rongram', '', 3, '2025-11-02 16:51:54'),
(391, 127, 'Dudhnoi', '', 3, '2025-11-02 16:52:08'),
(392, 133, 'Bilasipara', '', 3, '2025-11-02 16:52:45'),
(393, 132, 'Mankachar', '', 3, '2025-11-02 16:52:58'),
(394, 131, 'Gohpur', '', 3, '2025-11-02 16:53:13'),
(395, 130, 'Belonia', '', 3, '2025-11-02 16:53:28'),
(396, 129, 'Srirampur', '', 3, '2025-11-02 16:53:38'),
(397, 128, 'Barpeta town', '', 3, '2025-11-02 16:53:56'),
(398, 133, 'Bilasipara', '', 3, '2025-11-02 16:54:08'),
(399, 132, 'Mankachar', '', 3, '2025-11-02 16:54:20'),
(400, 131, 'Gohpur', '', 3, '2025-11-02 16:54:34'),
(401, 129, 'Srirampur', '', 3, '2025-11-02 16:54:46'),
(402, 128, 'Barpeta town', '', 3, '2025-11-02 16:54:58'),
(403, 130, 'Belonia', '', 3, '2025-11-02 16:55:10'),
(404, 133, 'Bilasipara', '', 3, '2025-11-02 16:55:23'),
(405, 132, 'Mankachar', '', 3, '2025-11-02 16:55:33'),
(406, 129, 'Srirampur', '', 3, '2025-11-02 16:55:46'),
(407, 128, 'Barpeta town', '', 3, '2025-11-02 16:56:17'),
(408, 127, 'Dudhnoi', '', 3, '2025-11-02 16:56:25'),
(409, 90, 'Tura', '', 3, '2025-11-03 07:34:38'),
(410, 106, 'Silchar', '', 3, '2025-11-03 07:35:08'),
(411, 89, 'Phulbari', '', 3, '2025-11-03 07:35:52'),
(412, 89, 'Phulbari', '', 3, '2025-11-03 07:37:08'),
(413, 90, 'Tura', '', 3, '2025-11-03 07:37:24'),
(414, 130, 'Belonia', '', 3, '2025-11-03 07:37:50'),
(415, 106, 'Silchar', '', 3, '2025-11-03 07:38:15'),
(416, 114, 'Churaibari', '', 3, '2025-11-03 08:02:24'),
(417, 107, 'Kolashib', '', 3, '2025-11-03 08:03:16'),
(418, 108, 'Lunglei', '', 3, '2025-11-03 08:04:03'),
(419, 116, 'Aizawl', '', 3, '2025-11-03 08:04:31'),
(420, 118, 'Lunglei', '', 3, '2025-11-03 08:05:37'),
(421, 98, 'Lunglei', '', 3, '2025-11-03 08:10:35'),
(422, 98, 'Lunglei', '', 3, '2025-11-03 08:10:50'),
(423, 131, 'Gohpur', '', 3, '2025-11-03 09:25:15'),
(424, 134, 'GUWAHATI', '', 3, '2025-11-03 09:25:35'),
(425, 135, 'Mankachar', '', 3, '2025-11-03 09:26:17'),
(426, 136, 'Tura', '', 3, '2025-11-03 09:26:30'),
(427, 137, 'Guwahati', '', 3, '2025-11-03 11:19:00'),
(428, 127, 'Dudhnoi', '', 3, '2025-11-03 11:51:22'),
(429, 139, 'Guwahati', '', 3, '2025-11-04 06:38:17'),
(430, 138, 'Silchar', '', 3, '2025-11-04 06:38:31'),
(431, 138, 'Silchar', '', 3, '2025-11-04 06:38:50'),
(432, 136, 'Tura', '', 3, '2025-11-04 06:39:07'),
(433, 135, 'Mankachar', '', 3, '2025-11-04 06:39:25'),
(434, 118, 'Lunglie', '', 3, '2025-11-04 06:39:45'),
(435, 138, 'Katigorah', '', 3, '2025-11-04 06:40:06'),
(436, 136, 'Tura', '', 3, '2025-11-04 06:40:15'),
(437, 135, 'Mankachar', '', 3, '2025-11-04 06:40:23'),
(438, 118, 'Lunglie', '', 3, '2025-11-04 06:40:55'),
(439, 134, 'Lumding', '', 3, '2025-11-04 07:18:07'),
(440, 114, 'Agartala', '', 3, '2025-11-04 07:37:23'),
(441, 108, 'Lunglie', '', 3, '2025-11-04 07:37:52'),
(442, 137, 'Bilasipara', '', 3, '2025-11-04 07:41:46'),
(443, 96, 'Lunglei', '', 3, '2025-11-04 08:41:33'),
(444, 96, 'Lunglei', '', 3, '2025-11-04 08:41:58'),
(445, 107, 'Lunglei', '', 3, '2025-11-04 08:43:20'),
(446, 116, 'Lunglei', '', 3, '2025-11-04 08:45:22'),
(447, 108, 'Lunglei', '', 3, '2025-11-04 08:46:14'),
(448, 140, 'JAMURIA', 'NOW AT UNLOADING POINT', 4, '2025-11-04 12:45:23'),
(449, 140, 'GHAZIABAD', '', 4, '2025-11-04 15:21:59'),
(450, 140, 'GHAZIABAD', '', 4, '2025-11-04 15:22:18'),
(451, 144, 'GHAZIABAD', '', 4, '2025-11-05 09:12:39'),
(452, 145, 'FARIDABAD', '', 4, '2025-11-05 09:13:03'),
(453, 146, 'GHAZIABAD', '', 4, '2025-11-05 09:13:28'),
(454, 144, 'GHAZIABAD', '', 4, '2025-11-05 09:13:56'),
(455, 145, 'FARIDABAD', '', 4, '2025-11-05 09:14:07'),
(456, 146, 'GHAZIABAD', '80 KG SHORTAGE', 4, '2025-11-05 09:14:33'),
(457, 144, 'GHAZIABAD', '', 4, '2025-11-05 09:14:53'),
(458, 145, 'FARIDABAD', '', 4, '2025-11-05 09:15:06'),
(459, 146, 'GHAZIABAD', '', 4, '2025-11-05 09:15:29'),
(460, 143, 'KASHIPUR', '', 4, '2025-11-05 09:17:56'),
(461, 143, 'KASHIPUR', '', 4, '2025-11-05 09:18:12'),
(462, 143, 'KASHIPUR', '', 4, '2025-11-05 09:18:24'),
(463, 152, 'Dharmanagar', '', 5, '2025-11-05 10:27:30'),
(464, 153, 'Guwahati', '', 5, '2025-11-05 10:34:13'),
(465, 141, 'Choutaki', '', 5, '2025-11-05 10:34:59'),
(466, 141, 'Agia', '', 5, '2025-11-05 10:36:14'),
(467, 142, 'Hastingamari', '', 3, '2025-11-05 10:36:32'),
(468, 142, 'Hastingamari', '', 3, '2025-11-05 10:37:01'),
(469, 137, 'Siliguri', '', 3, '2025-11-05 10:37:27'),
(470, 137, 'Siliguri', '', 3, '2025-11-05 10:37:39'),
(471, 141, 'Phulbari', '', 5, '2025-11-05 10:38:37'),
(472, 141, 'Phulbari', '', 5, '2025-11-05 10:39:26'),
(473, 116, 'Laungtalai', '', 3, '2025-11-05 10:40:13'),
(474, 116, 'Laungtalai', '', 3, '2025-11-05 10:40:28'),
(475, 142, 'Hastingamari', '', 3, '2025-11-05 10:40:40'),
(476, 114, 'Nalchar', '', 3, '2025-11-05 10:59:17'),
(477, 114, 'Nalchar', '', 3, '2025-11-05 10:59:27'),
(478, 107, 'Lunglie', '', 3, '2025-11-05 11:02:27'),
(479, 134, 'Haflong', '', 3, '2025-11-05 11:03:01'),
(480, 154, 'Choutaki', '', 3, '2025-11-05 12:10:29'),
(481, 159, 'Choutaki', '', 3, '2025-11-05 14:08:05'),
(482, 158, 'Gauripur', '', 3, '2025-11-05 14:08:53'),
(483, 157, 'Gauripur', '', 3, '2025-11-05 14:09:12'),
(484, 160, 'Gauripur', '', 3, '2025-11-06 04:16:33'),
(485, 107, 'Lunglie', '', 3, '2025-11-06 04:16:47'),
(486, 159, 'Tura', '', 3, '2025-11-06 06:50:17'),
(487, 154, 'Tura', '', 3, '2025-11-06 06:50:54'),
(488, 158, 'Gohpur', '', 3, '2025-11-06 06:52:08'),
(489, 152, 'Kumarghat', '', 3, '2025-11-06 06:53:18'),
(490, 152, 'Kumarghat', '', 3, '2025-11-06 06:53:34'),
(491, 160, 'Sonapur', '', 3, '2025-11-06 06:56:38'),
(492, 157, 'Sivsagar', '', 3, '2025-11-06 07:00:17'),
(493, 139, 'Guwahati', '', 3, '2025-11-06 08:44:28'),
(494, 153, 'Guwahati', '', 3, '2025-11-06 08:45:31'),
(495, 134, 'Haflong', 'Road blocked', 3, '2025-11-06 08:46:54'),
(496, 158, 'Gohpur', '', 3, '2025-11-06 12:01:26'),
(497, 159, 'Tura', '', 3, '2025-11-07 06:06:29'),
(498, 154, 'Tura', '', 3, '2025-11-07 06:08:29'),
(499, 161, 'Lakhipur', '', 3, '2025-11-07 06:09:15'),
(500, 157, 'Tinsukia', '', 3, '2025-11-07 06:10:11'),
(501, 162, 'Choutaki', '', 3, '2025-11-07 06:11:16'),
(502, 162, 'Birangapara', '', 3, '2025-11-07 06:11:52'),
(503, 162, 'Birangapara', '', 3, '2025-11-07 06:12:15'),
(504, 153, 'Lumding', '', 3, '2025-11-07 06:15:13'),
(505, 134, 'Silchar', '', 3, '2025-11-07 06:15:39'),
(506, 160, 'North Lakhimpur', '', 3, '2025-11-07 07:09:31'),
(507, 161, 'Lakhipur', '', 3, '2025-11-07 07:27:15'),
(508, 161, 'Lakhipur', '', 3, '2025-11-07 07:27:33'),
(509, 139, 'Guwahati', '', 3, '2025-11-07 07:31:48'),
(510, 157, 'Tinsukia', '', 3, '2025-11-07 11:01:18'),
(511, 172, 'Silchar', '', 3, '2025-11-08 03:03:59'),
(512, 160, 'Kamlabari', '', 8, '2025-11-08 05:45:11'),
(513, 170, 'Srirampur', '', 3, '2025-11-08 05:51:59'),
(514, 169, 'Sapatgaram', '', 3, '2025-11-08 05:52:49'),
(515, 170, 'Srirampur', '', 3, '2025-11-08 05:53:05'),
(516, 169, 'Sapatgaram', '', 3, '2025-11-08 05:53:22'),
(517, 170, 'Srirampur', '', 3, '2025-11-08 05:53:32'),
(518, 169, 'Sapatgaram', '', 3, '2025-11-08 05:53:42'),
(519, 139, 'Silchar', '', 8, '2025-11-08 06:00:20'),
(520, 173, 'Nelie', '', 8, '2025-11-08 06:08:03'),
(521, 134, 'Aizwal', '', 8, '2025-11-08 06:27:02'),
(522, 153, 'Bhandarkhal', '', 8, '2025-11-08 06:28:20'),
(523, 172, 'Silchar', '', 8, '2025-11-08 06:43:57'),
(524, 160, 'Kamlabari', '', 8, '2025-11-08 09:37:43'),
(525, 172, 'Silchar', '', 8, '2025-11-08 09:40:52'),
(526, 168, 'BARJORA', '', 2, '2025-11-08 11:57:04'),
(527, 168, 'BARJORA', '', 2, '2025-11-08 11:57:04'),
(528, 168, 'BARJORA', '', 2, '2025-11-08 11:57:04'),
(529, 168, 'BARJORA', '', 2, '2025-11-08 11:57:53'),
(530, 168, 'BHIWADI', '', 2, '2025-11-08 12:05:21'),
(531, 180, 'Choutaki', '', 3, '2025-11-08 14:22:57'),
(532, 177, 'Guwahati', '', 3, '2025-11-08 14:23:09'),
(533, 176, 'Choutaki', '', 3, '2025-11-08 14:23:20'),
(534, 175, 'Choutaki', '', 3, '2025-11-08 14:23:34'),
(535, 174, 'Guwahati', '', 3, '2025-11-08 14:23:46'),
(536, 180, 'Mendhipathar', '', 3, '2025-11-09 05:52:15'),
(537, 176, 'Bilasipara', '', 3, '2025-11-09 05:52:34'),
(538, 175, 'Tikrikilla', '', 3, '2025-11-09 05:52:47'),
(539, 176, 'Bilasipara', '', 8, '2025-11-10 05:03:04'),
(540, 180, 'Mehendipathar', '', 8, '2025-11-10 05:03:34'),
(541, 175, 'Tikkrikila', '', 8, '2025-11-10 05:03:55'),
(542, 183, 'Variengte', '', 8, '2025-11-10 05:07:11'),
(543, 183, 'Viriengte', '', 8, '2025-11-10 05:07:36'),
(544, 134, 'Dhigharkhal', '', 8, '2025-11-10 05:37:39'),
(545, 173, 'Lamding', '', 8, '2025-11-10 05:38:50'),
(546, 174, 'Ladrymbai', '', 8, '2025-11-10 05:39:10'),
(547, 174, 'Ladrymbai', '', 8, '2025-11-10 05:39:25'),
(548, 153, 'Santibazar', '', 8, '2025-11-10 05:40:41'),
(549, 134, 'Aizawl', '', 8, '2025-11-10 05:43:59'),
(550, 177, 'Dhigharkhal', '', 8, '2025-11-10 05:44:54'),
(551, 139, 'Lunglie', '', 3, '2025-11-10 05:47:26'),
(552, 193, 'Guwahati', '', 3, '2025-11-11 06:50:49'),
(553, 192, 'Silchr', '', 3, '2025-11-11 06:51:09'),
(554, 187, 'Phulbari', '', 3, '2025-11-11 06:51:25'),
(555, 186, 'Tura', '', 3, '2025-11-11 06:51:37'),
(556, 184, 'Srirampur', '', 3, '2025-11-11 06:53:02'),
(557, 185, 'Guwahati', '', 3, '2025-11-11 06:53:28'),
(558, 153, 'Santibazar', '', 3, '2025-11-11 06:53:49'),
(559, 183, 'Vairengte', '', 3, '2025-11-11 06:54:36'),
(560, 192, 'Hailakandi', '', 3, '2025-11-11 06:54:55'),
(561, 187, 'Phulbari', '', 3, '2025-11-11 06:55:13'),
(562, 186, 'Tura', '', 3, '2025-11-11 06:55:33'),
(563, 192, 'Hailakandi', '', 3, '2025-11-11 06:56:57'),
(564, 173, 'Lumding', '', 3, '2025-11-11 06:58:59'),
(565, 177, 'Kolasib', '', 3, '2025-11-11 07:00:46'),
(566, 134, 'Lunglei', '', 3, '2025-11-11 07:21:05'),
(567, 134, 'Lunglei', '', 3, '2025-11-11 07:21:17'),
(568, 187, 'Phulbari', '', 3, '2025-11-11 07:25:34'),
(569, 186, 'Tura', '', 3, '2025-11-11 07:25:43'),
(570, 195, 'Choutaki', '', 3, '2025-11-11 11:27:55'),
(571, 194, 'Guwahati', '', 3, '2025-11-11 11:28:09'),
(572, 184, 'Thimpu town', '', 3, '2025-11-12 05:48:33'),
(573, 185, 'Siliguri', '', 3, '2025-11-12 05:48:47'),
(574, 184, 'Thimpu town', '', 3, '2025-11-12 05:49:15'),
(575, 203, 'Amuni', '', 3, '2025-11-12 05:50:26'),
(576, 202, 'Guwahati', '', 3, '2025-11-12 05:51:09'),
(577, 199, 'Vairengte', '', 3, '2025-11-12 05:51:19'),
(578, 198, 'Hatsingimari', '', 3, '2025-11-12 05:51:51'),
(579, 139, 'Lunglei', '', 3, '2025-11-12 05:53:35'),
(580, 139, 'Lunglei', '', 3, '2025-11-12 05:53:44'),
(581, 193, 'Meghlaya', '', 3, '2025-11-12 05:55:29'),
(582, 173, 'Jatinga', '', 3, '2025-11-12 06:02:46'),
(583, 195, 'Williamnagar', '', 3, '2025-11-12 06:09:09'),
(584, 198, 'Hatsingimari', '', 3, '2025-11-12 06:09:25'),
(585, 195, 'Williamnagar', '', 3, '2025-11-12 06:10:30'),
(586, 177, 'Aizal', '', 3, '2025-11-12 07:07:13'),
(587, 177, 'Aizwal', '', 3, '2025-11-12 07:07:32'),
(588, 204, 'Choutaki', '', 8, '2025-11-12 07:14:44'),
(589, 194, 'Phuentsholing', '', 8, '2025-11-12 10:59:22'),
(590, 198, 'Hatsingimari', '', 8, '2025-11-12 11:34:36'),
(591, 206, 'Tura', '', 3, '2025-11-13 05:48:47'),
(592, 205, 'Tura', '', 3, '2025-11-13 05:48:57'),
(593, 208, 'Tura', '', 3, '2025-11-13 05:49:07'),
(594, 207, 'Dudhnoi', '', 3, '2025-11-13 05:49:21'),
(595, 210, 'Silchar', '', 3, '2025-11-13 05:49:54'),
(596, 185, 'Siliguri', '', 3, '2025-11-13 05:50:28'),
(597, 209, 'Jorhat', '', 3, '2025-11-13 05:52:23'),
(598, 199, 'Lawngtala', '', 3, '2025-11-13 05:54:02'),
(599, 173, 'Silchar', '', 3, '2025-11-13 05:59:32'),
(600, 210, 'Churaibari', '', 3, '2025-11-13 06:02:59'),
(601, 202, 'Guwahati', '', 3, '2025-11-13 06:05:52'),
(602, 204, 'Mankachar', '', 3, '2025-11-13 06:06:18'),
(603, 204, 'Mankachar', '', 3, '2025-11-13 06:06:30'),
(604, 203, 'Moranhat', '', 3, '2025-11-13 06:08:09'),
(605, 193, 'Hailakandi', '', 3, '2025-11-13 06:09:05'),
(606, 194, 'Phuentsholing', '', 3, '2025-11-13 06:11:07'),
(607, 207, 'Dudhnoi', '', 8, '2025-11-13 11:44:55'),
(608, 211, 'Silchar', '', 3, '2025-11-13 11:44:59'),
(609, 207, 'Dudhnoi', '', 8, '2025-11-13 11:45:18'),
(610, 208, 'Tura', '', 3, '2025-11-13 11:45:36'),
(611, 206, 'Tura', '', 3, '2025-11-13 11:45:53'),
(612, 205, 'Tura', '', 3, '2025-11-13 11:46:11'),
(613, 208, 'Tura', '', 3, '2025-11-13 11:49:35'),
(614, 206, 'Tura', '', 3, '2025-11-13 11:49:47'),
(615, 212, 'Choutaki', '', 8, '2025-11-13 12:55:35'),
(616, 213, 'Guwahati', '', 8, '2025-11-13 12:56:25'),
(617, 214, 'Guwahati', '', 3, '2025-11-14 05:59:02'),
(618, 205, 'Tura', '', 3, '2025-11-14 05:59:22'),
(619, 199, 'Lawngtala', '', 3, '2025-11-14 05:59:36'),
(620, 173, 'Silchar', '', 3, '2025-11-14 05:59:50'),
(621, 211, 'Bhorkola', '', 3, '2025-11-14 06:00:42'),
(622, 211, 'Borkhola', '', 3, '2025-11-14 06:01:01'),
(623, 210, 'Dharmanagar', '', 3, '2025-11-14 06:01:26'),
(624, 210, 'Dharmanagar', '', 3, '2025-11-14 06:01:39'),
(625, 203, 'Dibrugarh', '', 3, '2025-11-14 06:02:03'),
(626, 203, 'Dibrugarh', '', 3, '2025-11-14 06:02:16'),
(627, 209, 'Doomdhooma', '', 8, '2025-11-14 07:00:20'),
(628, 209, 'Doomdooma', '', 8, '2025-11-14 07:00:43'),
(629, 202, 'Khelerighat', '', 8, '2025-11-14 07:16:33'),
(630, 213, 'Umkyang', '', 8, '2025-11-14 07:33:41'),
(631, 212, 'Mahendraganj', '', 8, '2025-11-14 07:36:16'),
(632, 212, 'Mahendraganj', '', 8, '2025-11-14 07:36:35'),
(633, 193, 'Kolasib', '', 8, '2025-11-14 07:44:52'),
(634, 223, 'Guwahati', '', 3, '2025-11-15 06:00:32'),
(635, 222, 'Gohpur', '', 3, '2025-11-15 06:01:58'),
(636, 222, 'Gohpur', '', 3, '2025-11-15 06:02:15'),
(637, 213, 'Karimganj', '', 3, '2025-11-15 06:02:32'),
(638, 193, 'Aizwal', '', 3, '2025-11-15 06:02:55'),
(639, 218, 'Silchar', '', 3, '2025-11-15 06:03:19'),
(640, 219, 'Mankachar', '', 3, '2025-11-15 06:03:33'),
(641, 202, 'Ratachhera', '', 3, '2025-11-15 06:06:30'),
(642, 214, 'Sonapur', '', 8, '2025-11-15 06:13:41'),
(643, 221, 'Srirampur', '', 8, '2025-11-15 07:00:25'),
(644, 221, 'Srirampur', '', 8, '2025-11-15 07:00:41'),
(645, 221, 'Srirampur', '', 8, '2025-11-15 07:01:18'),
(646, 219, 'Mankachar', '', 8, '2025-11-15 07:18:42'),
(647, 219, 'Mankachar', '', 8, '2025-11-15 07:18:59'),
(648, 223, 'Jorabhat', '', 8, '2025-11-15 08:22:33'),
(649, 229, 'Lumding', '', 3, '2025-11-16 03:54:43'),
(650, 230, 'Kalain', '', 3, '2025-11-16 03:55:07'),
(651, 228, 'Garobadha', '', 3, '2025-11-16 03:55:31'),
(652, 227, 'Dhupdhara', '', 3, '2025-11-16 03:55:56'),
(653, 231, 'Doboka', '', 3, '2025-11-16 04:01:01'),
(654, 222, 'Gohpur', '', 3, '2025-11-16 04:01:34'),
(655, 213, 'Karimganj', '', 3, '2025-11-16 04:01:44'),
(656, 227, 'Dhupdhara', '', 3, '2025-11-16 04:02:14'),
(657, 228, 'Garobadha', '', 3, '2025-11-16 04:02:31'),
(658, 233, 'Doboka', '', 3, '2025-11-16 05:16:25'),
(659, 234, 'Jowai', '', 3, '2025-11-16 05:16:46'),
(660, 226, 'Guwahati', '', 3, '2025-11-16 05:17:49'),
(661, 232, 'Guwahati', '', 3, '2025-11-16 05:18:01'),
(662, 237, 'Doboka', '', 3, '2025-11-16 07:24:45'),
(663, 236, 'Doboka', '', 3, '2025-11-16 07:24:57'),
(664, 235, 'Doboka', '', 3, '2025-11-16 07:25:06'),
(665, 225, 'Aizwal', '', 3, '2025-11-16 07:26:50'),
(666, 227, 'Dhupdhara', '', 3, '2025-11-16 07:27:08'),
(667, 234, 'Silchar', '', 8, '2025-11-17 06:07:47'),
(668, 232, 'Digarkhal', '', 8, '2025-11-17 06:10:44'),
(669, 226, 'Digarkhal', '', 8, '2025-11-17 06:11:18'),
(670, 223, 'Ambassa', '', 8, '2025-11-17 06:11:59'),
(671, 193, 'Lunglei', '', 8, '2025-11-17 06:13:45'),
(672, 202, 'Variengte', '', 8, '2025-11-17 06:15:35'),
(673, 233, 'Maibong', '', 8, '2025-11-17 06:22:10'),
(674, 231, 'Maibong', '', 8, '2025-11-17 06:25:56'),
(675, 237, 'Maibong', '', 8, '2025-11-17 06:29:12'),
(676, 235, 'Maibong', '', 8, '2025-11-17 06:34:51'),
(677, 236, 'Maibong', '', 8, '2025-11-17 06:35:30'),
(678, 228, 'Garobadha', '', 8, '2025-11-17 06:37:33'),
(679, 230, 'Agartala', '', 8, '2025-11-17 07:15:58'),
(680, 229, 'Haflong', '', 8, '2025-11-17 07:16:17'),
(681, 218, 'Katigorah', '', 8, '2025-11-17 07:17:47'),
(682, 218, 'Katigorah', '', 8, '2025-11-17 07:18:02'),
(683, 234, 'Silchar', '', 8, '2025-11-17 07:18:24'),
(684, 193, 'Lunglei', '', 8, '2025-11-18 06:26:09'),
(685, 193, 'Lunglei', '', 8, '2025-11-18 06:26:21'),
(686, 242, 'Phulbari', '', 8, '2025-11-18 06:29:20'),
(687, 242, 'Phulbari', '', 8, '2025-11-18 06:29:50'),
(688, 239, 'Haflong', '', 8, '2025-11-18 06:30:44'),
(689, 237, 'Maibong', '', 8, '2025-11-18 06:32:13'),
(690, 236, 'Maibong', '', 8, '2025-11-18 06:33:12'),
(691, 235, 'Maibong', '', 8, '2025-11-18 06:33:34'),
(692, 233, 'Maibong', '', 8, '2025-11-18 06:34:01'),
(693, 230, 'Udaipur', '', 8, '2025-11-18 06:37:17'),
(694, 232, 'Aizawl', '', 8, '2025-11-18 06:42:08'),
(695, 231, 'Maibong', '', 8, '2025-11-18 06:46:05'),
(696, 202, 'Lunglei', '', 8, '2025-11-18 06:52:33'),
(697, 226, 'Aizawl', '', 8, '2025-11-18 07:34:07'),
(698, 225, 'Lawngtlai', '', 8, '2025-11-18 07:39:52'),
(699, 229, 'Dharmanagar', '', 8, '2025-11-18 07:41:56'),
(700, 223, 'Ambassa', '', 8, '2025-11-18 09:58:27'),
(701, 242, 'Phulbari', '', 8, '2025-11-18 11:48:44'),
(702, 245, 'Biswanath charali', '', 8, '2025-11-19 06:35:56'),
(703, 244, 'Mankachar', '', 8, '2025-11-19 06:45:25'),
(704, 244, 'Mankachar', '', 8, '2025-11-19 06:46:09'),
(705, 244, 'Mankachar', '', 8, '2025-11-19 06:46:26'),
(706, 247, 'Garchuk', '', 8, '2025-11-19 06:49:32'),
(707, 246, 'Mendhipathar', '', 8, '2025-11-19 06:57:55'),
(708, 246, 'Mendhipathar', '', 8, '2025-11-19 06:58:18'),
(709, 246, 'Mendhipathar', '', 8, '2025-11-19 06:59:44'),
(710, 243, 'Barengapara', '', 8, '2025-11-19 07:02:42'),
(711, 243, 'Barengapara', '', 8, '2025-11-19 07:03:02'),
(712, 237, 'Maibong', '', 8, '2025-11-19 07:27:13'),
(713, 236, 'Maibong', '', 8, '2025-11-19 07:27:44'),
(714, 235, 'Maibong', '', 8, '2025-11-19 07:28:50'),
(715, 233, 'Maibong', '', 8, '2025-11-19 07:31:54'),
(716, 225, 'Lawngtlai', '', 8, '2025-11-19 07:35:24'),
(717, 230, 'Udaipur', '', 8, '2025-11-19 07:35:35'),
(718, 226, 'Lunglie', '', 3, '2025-11-19 07:48:58'),
(719, 232, 'Lunglei', '', 8, '2025-11-19 07:50:40'),
(720, 214, 'Jatingha', '', 8, '2025-11-19 07:53:30'),
(721, 202, 'Lunglei', '', 8, '2025-11-19 07:54:06'),
(722, 229, 'Agartala', '', 8, '2025-11-19 07:54:50'),
(723, 239, 'Haflong', '', 8, '2025-11-19 07:56:25'),
(724, 226, 'Lunglei', '', 8, '2025-11-20 06:00:40'),
(725, 232, 'Lunglei', '', 8, '2025-11-20 06:00:50'),
(726, 250, 'Kaziranga', '', 8, '2025-11-20 06:05:52'),
(727, 249, 'Kaziranga', '', 8, '2025-11-20 06:06:55'),
(728, 248, 'Bagmara', '', 8, '2025-11-20 06:07:23'),
(729, 243, 'Berangapara', '', 8, '2025-11-20 06:07:51'),
(730, 237, 'Haflong', '', 8, '2025-11-20 06:12:13'),
(731, 231, 'Haflong', '', 8, '2025-11-20 06:14:07'),
(732, 235, 'Haflong', '', 8, '2025-11-20 06:16:41'),
(733, 236, 'Haflong', '', 8, '2025-11-20 06:17:23'),
(734, 233, 'Haflong', '', 8, '2025-11-20 06:17:46'),
(735, 239, 'Haflong', '', 8, '2025-11-20 06:20:44'),
(736, 245, 'Dhemaji', '', 8, '2025-11-20 06:22:05'),
(737, 245, 'Dhemaji', '', 8, '2025-11-20 06:22:16'),
(738, 247, 'Khanapara', '', 8, '2025-11-20 06:26:54'),
(739, 214, 'Variengte', '', 8, '2025-11-20 06:46:32'),
(740, 229, 'Belonia', '', 8, '2025-11-20 06:48:50'),
(741, 202, 'Lunglei', '', 8, '2025-11-20 06:49:45'),
(742, 253, 'Tura', '', 8, '2025-11-21 05:46:47'),
(743, 253, 'Tura', '', 8, '2025-11-21 05:46:59'),
(744, 250, 'Dibrugarh', '', 3, '2025-11-21 05:49:23'),
(745, 202, 'Lunglie', '', 3, '2025-11-21 05:49:54'),
(746, 202, 'Lunglei', '', 8, '2025-11-21 05:51:19'),
(747, 250, 'Dibrugarh', '', 8, '2025-11-21 05:51:37'),
(748, 229, 'Belonia', '', 8, '2025-11-21 05:51:48'),
(749, 248, 'Bagmara', '', 8, '2025-11-21 05:53:41'),
(750, 248, 'Bagmara', '', 8, '2025-11-21 05:53:51'),
(751, 247, 'Juwai', '', 8, '2025-11-21 05:55:22'),
(752, 249, 'Sibsagar', '', 8, '2025-11-21 06:04:47'),
(753, 214, 'Aizwal', '', 8, '2025-11-21 06:06:40'),
(754, 253, 'Tura', '', 8, '2025-11-21 11:08:16'),
(755, 249, 'Sibsagar', '', 8, '2025-11-21 11:08:28'),
(756, 257, 'Tura', '', 8, '2025-11-22 06:19:25'),
(757, 258, 'Phulbari', '', 8, '2025-11-22 06:21:10'),
(758, 247, 'Baghabazar', '', 8, '2025-11-22 06:24:39'),
(759, 239, 'Karimganj', '', 8, '2025-11-22 06:28:37'),
(760, 258, 'Phulbari', '', 8, '2025-11-22 06:29:01'),
(761, 257, 'Tura', '', 8, '2025-11-22 06:29:14'),
(762, 237, 'Churaibari', '', 8, '2025-11-22 06:32:07'),
(763, 236, 'Churaibari', '', 8, '2025-11-22 06:32:21'),
(764, 235, 'Churaibari', '', 8, '2025-11-22 06:32:33'),
(765, 233, 'Silchar', '', 8, '2025-11-22 06:32:51'),
(766, 231, 'Churaibari', '', 8, '2025-11-22 06:33:18'),
(767, 214, 'Lunglei', '', 8, '2025-11-22 06:34:43'),
(768, 258, 'Phulbari', '', 3, '2025-11-24 03:51:24'),
(769, 257, 'Tura', '', 3, '2025-11-24 03:51:38'),
(770, 239, 'Karimganj', '', 3, '2025-11-24 03:51:51'),
(771, 233, 'Silchar', '', 3, '2025-11-24 03:52:02'),
(772, 214, 'Lunglie', '', 3, '2025-11-24 03:52:13'),
(773, 237, 'Udaipur', '', 3, '2025-11-24 03:52:31'),
(774, 236, 'Sabroom', '', 3, '2025-11-24 03:52:46'),
(775, 235, 'Agartala', '', 3, '2025-11-24 03:52:59'),
(776, 231, 'Kumarghat', '', 3, '2025-11-24 03:53:10'),
(777, 237, 'Udaipur', '', 3, '2025-11-24 03:53:20'),
(778, 236, 'Sabroom', '', 3, '2025-11-24 03:53:29'),
(779, 235, 'Agartala', '', 3, '2025-11-24 03:53:37'),
(780, 231, 'Kumarghat', '', 3, '2025-11-24 03:53:46'),
(781, 260, 'Srirampur', '', 3, '2025-11-24 03:54:19'),
(782, 259, 'Williamnagar', '', 3, '2025-11-24 03:54:32'),
(783, 260, 'Srirampur', '', 8, '2025-11-24 07:23:19'),
(784, 260, 'Srirampur', '', 8, '2025-11-24 07:23:39'),
(785, 264, 'Jorabhat', '', 8, '2025-11-24 07:28:28'),
(786, 262, 'Churaibari', '', 8, '2025-11-24 07:29:24'),
(787, 265, 'Churaibari', '', 8, '2025-11-24 07:29:45'),
(788, 261, 'Churaibari', '', 8, '2025-11-24 07:29:56'),
(789, 247, 'Lunglei', '', 8, '2025-11-24 07:36:32'),
(790, 263, 'Shilong', '', 8, '2025-11-24 08:06:47'),
(791, 277, 'Silchar', '', 3, '2025-11-25 06:05:00'),
(792, 276, 'Guwahati', '', 3, '2025-11-25 06:05:15'),
(793, 275, 'Tikrikilla', '', 3, '2025-11-25 06:05:30'),
(794, 274, 'Tura', '', 3, '2025-11-25 06:05:38'),
(795, 273, 'Mankachar', '', 3, '2025-11-25 06:05:48'),
(796, 272, 'Bijni', '', 3, '2025-11-25 06:06:03'),
(797, 271, 'Williamnagar', '', 3, '2025-11-25 06:06:12'),
(798, 263, 'Kolasib', '', 8, '2025-11-25 06:10:00'),
(799, 264, 'Lamding', '', 8, '2025-11-25 06:17:04'),
(800, 262, 'Agartala', '', 8, '2025-11-25 06:18:39'),
(801, 261, 'Agartala', '', 8, '2025-11-25 06:19:04'),
(802, 247, 'Lunglei', '', 8, '2025-11-25 06:20:09'),
(803, 265, 'Agartala', '', 8, '2025-11-25 06:21:33'),
(804, 275, 'Tikkrikila', '', 8, '2025-11-25 06:43:38'),
(805, 274, 'Tura', '', 8, '2025-11-25 06:43:58'),
(806, 273, 'Mankachar', '', 8, '2025-11-25 06:44:14'),
(807, 272, 'Bijni', '', 8, '2025-11-25 06:44:29'),
(808, 275, 'Tikkrikila', '', 8, '2025-11-25 07:20:22'),
(809, 259, 'Williamnagar', '', 8, '2025-11-25 11:38:13'),
(810, 259, 'Williamnagar', '', 8, '2025-11-25 11:38:58'),
(811, 272, 'Bijni', '', 8, '2025-11-25 11:45:48'),
(812, 273, 'Mankachar', '', 8, '2025-11-25 11:45:58'),
(813, 274, 'Tura', '', 8, '2025-11-25 11:46:05'),
(814, 277, 'Badarpur', '', 8, '2025-11-25 12:15:32'),
(815, 277, 'Badarpur', '', 8, '2025-11-25 12:15:47'),
(816, 277, 'Badarpur', '', 8, '2025-11-25 12:15:58'),
(817, 278, 'Choutaki', '', 8, '2025-11-25 12:19:05'),
(818, 279, 'Hatsingimari', '', 8, '2025-11-26 05:44:10'),
(819, 279, 'Hatsingimari', '', 8, '2025-11-26 05:44:25'),
(820, 281, 'Abdullapur', '', 8, '2025-11-26 05:54:10'),
(821, 281, 'Abdullapur', '', 8, '2025-11-26 05:54:30'),
(822, 261, 'Nalchar', '', 8, '2025-11-26 06:09:38'),
(823, 276, 'Guwahati', '', 8, '2025-11-26 06:11:38'),
(824, 280, 'Bilasipara', '', 8, '2025-11-26 06:13:14'),
(825, 280, 'Bilasipara', '', 8, '2025-11-26 06:13:28'),
(826, 278, 'Tura', '', 8, '2025-11-26 06:14:59'),
(827, 278, 'Tura', '', 8, '2025-11-26 06:15:16'),
(828, 265, 'Belonia', '', 8, '2025-11-26 06:20:47'),
(829, 271, 'Williamnagar', '', 3, '2025-11-26 06:50:04'),
(830, 264, 'Karimganj', '', 3, '2025-11-26 06:50:17'),
(831, 262, 'Udaipur', '', 3, '2025-11-26 06:50:36'),
(832, 247, 'Lunglie', '', 3, '2025-11-26 06:51:08'),
(833, 271, 'Williamnagar', '', 8, '2025-11-26 06:52:58'),
(834, 263, 'Aizawl', '', 8, '2025-11-26 06:53:57'),
(835, 280, 'Bilasipara', '', 8, '2025-11-26 10:57:23'),
(836, 262, 'Udaipur', '', 8, '2025-11-26 11:35:49'),
(837, 261, 'Nalchar', '', 8, '2025-11-26 11:41:32'),
(838, 281, 'Abdullapur', '', 3, '2025-11-26 16:34:02'),
(839, 279, 'Hastingamari', '', 3, '2025-11-26 16:34:16'),
(840, 278, 'Tura', '', 3, '2025-11-26 16:34:25'),
(841, 264, 'Karimganj', '', 3, '2025-11-26 16:34:34'),
(842, 265, 'Belonia', '', 3, '2025-11-26 16:34:44'),
(843, 284, 'Silchar', '', 3, '2025-11-26 16:35:09'),
(844, 283, 'Choutaki', '', 3, '2025-11-26 16:35:25'),
(845, 282, 'Guwahati', '', 3, '2025-11-26 16:35:37'),
(846, 286, 'Ladrymbai', '', 8, '2025-11-27 05:35:16'),
(847, 284, 'Aizwal', '', 8, '2025-11-27 05:36:18'),
(848, 284, 'Aizawl', '', 8, '2025-11-27 05:36:31'),
(849, 283, 'Mankachar', '', 8, '2025-11-27 05:37:48'),
(850, 276, 'Langting', '', 8, '2025-11-27 05:38:59'),
(851, 263, 'Aizwal', '', 8, '2025-11-27 05:40:34'),
(852, 263, 'Aizawl', '', 8, '2025-11-27 05:41:15'),
(853, 247, 'Lunglei', '', 8, '2025-11-27 05:43:17'),
(854, 247, 'Lunglei', '', 8, '2025-11-27 05:43:27'),
(855, 290, 'Kumarghat', '', 8, '2025-11-28 06:42:52'),
(856, 285, 'Sibsagar', '', 8, '2025-11-28 06:44:36'),
(857, 285, 'Sibsagar', '', 8, '2025-11-28 06:45:31'),
(858, 288, 'Tura', '', 8, '2025-11-28 06:45:56'),
(859, 288, 'Tura', '', 8, '2025-11-28 06:46:48'),
(860, 289, 'Mahendraganj', '', 8, '2025-11-28 06:47:29'),
(861, 289, 'Mahendraganj', '', 8, '2025-11-28 06:47:45'),
(862, 286, 'Ladrymbai', '', 8, '2025-11-28 06:48:20'),
(863, 286, 'Ladrymbai', '', 8, '2025-11-28 06:48:33'),
(864, 276, 'Variengte', '', 8, '2025-11-28 06:52:22'),
(865, 282, 'Silchar', '', 8, '2025-11-28 06:54:22'),
(866, 282, 'Silchar', '', 8, '2025-11-28 06:54:56'),
(867, 283, 'Mankachar', '', 8, '2025-11-28 06:56:57'),
(868, 289, 'Mahendraganj', '', 8, '2025-11-28 07:51:33'),
(869, 293, 'Meghalaya', '', 8, '2025-11-29 06:15:29'),
(870, 288, 'Tura', '', 8, '2025-11-29 06:41:17'),
(871, 282, 'Silchar', '', 8, '2025-11-29 06:59:27'),
(872, 292, 'Guwahati', '', 8, '2025-11-29 07:08:47'),
(873, 291, 'Kaziranga', '', 8, '2025-11-29 07:11:26'),
(874, 290, 'Belonia', '', 8, '2025-11-29 07:14:26'),
(875, 276, 'Lunglei', '', 8, '2025-11-29 07:22:32'),
(876, 285, 'Sibsagar', '', 8, '2025-11-29 07:54:39'),
(877, 292, 'Sonapur', '', 3, '2025-11-30 11:04:00'),
(878, 290, 'Belonia', '', 3, '2025-11-30 11:04:10'),
(879, 303, 'Lakhipur', '', 3, '2025-11-30 11:04:52'),
(880, 301, 'Lumding', '', 3, '2025-11-30 11:06:59'),
(881, 300, 'Lumding', '', 3, '2025-11-30 11:07:14'),
(882, 299, 'Lumding', '', 3, '2025-11-30 11:07:28'),
(883, 297, 'Phulbari', '', 3, '2025-11-30 11:07:44'),
(884, 303, 'Lakhipur', '', 3, '2025-12-01 06:07:55'),
(885, 297, 'Phulbari', '', 3, '2025-12-01 06:08:18'),
(886, 291, 'Dibrugarh', '', 3, '2025-12-01 06:08:36'),
(887, 293, 'Churaibari', '', 3, '2025-12-01 06:10:09'),
(888, 276, 'Lunglie', '', 3, '2025-12-01 06:10:54'),
(889, 307, 'Garobadha', '', 3, '2025-12-01 06:11:17'),
(890, 306, 'Tura', '', 3, '2025-12-01 06:11:30'),
(891, 305, 'Srirampur', '', 3, '2025-12-01 06:12:08'),
(892, 304, 'Bongaigaon', '', 3, '2025-12-01 06:12:22'),
(893, 302, 'Tura', '', 3, '2025-12-01 06:12:34'),
(894, 296, 'Rongram', '', 3, '2025-12-01 06:12:49'),
(895, 295, 'Mankachar', '', 3, '2025-12-01 06:13:07'),
(896, 294, 'Baghmara', '', 3, '2025-12-01 06:13:22'),
(897, 303, 'Lakhipur', '', 3, '2025-12-01 06:13:38'),
(898, 297, 'Phulbari', '', 3, '2025-12-01 06:13:48'),
(899, 304, 'Bongaigaon', '', 3, '2025-12-01 06:15:26'),
(900, 302, 'Tura', '', 3, '2025-12-01 06:15:54'),
(901, 296, 'Rongram', '', 8, '2025-12-01 06:28:56'),
(902, 296, 'Rongram', '', 8, '2025-12-01 06:29:25'),
(903, 299, 'Maibong', '', 8, '2025-12-01 06:48:08'),
(904, 300, 'Maibong', '', 8, '2025-12-01 06:48:36'),
(905, 292, 'Kolasib', '', 8, '2025-12-01 06:49:48'),
(906, 301, 'Maibong', '', 8, '2025-12-01 06:52:25'),
(907, 309, 'Champaknagar', '', 8, '2025-12-01 07:30:46'),
(908, 305, 'Srirampur', '', 8, '2025-12-01 10:07:46'),
(909, 305, 'Srirampur', '', 8, '2025-12-01 10:08:04'),
(910, 147, 'BARJORA', 'UNLODED', 2, '2025-12-01 11:46:09'),
(911, 147, 'BARJORA', 'UNLODED', 2, '2025-12-01 11:46:26'),
(912, 310, 'Sapatgaram', '', 8, '2025-12-02 06:08:30'),
(913, 310, 'Sapatgaram', '', 8, '2025-12-02 06:09:14'),
(914, 291, 'Dibrugarh', '', 8, '2025-12-02 06:10:52'),
(915, 304, 'Bongaigaon', '', 8, '2025-12-02 06:14:08'),
(916, 302, 'Tura', '', 8, '2025-12-02 06:15:17'),
(917, 307, 'Garobadha', '', 8, '2025-12-02 06:15:59'),
(918, 307, 'Garobadha', '', 8, '2025-12-02 06:16:11'),
(919, 306, 'Tura', '', 8, '2025-12-02 06:16:47'),
(920, 306, 'Tura', '', 8, '2025-12-02 06:16:58'),
(921, 295, 'Mankachar', '', 8, '2025-12-02 06:17:52'),
(922, 295, 'Mankachar', '', 8, '2025-12-02 06:18:02'),
(923, 294, 'Bagmara', '', 8, '2025-12-02 06:18:26'),
(924, 294, 'Bagmara', '', 8, '2025-12-02 06:18:34'),
(925, 301, 'Silchar', '', 8, '2025-12-02 06:28:35'),
(926, 300, 'Silchar', '', 8, '2025-12-02 06:28:44'),
(927, 299, 'Silchar', '', 8, '2025-12-02 06:28:53'),
(928, 292, 'Shersib', '', 8, '2025-12-02 06:38:08'),
(929, 309, 'Champaknagar', '', 8, '2025-12-02 06:39:07'),
(930, 309, 'Champaknagar', '', 8, '2025-12-02 06:39:23'),
(931, 276, 'Lunglei', '', 8, '2025-12-02 06:56:31'),
(932, 310, 'Sapatgaram', '', 8, '2025-12-02 07:00:45'),
(933, 301, 'Silchar', '', 8, '2025-12-02 11:29:28'),
(934, 301, 'Silchar', '', 8, '2025-12-02 11:29:36'),
(935, 317, 'Variengte', '', 8, '2025-12-03 06:50:03'),
(936, 317, 'Variengte', '', 8, '2025-12-03 06:50:16'),
(937, 317, 'Variengte', '', 8, '2025-12-03 06:50:25'),
(938, 314, 'Mankachar', '', 8, '2025-12-03 06:50:36'),
(939, 314, 'Mankachar', '', 8, '2025-12-03 06:50:45'),
(940, 314, 'Mankachar', '', 8, '2025-12-03 06:50:54'),
(941, 313, 'Hatsingimari', '', 8, '2025-12-03 06:52:28'),
(942, 313, 'Hatsingimari', '', 8, '2025-12-03 06:52:42'),
(943, 313, 'Hatsingimari', '', 8, '2025-12-03 06:52:49'),
(944, 316, 'Tura', '', 8, '2025-12-03 06:52:59'),
(945, 316, 'Tura', '', 8, '2025-12-03 06:53:10'),
(946, 316, 'Tura', '', 8, '2025-12-03 06:53:18'),
(947, 315, 'Tura', '', 8, '2025-12-03 06:53:57'),
(948, 315, 'Tura', '', 8, '2025-12-03 06:54:07'),
(949, 315, 'Tura', '', 8, '2025-12-03 06:54:14'),
(950, 300, 'Churaibari', '', 8, '2025-12-03 06:57:31'),
(951, 299, 'Churaibari', '', 8, '2025-12-03 06:58:47'),
(952, 293, 'Gandachera', '', 8, '2025-12-03 07:00:18'),
(953, 292, 'Lunglei', '', 8, '2025-12-03 07:00:51'),
(954, 147, 'BARJORA', 'UNLODED', 2, '2025-12-03 07:52:14'),
(955, 147, 'BARJORA', 'UNLODED', 2, '2025-12-03 07:52:29'),
(956, 319, 'Williamnagar', '', 3, '2025-12-04 06:48:54'),
(957, 300, 'Kumarghat', '', 3, '2025-12-04 07:11:30'),
(958, 299, 'Khowai', '', 3, '2025-12-04 07:11:44'),
(959, 293, 'Gandacherra', '', 3, '2025-12-04 07:18:23'),
(960, 300, 'Kumarghat', '', 8, '2025-12-05 06:02:02'),
(961, 300, 'Kumarghat', '', 8, '2025-12-05 06:02:12'),
(962, 319, 'Williamnagar', '', 8, '2025-12-05 06:02:25'),
(963, 319, 'Williamnagar', '', 8, '2025-12-05 06:02:33');
INSERT INTO `shipment_tracking` (`id`, `shipment_id`, `location`, `remarks`, `updated_by_id`, `created_at`) VALUES
(964, 322, 'Lunglei', '', 8, '2025-12-05 06:03:18'),
(965, 322, 'Guwahati', '', 8, '2025-12-05 06:04:08'),
(966, 292, 'Lunglei', '', 8, '2025-12-05 06:04:19'),
(967, 323, 'Guwahati', '', 8, '2025-12-05 06:05:19'),
(968, 321, 'Silchar', '', 8, '2025-12-05 06:05:30'),
(969, 321, 'Silchar', '', 8, '2025-12-05 06:05:38'),
(970, 321, 'Silchar', '', 8, '2025-12-05 06:05:45'),
(971, 326, 'Maibong', '', 8, '2025-12-06 06:32:14'),
(972, 323, 'Maibong', '', 8, '2025-12-06 06:32:35'),
(973, 322, 'Maibong', '', 8, '2025-12-06 06:32:56'),
(974, 325, 'Hatsingimari', '', 8, '2025-12-06 06:34:36'),
(975, 325, 'Hatsingimari', '', 8, '2025-12-06 06:34:50'),
(976, 325, 'Hatsingimari', '', 8, '2025-12-06 06:34:59'),
(977, 324, 'Phulbari', '', 8, '2025-12-06 06:35:09'),
(978, 324, 'Phulbari', '', 8, '2025-12-06 06:35:21'),
(979, 324, 'Phulbari', '', 8, '2025-12-06 06:35:34'),
(980, 299, 'Khowai', '', 8, '2025-12-06 06:37:55'),
(981, 299, 'Khowai', '', 8, '2025-12-06 06:38:04'),
(982, 326, 'Karimganj', '', 3, '2025-12-08 11:10:10'),
(983, 323, 'Kanpui', '', 3, '2025-12-08 11:11:28'),
(984, 322, 'Kanpui', '', 3, '2025-12-08 11:11:47'),
(985, 332, 'Tura', '', 3, '2025-12-09 07:03:46'),
(986, 331, 'Tura', '', 3, '2025-12-09 07:03:57'),
(987, 330, 'Tura', '', 3, '2025-12-09 07:04:07'),
(988, 329, 'Srirampur', '', 3, '2025-12-09 07:07:05'),
(989, 323, 'Aizwal', '', 3, '2025-12-09 07:07:29'),
(990, 322, 'Aizwal', '', 3, '2025-12-09 07:07:58'),
(991, 332, 'Tura', '', 3, '2025-12-09 10:19:38'),
(992, 331, 'Tura', '', 3, '2025-12-09 10:19:49'),
(993, 330, 'Tura', '', 3, '2025-12-09 10:20:02'),
(994, 326, 'Karimganj', '', 3, '2025-12-09 10:20:20'),
(995, 333, 'Choutaki', '', 3, '2025-12-09 10:20:39'),
(996, 332, 'Tura', '', 3, '2025-12-09 10:24:26'),
(997, 333, 'Tikkrikila', '', 8, '2025-12-10 06:35:03'),
(998, 333, 'Tikkrikila', '', 8, '2025-12-10 06:35:11'),
(999, 331, 'Tura', '', 8, '2025-12-10 06:37:03'),
(1000, 335, 'Borgoan', '', 8, '2025-12-10 06:55:43'),
(1001, 337, 'Guwahati', '', 8, '2025-12-10 06:56:26'),
(1002, 336, 'Guwahati', '', 8, '2025-12-10 06:57:43'),
(1003, 323, 'Aizwal', '', 8, '2025-12-10 06:59:37'),
(1004, 330, 'Tura', '', 8, '2025-12-10 07:13:53'),
(1005, 334, 'Choutaki', '', 8, '2025-12-10 07:14:52'),
(1006, 334, 'Srirampur', '', 8, '2025-12-10 07:15:51'),
(1007, 334, 'Srirampur', '', 8, '2025-12-10 07:16:05'),
(1008, 337, 'Lumding', '', 3, '2025-12-11 05:51:20'),
(1009, 336, 'Lumding', '', 3, '2025-12-11 05:51:36'),
(1010, 344, 'Lumding', '', 3, '2025-12-11 05:52:44'),
(1011, 342, 'Silchar', '', 3, '2025-12-11 05:53:01'),
(1012, 341, 'Tura', '', 3, '2025-12-11 05:53:13'),
(1013, 339, 'Tura', '', 3, '2025-12-11 05:53:26'),
(1014, 343, 'Sivsagar', '', 3, '2025-12-11 08:28:33'),
(1015, 342, 'Silchar', '', 3, '2025-12-11 08:28:51'),
(1016, 342, 'Silchar', '', 3, '2025-12-12 06:58:26'),
(1017, 343, 'Tinsukia', '', 3, '2025-12-12 06:58:43'),
(1018, 341, 'Tura', '', 3, '2025-12-12 06:58:52'),
(1019, 339, 'Tura', '', 3, '2025-12-12 06:59:03'),
(1020, 344, 'Hailakandi', '', 3, '2025-12-12 06:59:26'),
(1021, 337, 'Hailakandi', '', 3, '2025-12-12 06:59:43'),
(1022, 336, 'Hailakandi', '', 3, '2025-12-12 06:59:58'),
(1023, 335, 'Kamlabari', '', 3, '2025-12-12 07:00:12'),
(1024, 329, 'Phuentsholing', '', 3, '2025-12-12 07:00:25'),
(1025, 322, 'Lunglie', '', 3, '2025-12-12 07:00:45'),
(1026, 341, 'Tura', '', 3, '2025-12-12 07:00:56'),
(1027, 339, 'Tura', '', 3, '2025-12-12 07:01:06'),
(1028, 335, 'Kamlabari', '', 3, '2025-12-12 07:01:17'),
(1029, 329, 'Phuentsholing', '', 3, '2025-12-12 07:01:26'),
(1030, 322, 'Lunglie', '', 3, '2025-12-12 07:01:37'),
(1031, 346, 'Borapani', '', 3, '2025-12-12 07:02:00'),
(1032, 345, 'Borapani', '', 3, '2025-12-12 07:02:10'),
(1033, 340, 'Mankachar', '', 3, '2025-12-12 07:02:21'),
(1034, 340, 'Mankachar', '', 3, '2025-12-12 07:02:31'),
(1035, 340, 'Mankachar', '', 3, '2025-12-12 07:02:42'),
(1036, 343, 'Tinsukia', '', 8, '2025-12-13 07:10:09'),
(1037, 346, 'Silchar', '', 8, '2025-12-13 07:47:09'),
(1038, 345, 'Silchar', '', 8, '2025-12-13 07:47:21'),
(1039, 337, 'Hailakandi', '', 8, '2025-12-13 07:48:31'),
(1040, 351, 'Phulbari', '', 8, '2025-12-13 07:50:04'),
(1041, 351, 'Phulbari', '', 8, '2025-12-13 07:50:16'),
(1042, 351, 'Phulbari', '', 8, '2025-12-13 07:50:25'),
(1043, 350, 'Mendhipathar', '', 8, '2025-12-13 07:51:20'),
(1044, 350, 'Mendhipathar', '', 8, '2025-12-13 07:51:38'),
(1045, 344, 'Aizawl', '', 8, '2025-12-13 07:55:09'),
(1046, 336, 'Aizawl', '', 8, '2025-12-13 07:56:44'),
(1047, 350, 'Mendipathar', '', 8, '2025-12-13 12:42:41'),
(1048, 353, 'Mankachar', '', 3, '2025-12-14 16:50:18'),
(1049, 352, 'Khowai', '', 3, '2025-12-14 16:50:29'),
(1050, 354, 'Jowai', '', 3, '2025-12-15 04:49:21'),
(1051, 355, 'Silchar', '', 3, '2025-12-15 04:50:54'),
(1052, 344, 'Lunglei', '', 8, '2025-12-15 06:45:03'),
(1053, 336, 'Lunglei', '', 8, '2025-12-15 06:45:18'),
(1054, 345, 'Lunglei', '', 8, '2025-12-15 06:45:49'),
(1055, 346, 'Lunglei', '', 8, '2025-12-15 06:46:00'),
(1056, 353, 'Mankachar', '', 8, '2025-12-15 06:46:15'),
(1057, 353, 'Mankachar', '', 8, '2025-12-15 06:46:23'),
(1058, 352, 'Khowai', '', 8, '2025-12-15 06:46:43'),
(1059, 356, 'Haflong', '', 8, '2025-12-15 06:47:18'),
(1060, 355, 'Silchar', '', 8, '2025-12-15 07:42:07'),
(1061, 355, 'Silchar', '', 8, '2025-12-15 07:42:21'),
(1062, 345, 'Lunglei', '', 8, '2025-12-16 05:53:33'),
(1063, 346, 'Lunglei', '', 8, '2025-12-16 05:53:53'),
(1064, 344, 'Lunglei', '', 8, '2025-12-16 05:56:57'),
(1065, 336, '08284', '', 8, '2025-12-16 05:58:11'),
(1066, 346, 'Lunglei', '', 8, '2025-12-16 05:58:42'),
(1067, 345, 'Lunglei', '', 8, '2025-12-16 05:59:02'),
(1068, 354, 'Kolasib', '', 8, '2025-12-16 06:04:46'),
(1069, 360, 'Choraibari', '', 8, '2025-12-16 06:27:40'),
(1070, 359, 'Digarkhal', '', 8, '2025-12-16 06:39:41'),
(1071, 358, 'Williamnagar', '', 8, '2025-12-16 06:40:49'),
(1072, 358, 'Williamnagar', '', 8, '2025-12-16 06:41:14'),
(1073, 356, 'Choraibari', '', 8, '2025-12-16 06:43:18'),
(1074, 358, 'Williamnagar', '', 8, '2025-12-16 08:31:05'),
(1075, 357, 'Siliguri', '', 8, '2025-12-16 10:24:34'),
(1076, 352, 'Khowai', '', 8, '2025-12-16 10:25:43'),
(1077, 357, 'Siliguri', '', 8, '2025-12-16 10:26:06'),
(1078, 357, 'Siliguri', '', 8, '2025-12-16 10:37:10'),
(1079, 356, 'Dharmanagar', '', 8, '2025-12-16 13:17:52'),
(1080, 356, 'Dharmanagar', '', 8, '2025-12-16 13:18:15'),
(1081, 368, 'Amarpur', '', 8, '2025-12-17 06:26:41'),
(1082, 367, 'Juwai', '', 8, '2025-12-17 06:27:05'),
(1083, 366, 'Silchar', '', 8, '2025-12-17 06:27:23'),
(1084, 366, 'Silchar', '', 8, '2025-12-17 06:27:37'),
(1085, 368, 'Amarpur', '', 8, '2025-12-17 06:27:55'),
(1086, 360, 'Kumarghat', '', 8, '2025-12-17 06:31:16'),
(1087, 360, 'Kumarghat', '', 8, '2025-12-17 06:31:29'),
(1088, 359, 'Karimganj', '', 8, '2025-12-17 06:34:51'),
(1089, 362, 'Hatsingimari', '', 8, '2025-12-17 06:47:17'),
(1090, 362, 'Hatsingimari', '', 8, '2025-12-17 06:47:28'),
(1091, 362, 'Hatsingimari', '', 8, '2025-12-17 06:47:39'),
(1092, 363, 'Tura', '', 8, '2025-12-17 06:49:52'),
(1093, 363, 'Tura', '', 8, '2025-12-17 06:50:04'),
(1094, 363, 'Tura', '', 8, '2025-12-17 06:50:13'),
(1095, 365, 'Tura', '', 8, '2025-12-17 06:50:27'),
(1096, 365, 'Tura', '', 8, '2025-12-17 06:50:36'),
(1097, 365, 'Tura', '', 8, '2025-12-17 06:50:44'),
(1098, 364, 'Bongaigaon', '', 8, '2025-12-17 06:53:49'),
(1099, 364, 'Bongaigaon', '', 8, '2025-12-17 06:54:07'),
(1100, 364, 'Bongaigaon', '', 8, '2025-12-17 06:54:18'),
(1101, 354, 'Lunglei', '', 8, '2025-12-17 11:06:31'),
(1102, 372, 'Phulbari', '', 8, '2025-12-18 06:32:44'),
(1103, 372, 'Phulbari', '', 8, '2025-12-18 06:32:54'),
(1104, 372, 'Phulbari', '', 8, '2025-12-18 06:33:02'),
(1105, 366, 'Silchar', '', 8, '2025-12-18 06:37:59'),
(1106, 359, 'Karimganj', '', 8, '2025-12-18 06:40:45'),
(1107, 371, 'Lumding', '', 8, '2025-12-18 06:50:14'),
(1108, 370, 'Lumding', '', 8, '2025-12-18 06:50:42'),
(1109, 367, 'Hailakandi', '', 8, '2025-12-18 06:54:42'),
(1110, 369, '8mile', '', 8, '2025-12-18 07:06:33'),
(1111, 368, 'Amarpur', '', 8, '2025-12-18 11:10:15'),
(1112, 378, 'Silchar', '', 8, '2025-12-19 06:25:44'),
(1113, 378, 'Silchar', '', 8, '2025-12-19 06:26:01'),
(1114, 378, 'Silchar', '', 8, '2025-12-19 06:26:10'),
(1115, 354, 'Lunglei', '', 8, '2025-12-19 06:32:27'),
(1116, 354, 'Lunglei', '', 8, '2025-12-19 06:32:37'),
(1117, 379, 'Jorhat', '', 8, '2025-12-19 06:39:34'),
(1118, 377, 'Kumarghat', '', 8, '2025-12-19 06:42:40'),
(1119, 373, 'Mahendraganj', '', 8, '2025-12-19 06:46:22'),
(1120, 373, 'Mahendraganj', '', 8, '2025-12-19 06:46:32'),
(1121, 373, 'Mahendraganj', '', 8, '2025-12-19 06:46:38'),
(1122, 369, 'Badarpur', '', 8, '2025-12-19 06:49:04'),
(1123, 370, 'Maibong', '', 8, '2025-12-19 06:49:32'),
(1124, 370, 'Maibong', '', 8, '2025-12-19 06:49:41'),
(1125, 371, 'Maibong', '', 8, '2025-12-19 06:50:04'),
(1126, 367, 'Konbai', '', 8, '2025-12-19 06:52:10'),
(1127, 374, 'Mankachar', '', 8, '2025-12-19 06:54:26'),
(1128, 374, 'Mankachar', '', 8, '2025-12-19 06:54:39'),
(1129, 374, 'Mankachar', '', 8, '2025-12-19 06:54:46'),
(1130, 375, 'Berangapara', '', 8, '2025-12-19 06:58:39'),
(1131, 375, 'Berangapara', '', 8, '2025-12-19 06:58:53'),
(1132, 375, 'Berangapara', '', 8, '2025-12-19 06:59:00'),
(1133, 384, 'Rongram', '', 8, '2025-12-20 05:52:15'),
(1134, 379, 'Sibsagar', '', 8, '2025-12-20 05:57:23'),
(1135, 379, 'Sibsagar', '', 8, '2025-12-20 05:57:29'),
(1136, 371, 'Karimganj', '', 8, '2025-12-20 05:59:00'),
(1137, 370, 'Karimganj', '', 8, '2025-12-20 06:01:40'),
(1138, 369, 'Karimganj', '', 8, '2025-12-20 06:02:43'),
(1139, 381, 'Tura', '', 8, '2025-12-20 06:05:29'),
(1140, 381, 'Tura', '', 8, '2025-12-20 06:05:43'),
(1141, 390, 'Barpeta town', '', 3, '2025-12-21 08:19:15'),
(1142, 371, 'Khowai', '', 3, '2025-12-21 14:30:43'),
(1143, 382, 'Silchar', '', 3, '2025-12-22 05:37:59'),
(1144, 394, 'Mendhipathar', '', 3, '2025-12-22 05:38:13'),
(1145, 393, 'Mankachar', '', 3, '2025-12-22 05:38:23'),
(1146, 391, 'Tura', '', 3, '2025-12-22 05:38:33'),
(1147, 392, 'Sabroom', '', 3, '2025-12-22 05:38:47'),
(1148, 389, 'Barengapara', '', 3, '2025-12-22 05:39:15'),
(1149, 388, 'Williamnagar', '', 3, '2025-12-22 05:39:53'),
(1150, 383, 'Baghmara', '', 3, '2025-12-22 05:40:08'),
(1151, 394, 'Mendhipathar', '', 8, '2025-12-22 07:20:07'),
(1152, 393, 'Mankachar', '', 8, '2025-12-22 07:20:39'),
(1153, 371, 'Khowai', '', 8, '2025-12-22 07:20:58'),
(1154, 370, 'Karimganj', '', 8, '2025-12-22 07:21:06'),
(1155, 381, 'Tura', '', 8, '2025-12-22 07:21:21'),
(1156, 391, 'Tura', '', 8, '2025-12-22 07:21:45'),
(1157, 392, 'Sabroom', '', 8, '2025-12-22 07:22:12'),
(1158, 392, 'Sabroom', '', 8, '2025-12-22 07:22:34'),
(1159, 383, 'Baghmara', '', 8, '2025-12-22 07:22:56'),
(1160, 390, 'Barpeta town', '', 8, '2025-12-22 07:23:06'),
(1161, 389, 'Barengapara', '', 8, '2025-12-22 07:23:15'),
(1162, 384, 'Bagmara', '', 8, '2025-12-22 07:23:38'),
(1163, 377, 'Pashim charak bai', '', 8, '2025-12-22 07:24:06'),
(1164, 367, 'Lunglei', '', 8, '2025-12-22 07:25:27'),
(1165, 388, 'Williamnagar', '', 8, '2025-12-22 07:25:52'),
(1166, 384, 'Bagmara', '', 8, '2025-12-22 07:26:10'),
(1167, 377, 'Pashim charak bai', '', 8, '2025-12-22 07:26:24'),
(1168, 383, 'Baghmara', '', 8, '2025-12-22 07:26:49'),
(1169, 367, 'Lunglei', '', 8, '2025-12-22 07:27:02'),
(1170, 389, 'Barengapara', '', 8, '2025-12-22 07:27:19'),
(1171, 390, 'Barpeta town', '', 8, '2025-12-22 07:27:33'),
(1172, 388, 'Williamnagar', '', 8, '2025-12-22 07:27:57'),
(1173, 401, 'Abdullapur', '', 3, '2025-12-23 07:22:09'),
(1174, 398, 'Tura', '', 3, '2025-12-23 07:22:53'),
(1175, 395, 'Phulbari', '', 3, '2025-12-23 07:23:06'),
(1176, 394, 'Mendhipathar', '', 3, '2025-12-23 07:23:18'),
(1177, 393, 'Mankachar', '', 3, '2025-12-23 07:23:25'),
(1178, 391, 'Tura', '', 3, '2025-12-23 07:23:30'),
(1179, 369, 'Santibazar', '', 3, '2025-12-23 07:23:57'),
(1180, 401, 'Abdullapur', '', 3, '2025-12-23 07:24:22'),
(1181, 400, 'Sivsagar', '', 3, '2025-12-24 03:05:01'),
(1182, 398, 'Tura', '', 8, '2025-12-24 06:22:22'),
(1183, 395, 'Phulbari', '', 8, '2025-12-24 06:22:31'),
(1184, 403, 'Mankachar', '', 8, '2025-12-24 06:22:53'),
(1185, 400, 'Sivsagar', '', 8, '2025-12-24 06:23:30'),
(1186, 406, 'Hojai', '', 8, '2025-12-24 06:24:29'),
(1187, 406, 'Hojai', '', 8, '2025-12-24 06:25:03'),
(1188, 403, 'Mankachar', '', 8, '2025-12-24 06:25:19'),
(1189, 382, 'Aizawl', '', 8, '2025-12-24 06:25:46'),
(1190, 398, 'Tura', '', 8, '2025-12-24 06:30:05'),
(1191, 395, 'Phulbari', '', 8, '2025-12-24 06:30:20'),
(1192, 401, 'Abdullapur', '', 8, '2025-12-24 06:30:31'),
(1193, 400, 'Sivsagar', '', 8, '2025-12-24 06:30:39'),
(1194, 404, 'Silchar', '', 8, '2025-12-24 06:32:53'),
(1195, 412, 'Silchar', '', 8, '2025-12-25 06:09:53'),
(1196, 412, 'Silchar', '', 8, '2025-12-25 06:10:04'),
(1197, 412, 'Silchar', '', 8, '2025-12-25 06:10:10'),
(1198, 403, 'Mankachar', '', 8, '2025-12-25 06:13:53'),
(1199, 406, 'Hojai', '', 8, '2025-12-25 06:14:03'),
(1200, 411, 'Goalpara', '', 8, '2025-12-25 06:14:24'),
(1201, 411, 'Goalpara', '', 8, '2025-12-25 06:14:33'),
(1202, 411, 'Goalpara', '', 8, '2025-12-25 06:14:39'),
(1203, 410, 'Hatsingimari', '', 8, '2025-12-25 06:15:07'),
(1204, 410, 'Hatsingimari', '', 8, '2025-12-25 06:15:14'),
(1205, 382, 'Shersib', '', 8, '2025-12-25 06:18:48'),
(1206, 404, 'Silchar', '', 8, '2025-12-25 06:19:10'),
(1207, 413, 'Nogaon', '', 8, '2025-12-25 06:21:59'),
(1208, 410, 'Hatsingimari', '', 8, '2025-12-25 10:49:04'),
(1209, 415, 'Kumarghat', '', 3, '2025-12-26 08:32:45'),
(1210, 414, 'Lumding', '', 3, '2025-12-26 08:34:16'),
(1211, 413, 'Haflong', '', 3, '2025-12-26 08:34:43'),
(1212, 415, 'Udaipur', '', 3, '2025-12-27 08:47:29'),
(1213, 413, 'Karimganj', '', 3, '2025-12-27 08:47:45'),
(1214, 404, 'Lunglie', '', 3, '2025-12-27 08:48:06'),
(1215, 421, 'Gohpur', '', 3, '2025-12-27 08:48:34'),
(1216, 419, 'Tikrikilla', '', 3, '2025-12-27 08:49:05'),
(1217, 418, 'Tura', '', 3, '2025-12-27 08:49:18'),
(1218, 417, 'North Lakhimpur', '', 3, '2025-12-27 08:49:31'),
(1219, 420, 'Lumding', '', 3, '2025-12-27 08:49:57'),
(1220, 415, 'Udaipur', '', 3, '2025-12-27 08:50:05'),
(1221, 413, 'Karimganj', '', 3, '2025-12-27 08:50:11'),
(1222, 419, 'Tikrikilla', '', 3, '2025-12-27 08:50:22'),
(1223, 418, 'Tura', '', 3, '2025-12-27 08:50:32'),
(1224, 417, 'North Lakhimpur', '', 3, '2025-12-27 08:50:40'),
(1225, 419, 'Tikrikilla', '', 3, '2025-12-27 08:52:12'),
(1226, 423, 'Guwahati', '', 5, '2025-12-27 15:45:19'),
(1227, 422, 'Guwahati', '', 5, '2025-12-27 15:45:23'),
(1228, 418, 'Tura', '', 3, '2025-12-29 06:45:16'),
(1229, 417, 'North Lakhimpur', '', 3, '2025-12-29 06:45:22'),
(1230, 423, 'Lumding', '', 3, '2025-12-29 06:45:38'),
(1231, 422, 'Lumding', '', 3, '2025-12-29 06:45:53'),
(1232, 421, 'Dhemaji', '', 3, '2025-12-29 06:46:16'),
(1233, 414, 'Silchar', '', 3, '2025-12-29 06:46:40'),
(1234, 404, 'Lawngtlai', '', 3, '2025-12-29 06:47:02'),
(1235, 382, 'Lunglie', '', 3, '2025-12-29 06:47:18'),
(1236, 421, 'Dhemaji', '', 3, '2025-12-29 06:47:26'),
(1237, 414, 'Silchar', '', 3, '2025-12-29 06:47:35'),
(1238, 404, 'Lawngtlai', '', 3, '2025-12-29 06:47:41'),
(1239, 432, 'Rongram', '', 3, '2025-12-30 06:42:00'),
(1240, 431, 'Barengapara', '', 3, '2025-12-30 06:42:15'),
(1241, 430, 'Lakhipur', '', 3, '2025-12-30 06:42:27'),
(1242, 429, 'Mankachar', '', 3, '2025-12-30 06:42:39'),
(1243, 432, 'Rongram', '', 3, '2025-12-30 06:43:12'),
(1244, 441, 'Churaibari', '', 3, '2025-12-31 06:54:42'),
(1245, 440, 'Nele', '', 3, '2025-12-31 06:54:58'),
(1246, 439, 'Nele', '', 3, '2025-12-31 06:55:08'),
(1247, 438, 'Nele', '', 3, '2025-12-31 06:55:18'),
(1248, 433, 'Sivsagar', '', 3, '2025-12-31 06:55:43'),
(1249, 437, 'Tura', '', 3, '2025-12-31 06:55:58'),
(1250, 431, 'Barengapara', '', 3, '2025-12-31 06:56:20'),
(1251, 437, 'Tura', '', 3, '2025-12-31 06:56:30'),
(1252, 430, 'Lakhipur', '', 3, '2025-12-31 06:56:41'),
(1253, 429, 'Mankachar', '', 3, '2025-12-31 06:56:50'),
(1254, 420, 'Silchar', '', 3, '2025-12-31 06:57:13'),
(1255, 423, 'Mahur', '', 3, '2025-12-31 06:57:29'),
(1256, 382, 'Lunglie', '', 3, '2025-12-31 06:57:50'),
(1257, 422, 'Mahur', '', 3, '2025-12-31 06:58:06'),
(1258, 437, 'Tura', '', 3, '2025-12-31 06:58:15'),
(1259, 432, 'Rongram', '', 3, '2025-12-31 06:58:19'),
(1260, 430, 'Lakhipur', '', 3, '2025-12-31 06:58:25'),
(1261, 382, 'Lunglie', '', 3, '2025-12-31 06:58:32'),
(1262, 429, 'Mankachar', '', 5, '2026-01-01 14:00:52'),
(1263, 420, 'Silchar', '', 5, '2026-01-01 14:01:08'),
(1264, 431, 'Barengapara', '', 5, '2026-01-01 14:01:15'),
(1265, 441, 'Dharmanagar', '', 5, '2026-01-01 14:01:46'),
(1266, 441, 'Dharmanagar', '', 5, '2026-01-01 14:01:52'),
(1267, 433, 'Dibrugarh', '', 5, '2026-01-01 14:02:19'),
(1268, 423, 'Khamrang', '', 5, '2026-01-01 14:03:21'),
(1269, 433, 'Dibrugarh', '', 5, '2026-01-01 14:03:28'),
(1270, 447, 'Mankachar', '', 3, '2026-01-02 06:52:02'),
(1271, 445, 'Silchar', '', 3, '2026-01-02 06:52:16'),
(1272, 442, 'Haflong', '', 3, '2026-01-02 06:52:34'),
(1273, 448, 'Kumarghat', '', 3, '2026-01-02 06:52:50'),
(1274, 447, 'Mankachar', '', 3, '2026-01-02 06:53:02'),
(1275, 445, 'Silchar', '', 3, '2026-01-02 06:53:10'),
(1276, 440, 'Haflong', '', 3, '2026-01-02 06:54:46'),
(1277, 439, 'Haflong', '', 3, '2026-01-02 06:55:04'),
(1278, 438, 'Haflong', '', 3, '2026-01-02 06:55:21'),
(1279, 422, 'Aizwal', '', 3, '2026-01-02 06:56:52'),
(1280, 445, 'Silchar', '', 3, '2026-01-02 06:57:15'),
(1281, 447, 'Mankachar', '', 3, '2026-01-02 06:57:23'),
(1282, 450, 'Garobadha', '', 3, '2026-01-03 06:08:39'),
(1283, 449, 'Tura', '', 3, '2026-01-03 06:09:03'),
(1284, 451, 'Guwahati', '', 3, '2026-01-03 06:10:58'),
(1285, 423, 'Lunglie', '', 3, '2026-01-05 04:23:42'),
(1286, 422, 'Lunglie', '', 3, '2026-01-05 04:24:01'),
(1287, 450, 'Garobadha', '', 3, '2026-01-05 04:24:16'),
(1288, 449, 'Tura', '', 3, '2026-01-05 04:24:23'),
(1289, 448, 'Belonia', '', 3, '2026-01-05 04:24:44'),
(1290, 450, 'Garobadha', '', 3, '2026-01-05 04:25:21'),
(1291, 449, 'Tura', '', 3, '2026-01-05 04:25:27'),
(1292, 448, 'Belonia', '', 3, '2026-01-05 04:25:33'),
(1293, 423, 'Lunglie', '', 3, '2026-01-05 04:25:39'),
(1294, 422, 'Lunglie', '', 3, '2026-01-05 04:25:45'),
(1295, 462, 'Phulbari', '', 3, '2026-01-05 04:26:02'),
(1296, 461, 'Mankachar', '', 3, '2026-01-05 04:27:27'),
(1297, 460, 'Haflong', '', 3, '2026-01-05 04:28:34'),
(1298, 459, 'Haflong', '', 3, '2026-01-05 04:28:45'),
(1299, 457, 'Haflong', '', 3, '2026-01-05 04:28:59'),
(1300, 452, 'Haflong', '', 3, '2026-01-05 04:29:12'),
(1301, 456, 'Silchar', '', 3, '2026-01-05 04:29:25'),
(1302, 462, 'Phulbari', '', 3, '2026-01-05 04:29:35'),
(1303, 461, 'Mankachar', '', 3, '2026-01-05 04:29:44'),
(1304, 451, 'Haflong', '', 3, '2026-01-05 04:32:09'),
(1305, 442, 'Nalchar', '', 3, '2026-01-05 04:32:38'),
(1306, 462, 'Phulbari', '', 3, '2026-01-05 13:06:57'),
(1307, 461, 'Mankachar', '', 3, '2026-01-05 13:07:02'),
(1308, 442, 'Nalchar', '', 3, '2026-01-05 13:07:07'),
(1309, 456, 'Silchar', '', 3, '2026-01-05 13:07:23'),
(1310, 440, 'Belonia', '', 3, '2026-01-05 13:07:47'),
(1311, 439, 'Agartala', '', 3, '2026-01-05 13:08:01'),
(1312, 438, 'Udaipur', '', 3, '2026-01-05 13:08:13'),
(1313, 440, 'Belonia', '', 3, '2026-01-05 13:08:38'),
(1314, 439, 'Agartala', '', 3, '2026-01-05 13:08:42'),
(1315, 438, 'Udaipur', '', 3, '2026-01-05 13:08:49'),
(1316, 467, 'Mankachar', '', 3, '2026-01-07 06:38:20'),
(1317, 466, 'Hastingamari', '', 3, '2026-01-07 06:38:34'),
(1318, 465, 'Williamnagar', '', 3, '2026-01-07 06:38:45'),
(1319, 467, 'Mankachar', '', 3, '2026-01-07 06:46:01'),
(1320, 466, 'Hastingamari', '', 3, '2026-01-07 06:46:11'),
(1321, 465, 'Williamnagar', '', 3, '2026-01-07 06:46:19'),
(1322, 467, 'Mankachar', '', 3, '2026-01-07 06:46:55'),
(1323, 460, 'Aizwal', '', 3, '2026-01-07 16:46:00'),
(1324, 459, 'Aizwal', '', 3, '2026-01-07 16:46:19'),
(1325, 457, 'Karimganj', '', 3, '2026-01-07 16:46:42'),
(1326, 452, 'Agartala', '', 3, '2026-01-07 16:46:57'),
(1327, 456, 'Silchar', '', 3, '2026-01-07 16:47:16'),
(1328, 457, 'Karimganj', '', 3, '2026-01-07 16:47:22'),
(1329, 466, 'Hastingamari', '', 3, '2026-01-07 16:47:26'),
(1330, 465, 'Williamnagar', '', 3, '2026-01-07 16:47:30'),
(1331, 469, 'Guwahati', '', 3, '2026-01-07 16:47:50'),
(1332, 468, 'Guwahati', '', 3, '2026-01-07 16:47:58'),
(1333, 479, 'Silchar', '', 3, '2026-01-07 16:48:08'),
(1334, 477, 'Tura', '', 3, '2026-01-08 06:07:04'),
(1335, 476, 'Mendhipathar', '', 3, '2026-01-08 06:07:16'),
(1336, 475, 'Tura', '', 3, '2026-01-08 06:07:25'),
(1337, 477, 'Tura', '', 3, '2026-01-08 15:34:25'),
(1338, 476, 'Mendhipathar', '', 3, '2026-01-08 15:34:32'),
(1339, 475, 'Tura', '', 3, '2026-01-08 15:34:41'),
(1340, 469, 'Phuentsholing', '', 3, '2026-01-08 15:35:01'),
(1341, 468, 'Thimphu town', '', 3, '2026-01-08 15:35:14'),
(1342, 452, 'Sabroom', '', 3, '2026-01-08 15:35:35'),
(1343, 459, 'Aizwal', '', 3, '2026-01-08 15:35:43'),
(1344, 469, 'Phuentsholing', '', 3, '2026-01-08 15:36:12'),
(1345, 468, 'Thimphu town', '', 3, '2026-01-08 15:36:20'),
(1346, 452, 'Sabroom', '', 3, '2026-01-09 10:59:18'),
(1347, 459, 'Aizwal', '', 3, '2026-01-09 10:59:30'),
(1348, 476, 'Mendhipathar', '', 3, '2026-01-09 10:59:36'),
(1349, 477, 'Tura', '', 3, '2026-01-09 10:59:40'),
(1350, 480, 'Kamlabari', '', 3, '2026-01-09 10:59:56'),
(1351, 484, 'Lumding', '', 3, '2026-01-09 11:00:18'),
(1352, 483, 'Bongaigaon', '', 3, '2026-01-09 11:00:30'),
(1353, 484, 'Churaibari', '', 3, '2026-01-09 11:00:53'),
(1354, 482, 'Lumding', '', 3, '2026-01-09 11:01:12'),
(1355, 487, 'Choutaki', '', 3, '2026-01-09 11:01:26'),
(1356, 487, 'Choutaki', '', 3, '2026-01-10 08:21:14'),
(1357, 483, 'Bongaigaon', '', 3, '2026-01-10 08:21:24'),
(1358, 489, 'Mahendraganj', '', 3, '2026-01-10 08:21:49'),
(1359, 488, 'Tura', '', 3, '2026-01-10 08:22:10'),
(1360, 489, 'Mahendraganj', '', 3, '2026-01-10 08:22:27'),
(1361, 489, 'Mahendraganj', '', 3, '2026-01-10 08:23:55'),
(1362, 483, 'Bongaigaon', '', 3, '2026-01-10 08:25:52'),
(1363, 488, 'Tura', '', 3, '2026-01-10 11:45:02'),
(1364, 484, 'Amarpur', '', 3, '2026-01-10 11:45:18'),
(1365, 480, 'Kamlabari', '', 3, '2026-01-10 11:45:31'),
(1366, 479, 'Sahia', '', 3, '2026-01-10 11:46:06'),
(1367, 460, 'Aizwal', '', 3, '2026-01-10 11:46:31'),
(1368, 492, 'Doboka', '', 3, '2026-01-10 11:47:03'),
(1369, 491, 'Doboka', '', 3, '2026-01-10 11:47:28'),
(1370, 484, 'Amarpur', '', 3, '2026-01-10 11:47:42'),
(1371, 480, 'Kamlabari', '', 3, '2026-01-10 11:47:49'),
(1372, 460, 'Lunglie', '', 3, '2026-01-10 11:49:19'),
(1373, 497, 'Choutaki', '', 3, '2026-01-12 06:44:18'),
(1374, 496, 'Tikrikilla', '', 3, '2026-01-12 06:44:29'),
(1375, 495, 'Barengapara', '', 3, '2026-01-12 06:44:39'),
(1376, 494, 'Silchar', '', 3, '2026-01-12 06:44:45'),
(1377, 493, 'Moranhat', '', 3, '2026-01-12 06:44:55'),
(1378, 490, 'Lumding', '', 3, '2026-01-12 06:45:09'),
(1379, 488, 'Tura', '', 3, '2026-01-12 06:45:21'),
(1380, 487, 'Choutaki', '', 3, '2026-01-12 06:45:27'),
(1381, 475, 'Tura', '', 3, '2026-01-12 06:45:36'),
(1382, 479, 'Sahia', '', 3, '2026-01-12 06:51:43'),
(1383, 495, 'Barengapara', '', 3, '2026-01-12 06:51:58'),
(1384, 495, 'Barengapara', '', 3, '2026-01-12 06:52:04'),
(1385, 493, 'Moranhat', '', 3, '2026-01-12 16:11:31'),
(1386, 493, 'Moranhat', '', 3, '2026-01-13 06:06:03'),
(1387, 497, 'Phulbari', '', 3, '2026-01-13 06:06:14'),
(1388, 496, 'Tikrikilla', '', 3, '2026-01-13 06:06:20'),
(1389, 494, 'Silchar', '', 3, '2026-01-13 06:06:37'),
(1390, 497, 'Phulbari', '', 3, '2026-01-13 06:07:10'),
(1391, 496, 'Tikrikilla', '', 3, '2026-01-13 06:07:16'),
(1392, 494, 'Silchar', '', 3, '2026-01-13 06:07:20'),
(1393, 507, 'Gohpur', '', 3, '2026-01-13 06:14:38'),
(1394, 506, 'Silchar', '', 3, '2026-01-13 06:14:44'),
(1395, 498, 'Choutaki', '', 3, '2026-01-13 06:14:52'),
(1396, 505, 'Kumarghat', '', 3, '2026-01-13 06:15:01'),
(1397, 482, 'Agartala', '', 3, '2026-01-13 06:15:47'),
(1398, 482, 'Agartala', '', 3, '2026-01-13 06:15:51'),
(1399, 498, 'Mankachar', '', 3, '2026-01-13 06:16:28'),
(1400, 492, 'Silchar', '', 3, '2026-01-13 06:16:43'),
(1401, 451, 'Lunglie', '', 3, '2026-01-13 06:17:24'),
(1402, 451, 'Lunglie', '', 3, '2026-01-13 06:17:32'),
(1403, 506, 'Silchar', '', 3, '2026-01-13 07:28:48'),
(1404, 505, 'Kumarghat', '', 3, '2026-01-13 07:28:59'),
(1405, 491, 'Kolasib', '', 3, '2026-01-13 07:29:10'),
(1406, 490, 'Kolasib', '', 3, '2026-01-13 07:29:23'),
(1407, 506, 'Silchar', '', 3, '2026-01-13 10:29:43'),
(1408, 498, 'Mankachar', '', 3, '2026-01-13 10:30:01'),
(1409, 505, 'Kumarghat', '', 3, '2026-01-15 12:19:45'),
(1410, 492, 'Silchar', '', 3, '2026-01-15 12:19:50'),
(1411, 515, 'Silchar', '', 3, '2026-01-15 12:19:57'),
(1412, 511, 'Aizwal', '', 3, '2026-01-15 12:20:08'),
(1413, 511, 'Aizwal', '', 3, '2026-01-15 12:20:16'),
(1414, 510, 'Agartala', '', 3, '2026-01-15 12:20:30'),
(1415, 509, 'Goalpara', '', 3, '2026-01-15 12:20:47'),
(1416, 508, 'Haflong', '', 3, '2026-01-15 12:21:01'),
(1417, 511, 'Aizwal', '', 3, '2026-01-15 12:21:08'),
(1418, 507, 'Gohpur', '', 3, '2026-01-15 12:21:22'),
(1419, 509, 'Goalpara', '', 3, '2026-01-15 12:21:30'),
(1420, 491, 'Lunglie', '', 3, '2026-01-16 06:52:38'),
(1421, 490, 'Lunglie', '', 3, '2026-01-16 06:52:52'),
(1422, 509, 'Goalpara', '', 3, '2026-01-16 06:52:58'),
(1423, 507, 'Gohpur', '', 3, '2026-01-16 06:53:07'),
(1424, 520, 'Aizawl', '', 5, '2026-01-16 11:45:20'),
(1425, 490, 'Lunglie', 'Unloaded at Lawngtalai', 5, '2026-01-16 11:46:41'),
(1426, 491, 'Lunglie', 'Saiha', 5, '2026-01-16 11:46:52'),
(1427, 523, 'Choutaki', '', 5, '2026-01-16 15:06:42'),
(1428, 522, 'Choutaki', '', 5, '2026-01-16 15:06:46'),
(1429, 515, 'Sabroom', '', 5, '2026-01-16 15:07:28'),
(1430, 508, 'Udaipur', '', 5, '2026-01-16 15:07:53'),
(1431, 526, 'Guwahati', '', 5, '2026-01-16 15:55:21'),
(1432, 525, 'Guwahati', '', 5, '2026-01-16 15:55:25'),
(1433, 524, 'Silchar', '', 5, '2026-01-16 15:55:31');

-- --------------------------------------------------------

--
-- Table structure for table `states`
--

CREATE TABLE `states` (
  `id` int(11) NOT NULL,
  `name` varchar(100) NOT NULL,
  `country_id` int(11) NOT NULL
) ENGINE=InnoDB DEFAULT CHARSET=utf8mb4 COLLATE=utf8mb4_general_ci;

--
-- Dumping data for table `states`
--

INSERT INTO `states` (`id`, `name`, `country_id`) VALUES
(1, 'West Bengal', 1),
(2, 'Chhattisgarh', 1),
(3, 'Haryana', 1),
(4, 'Karnataka', 1),
(5, 'Jharkhand', 1),
(6, 'Himachal Pradesh', 1),
(7, 'Bihar', 1),
(8, 'Delhi', 1),
(9, 'Maharashtra', 1),
(10, 'Assam', 1),
(11, 'Tripura', 1),
(12, 'Mizoram', 1),
(13, 'Uttar Pradesh', 1),
(14, 'Nagaland', 1),
(15, 'Bhutan', 2),
(18, 'Punjab', 1),
(19, 'Uttarakhand', 1),
(20, 'Jammu and Kashmir', 1),
(21, 'Madhya Pradesh', 1),
(22, 'Kerala', 1),
(23, 'Andhra Pradesh', 1),
(24, 'Odisha', 1),
(25, 'Meghalaya', 1),
(26, 'RAJASTHAN', 1);

-- --------------------------------------------------------

--
-- Table structure for table `tyre_inventory`
--

CREATE TABLE `tyre_inventory` (
  `id` int(11) NOT NULL,
  `tyre_brand` varchar(100) NOT NULL,
  `tyre_model` varchar(100) DEFAULT NULL,
  `tyre_number` varchar(100) NOT NULL,
  `purchase_date` date NOT NULL,
  `purchase_cost` decimal(8,2) NOT NULL,
  `vendor_name` varchar(255) DEFAULT NULL,
  `status` varchar(50) NOT NULL DEFAULT 'In Stock'
) ENGINE=InnoDB DEFAULT CHARSET=utf8mb4 COLLATE=utf8mb4_general_ci;

--
-- Dumping data for table `tyre_inventory`
--

INSERT INTO `tyre_inventory` (`id`, `tyre_brand`, `tyre_model`, `tyre_number`, `purchase_date`, `purchase_cost`, `vendor_name`, `status`) VALUES
(1, 'MRF', 'Nylon', '3E083843925', '0000-00-00', 14700.00, 'INDO COMMERCIAL', 'Mounted'),
(2, 'APPOLO', 'Nylon ', 'T2146531625', '0000-00-00', 13500.00, '', 'Mounted'),
(3, 'APPOLO', '8*25*20 Nylon ', 'U2874492524', '0000-00-00', 13500.00, '', 'Mounted'),
(4, 'APPOLO', '8*25*20 Nylon ', 'U1471852824', '0000-00-00', 13500.00, '', 'Mounted'),
(5, 'APPOLO', '8*25*20 Nylon ', 'T0432390925', '0000-00-00', 13500.00, 'JAI BHAWANI TYRES', 'In Stock'),
(6, 'APPOLO MR GOLD', '8*25*20 Nylon ', 'T2244640325', '0000-00-00', 13700.00, 'JAI BHAWANI TYRES', 'Mounted'),
(7, 'MRF', '8*25*20 Nylon ', '57158632525', '0000-00-00', 13500.00, 'JAI BHAWANI TYRES', 'Mounted'),
(8, 'APPOLO', '8*25*20 Nylon ', 'U2052363423', '0000-00-00', 13700.00, 'JAI BHAWANI TYRES', 'Mounted'),
(9, 'CEAT', '8*25*20 Nylon ', 'U129891024', '0000-00-00', 13700.00, 'JAI BHAWANI TYRES', 'Mounted'),
(10, 'APPOLO', '8*25*20 Nylon ', 'T2532333424', '0000-00-00', 13700.00, 'JAI BHAWANI TYRES', 'Mounted'),
(11, 'APPOLO', '8*25*20 Nylon ', 'T2532403424', '0000-00-00', 13700.00, 'JAI BHAWANI TYRES', 'Mounted'),
(12, 'APPOLO', '8*25*20 Nylon ', 'T0527960925', '0000-00-00', 13700.00, 'JAI BHAWANI TYRES', 'Mounted'),
(13, 'APPOLO', '8*25*20 Nylon ', 'T1916034124', '0000-00-00', 13700.00, 'JAI BHAWANI TYRES', 'Mounted'),
(14, 'APPOLO', '8*25*20 Nylon ', 'T3030592125', '0000-00-00', 13700.00, 'JAI BHAWANI TYRES', 'Mounted'),
(15, 'APPOLO', '8*25*20 Nylon ', 'U29098460824', '0000-00-00', 13700.00, 'JAI BHAWANI TYRES', 'Mounted'),
(16, 'APPOLO', '8*25*20 Nylon ', 'T2230740324', '0000-00-00', 13700.00, 'JAI BHAWANI TYRES', 'Mounted'),
(17, 'APPOLO', '8*25*20 Nylon ', 'T2315232024', '0000-00-00', 13700.00, 'JAI BHAWANI TYRES', 'Mounted'),
(18, 'APPOLO', '8*25*20 Nylon ', 'U1471992824', '0000-00-00', 13700.00, 'JAI BHAWANI TYRES', 'Mounted'),
(19, 'APPOLO', '8*25*20 Nylon ', 'T2248820324', '0000-00-00', 13700.00, 'JAI BHAWANI TYRES', 'Mounted'),
(20, 'APPOLO', '9*20 RADIAL', 'C19061860724', '0000-00-00', 0.00, 'COMPANY FITTED', 'Mounted'),
(21, 'APPOLO', '9*20 RADIAL', 'C13069160124', '0000-00-00', 0.00, 'COMPANY FITTED', 'Mounted'),
(22, 'MRF', '9*20 RADIAL', '66272280725', '0000-00-00', 0.00, 'COMPANY FITTED', 'Mounted'),
(23, 'APPOLO', '9*20 RADIAL', 'C12066970124', '0000-00-00', 0.00, 'COMPANY FITTED', 'Mounted'),
(24, 'APPOLO', '9*20 RADIAL', 'C11071070124', '0000-00-00', 0.00, 'COMPANY FITTED', 'Mounted'),
(25, 'APPOLO', '9*20 RADIAL', 'C08060764523', '0000-00-00', 0.00, 'COMPANY FITTED', 'Mounted'),
(26, 'APPOLO', '', 'C09068684523', '0000-00-00', 0.00, '', 'Mounted'),
(27, 'MRF', '9*20 RADIAL', '66012031525', '0000-00-00', 0.00, 'COMPANY FITTED', 'Mounted'),
(28, 'MRF', '9*20 RADIAL', '66001601525', '0000-00-00', 0.00, 'COMPANY FITTED', 'Mounted'),
(29, 'MRF', '9*20 RADIAL', '66175301425', '0000-00-00', 0.00, 'COMPANY FITTED', 'Mounted'),
(30, 'MRF', '9*20 RADIAL', '66372591425', '0000-00-00', 0.00, 'COMPANY FITTED', 'Mounted'),
(31, 'MRF', '9*20 RADIAL', '66113421125', '0000-00-00', 0.00, 'COMPANY FITTED', 'Mounted'),
(32, 'MRF', '9*20 RADIAL', '66372741425', '0000-00-00', 0.00, 'COMPANY FITTED', 'Mounted'),
(33, 'APPOLO', '9*20 RADIAL', 'C11067120124', '0000-00-00', 0.00, 'COMPANY FITTED', 'Mounted'),
(34, 'MRF', '8*25*20 Nylon ', '57323153825', '0000-00-00', 13700.00, 'INDO COMMERCIAL', 'Mounted'),
(35, 'MRF', '8*25*20 Nylon ', '57134044225', '0000-00-00', 13700.00, 'INDO COMMERCIAL', 'Mounted'),
(36, 'APPOLO', '8*25*20 Nylon ', 'U2814492624', '0000-00-00', 13700.00, 'INDO COMMERCIAL', 'Mounted'),
(37, 'CEAT', '8*25*20 Nylon ', 'N050011622', '0000-00-00', 13700.00, 'INDO COMMERCIAL', 'Mounted'),
(38, 'MRF', '9*20 RADIAL', '66050871925', '0000-00-00', 13700.00, 'INDO COMMERCIAL', 'Mounted'),
(39, 'MRF', '9*20 RADIAL', '66008661525', '0000-00-00', 13700.00, 'INDO COMMERCIAL', 'Mounted'),
(40, 'APPOLO', '9*20 RADIAL', 'C09065644523', '0000-00-00', 0.00, 'COMPANY FITTED', 'Mounted'),
(41, 'APPOLO', '9*20 RADIAL', 'C08069224523', '0000-00-00', 0.00, 'COMPANY FITTED', 'Mounted'),
(42, 'APPOLO', '9*20 RADIAL', 'C11072861024', '0000-00-00', 0.00, 'COMPANY FITTED', 'Mounted'),
(43, 'APPOLO', '9*20 RADIAL', 'C27074590824', '0000-00-00', 0.00, 'COMPANY FITTED', 'Mounted'),
(44, 'APPOLO', '9*20 RADIAL', 'C09068674523', '0000-00-00', 0.00, 'COMPANY FITTED', 'Mounted'),
(45, 'MRF', '9*20 Nylon(Mota Goti)', '3E095844725', '0000-00-00', 16600.00, 'Jai Bhawani Tyre', 'Mounted'),
(46, 'MRF', '9*20 Nylon(Mota Goti)', '3E06544725', '0000-00-00', 16600.00, 'Jai Bhawani Tyre', 'Mounted'),
(47, 'APPOLO', '9*20 NYLON', 'P2249812925', '0000-00-00', 13700.00, 'COMPANY FITTED', 'Mounted'),
(48, 'APPOLO', '9*20 NYLON', 'P1511002824', '0000-00-00', 0.00, 'COMPANY FITTED', 'Mounted'),
(49, 'APPOLO', '9*20 NYLON', '26218181724', '0000-00-00', 0.00, 'COMPANY FITTED', 'Mounted'),
(50, 'APPOLO', '9*20 NYLON', 'P0842064923', '0000-00-00', 0.00, 'COMPANY FITTED', 'Mounted');

-- --------------------------------------------------------

--
-- Table structure for table `tyre_retreading`
--

CREATE TABLE `tyre_retreading` (
  `id` int(11) NOT NULL,
  `tyre_id` int(11) NOT NULL,
  `retread_date` date NOT NULL,
  `vendor_name` varchar(255) DEFAULT NULL,
  `cost` decimal(8,2) NOT NULL,
  `description` text DEFAULT NULL
) ENGINE=InnoDB DEFAULT CHARSET=utf8mb4 COLLATE=utf8mb4_general_ci;

--
-- Dumping data for table `tyre_retreading`
--

INSERT INTO `tyre_retreading` (`id`, `tyre_id`, `retread_date`, `vendor_name`, `cost`, `description`) VALUES
(1, 4, '2025-11-06', 'Bhura Tyres', 4300.00, 'INV NO -257 06/11/25'),
(2, 3, '2025-11-06', 'Bhura Tyres', 4600.00, 'INV NO- 257 (PATCH-JB3)');

-- --------------------------------------------------------

--
-- Table structure for table `users`
--

CREATE TABLE `users` (
  `id` int(11) NOT NULL,
  `username` varchar(50) NOT NULL,
  `password` varchar(255) NOT NULL,
  `email` varchar(100) NOT NULL,
  `role` varchar(50) NOT NULL DEFAULT 'viewer',
  `role_id` int(11) DEFAULT NULL,
  `branch_id` int(11) DEFAULT NULL,
  `consignor_id` int(11) DEFAULT NULL,
  `address` text DEFAULT NULL,
  `pan_no` varchar(20) DEFAULT NULL,
  `aadhaar_no` varchar(20) DEFAULT NULL,
  `photo_path` varchar(255) DEFAULT NULL,
  `pan_doc_path` varchar(255) DEFAULT NULL,
  `aadhaar_doc_path` varchar(255) DEFAULT NULL,
  `is_active` tinyint(1) NOT NULL DEFAULT 1,
  `last_login` timestamp NULL DEFAULT NULL,
  `created_at` datetime DEFAULT current_timestamp(),
  `avatar` varchar(255) DEFAULT NULL,
  `aadhaar_front` varchar(255) DEFAULT NULL,
  `aadhaar_back` varchar(255) DEFAULT NULL,
  `pan_doc` varchar(255) DEFAULT NULL
) ENGINE=InnoDB DEFAULT CHARSET=utf8mb4 COLLATE=utf8mb4_general_ci;

--
-- Dumping data for table `users`
--

INSERT INTO `users` (`id`, `username`, `password`, `email`, `role`, `role_id`, `branch_id`, `consignor_id`, `address`, `pan_no`, `aadhaar_no`, `photo_path`, `pan_doc_path`, `aadhaar_doc_path`, `is_active`, `last_login`, `created_at`, `avatar`, `aadhaar_front`, `aadhaar_back`, `pan_doc`) VALUES
(1, 'admin', '$2y$10$PaYhu4csjn8X5BFBohOK1ONg9v9Kbe4hlr28nSo7.FxIK5GH8jwCC', 'admin@example.com', 'admin', 1, 1, NULL, NULL, NULL, NULL, NULL, NULL, NULL, 1, '2026-01-10 22:11:15', '2025-08-27 14:38:54', NULL, NULL, NULL, NULL),
(2, 'stc.pawan', '$2y$10$MsqZuHXPh085o5aGq2Dwu.Lgq8Rqz2K.9Nv269xfX0ULZhizIgANW', 'stc.pawan@stclogistics.in', 'staff', 3, 3, NULL, '', '', '', '', '', '', 1, '2026-01-16 16:38:11', '2025-09-20 12:30:19', NULL, NULL, NULL, NULL),
(3, 'stc.abhinash', '$2y$10$Ar7eP4R4Kr.FyK6PVtwmL.62x/jAmMq9559bfJmf/XG5GxfRkxZBy', 'stc.abhinash@stclogistics.in', 'staff', 3, 2, NULL, '', '', '', '', '', '', 1, '2026-01-16 15:20:33', '2025-09-20 12:31:14', NULL, NULL, NULL, NULL),
(4, 'stcdgp', '$2y$10$7pBY8sLvsFlBAE1GtlVwG.0YhXLsYIhgapuuUyHTIb0oLK6t2DCXq', 'durgapur@stclogistics.in', 'manager', 2, 3, NULL, '', '', '', '', '', '', 1, '2026-01-05 15:55:22', '2025-09-20 12:33:51', NULL, NULL, NULL, NULL),
(5, 'stcghy', '$2y$10$5HLMQwLT7MQ0roTyHaXO7OKig35wApbZVzrY8ccEr1TiN/t0PDZ5i', 'guwahati@stclogistics.in', 'manager', 2, 2, NULL, '', '', '', '', '', '', 1, '2026-01-16 20:35:01', '2025-09-20 12:34:19', NULL, NULL, NULL, NULL),
(6, 'stcsilchar', '$2y$10$/llCP0A24Iw46luQ3TTtW.TEEyrzz7PWkh48Aa9/JZY2rZoVD7vi.', 'silchar@stclogistics.in', 'manager', 2, 4, NULL, '', '', '', '', '', '', 1, NULL, '2025-09-20 12:36:14', NULL, NULL, NULL, NULL),
(7, '8724903313', '$2y$10$ZMvihKGFrtjhIMgUmxvLdOHurHj3eYfIYH/N8ANdtG3iyEYp2pkq2', 'client@example.com', 'client', NULL, 2, 1, NULL, NULL, NULL, NULL, NULL, NULL, 1, '2025-09-25 08:31:12', '2025-09-25 08:30:57', NULL, NULL, NULL, NULL),
(8, 'stc.sunil', '$2y$10$CNqS.HPFWRhvB5e3xGgc8OYGOmYKbXEV/pFD9bM3RAe3rtO9Dkmxu', 'info@stclogistics.in', 'staff', NULL, 2, NULL, 'C/O- LOKNATH SHARMA, AMLIGHAT, SONAIKUSHI, MARIGAON, ASSAM- 782413', 'GAEPR6642K', '860457341555', '', 'uploads/users/user_8_pan_doc_1762426927.jpeg', 'uploads/users/user_8_aadhaar_doc_1762426927.jpeg', 0, '2025-12-25 14:13:20', '2025-11-06 11:02:07', NULL, NULL, NULL, NULL),
(10, '8135005557', '$2y$10$4Rnr7I0WxANi8Jz/qhBdUu8yynodRYUypFjFrC9K4V8.HVSZy/zdu', '', 'Driver', NULL, 2, NULL, NULL, NULL, NULL, NULL, NULL, NULL, 1, NULL, '2025-12-28 08:57:12', '', '', '', ''),
(28, '9365128502', '$2y$10$5CZ1fkWf8JKr9B9yCwEDbO6HdJV4aXYbX1TAHFRJhOKQHg9TilWUy', '9365128502@driver.local', 'Driver', NULL, 2, NULL, NULL, NULL, NULL, NULL, NULL, NULL, 1, NULL, '2025-12-28 11:56:42', NULL, NULL, NULL, NULL),
(29, '9394704898', '$2y$10$sDH4I1zWIj/vnE9xwounlOE/QsZUWqupUdldqqAK/V6SzU8Y5pp.i', '9394704898@driver.local', 'Driver', NULL, 2, NULL, NULL, NULL, NULL, NULL, NULL, NULL, 1, NULL, '2025-12-28 11:56:48', NULL, NULL, NULL, NULL),
(30, '9954919136', '$2y$10$NUPY12kTFbSfD9gSzAavveRCxUP9L5U6W4oNw43t6nWUtjRZe15CK', '9954919136@driver.local', 'Driver', NULL, 2, NULL, NULL, NULL, NULL, NULL, NULL, NULL, 1, NULL, '2025-12-28 11:57:19', 'uploads/drivers/driver_1767107689_6953ec699eb72.jpeg', 'uploads/drivers/driver_1767107689_6953ec699ecb8.jpeg', 'uploads/drivers/driver_1767107689_6953ec699ee87.jpeg', 'uploads/drivers/driver_1767107689_6953ec699ef20.jpeg'),
(31, '9864182519', '$2y$10$Ct5YSZNDkm3lMfvTqRqD5OW3CbgX1BHKky6fnC56SknI.TOaB4yYa', '9864182519@driver.local', 'Driver', NULL, 2, NULL, NULL, NULL, NULL, NULL, NULL, NULL, 1, NULL, '2025-12-28 12:49:33', 'uploads/drivers/driver_1767107413_6953eb5502f1c.jpeg', 'uploads/drivers/driver_1767107413_6953eb5503047.jpeg', 'uploads/drivers/driver_1767107413_6953eb55030a4.jpeg', 'uploads/drivers/driver_1767107413_6953eb55030fa.jpeg'),
(32, '8248835865', '$2y$10$B7xxY91LuQ7WBKpXTyjNVujxaXSA5mikZSO/HK1QGe7jNW8r2f4wC', '8248835865@driver.local', 'Driver', NULL, 2, NULL, NULL, NULL, NULL, NULL, NULL, NULL, 1, NULL, '2025-12-30 13:00:31', 'uploads/drivers/driver_1767108005_6953eda5531ce.jpeg', 'uploads/drivers/driver_1767108005_6953eda5532ea.jpeg', 'uploads/drivers/driver_1767108005_6953eda553355.jpeg', 'uploads/drivers/driver_1767108005_6953eda5533ea.jpeg'),
(33, '8099779746', '$2y$10$j2jOVn.OzH3tzRSUaT/ZPeQ0/gZfnBIgLs4vDkygnR5XyDLdMchJa', '8099779746@driver.local', 'Driver', NULL, 2, NULL, NULL, NULL, NULL, NULL, NULL, NULL, 1, NULL, '2025-12-30 13:00:35', '', '', '', ''),
(34, '8011148312', '$2y$10$k2T8joWgS7JajCF15tbxnuWVq3oHJLv5SpXrvbTJm7.rHnrJcADlW', '8011148312@driver.local', 'Driver', NULL, 2, NULL, NULL, NULL, NULL, NULL, NULL, NULL, 1, NULL, '2025-12-30 13:01:06', NULL, NULL, NULL, NULL),
(35, '8761813884', '$2y$10$/AU45ovA0YappgpgS/nFouR2nWQi6VW8VNxCkPyOguBUUHoih38s6', '8761813884@driver.local', 'Driver', NULL, 2, NULL, NULL, NULL, NULL, NULL, NULL, NULL, 1, NULL, '2025-12-30 13:01:16', '', '', '', ''),
(36, '9707995470', '$2y$10$G9Xc5ZTCvegqP/MAkvO6x.jgsUnnyUFIdmg2Ilsbg7hYLDJ/O/iJ.', '9707995470@driver.local', 'Driver', NULL, 2, NULL, NULL, NULL, NULL, NULL, NULL, NULL, 1, NULL, '2025-12-30 13:01:27', NULL, NULL, NULL, NULL),
(37, '6900380997', '$2y$10$QzadzWWt2yeKOmhaz16mVui.erFWTZYdu1CpO9OvypoifnY.kaUOu', '6900380997@driver.local', 'Driver', NULL, 2, NULL, NULL, NULL, NULL, NULL, NULL, NULL, 1, NULL, '2025-12-30 13:01:30', '', '', '', ''),
(38, '6001742732', '$2y$10$XKAuuP1s0PPXRbAOjR3K1eXddaiMN5NCpWuylxxwXT1bjzgfqu1Sq', '6001742732@driver.local', 'Driver', NULL, 2, NULL, NULL, NULL, NULL, NULL, NULL, NULL, 1, NULL, '2025-12-30 13:12:38', 'uploads/drivers/driver_1767106178_6953e682c52d5.jpeg', 'uploads/drivers/driver_1767106178_6953e682c547c.jpeg', 'uploads/drivers/driver_1767106178_6953e682c54c2.jpeg', 'uploads/drivers/driver_1767106178_6953e682c5505.jpeg'),
(39, '8453136509', '$2y$10$6jYFSWifHSbPjcYXP5l1yu3b7ZwHWBMqbDJnICoW9e7fvPY3Qefr.', '8453136509@driver.local', 'Driver', NULL, 2, NULL, NULL, NULL, NULL, NULL, NULL, NULL, 1, NULL, '2025-12-30 13:32:28', 'uploads/drivers/driver_1767104674_6953e0a2adecb.jpeg', 'uploads/drivers/driver_1767104674_6953e0a2ae070.jpeg', 'uploads/drivers/driver_1767104674_6953e0a2ae0e6.jpeg', 'uploads/drivers/driver_1767104674_6953e0a2ae139.jpeg');

-- --------------------------------------------------------

--
-- Table structure for table `vehicles`
--

CREATE TABLE `vehicles` (
  `id` int(11) NOT NULL,
  `vehicle_number` varchar(50) NOT NULL,
  `vehicle_type` varchar(100) DEFAULT NULL,
  `ownership_type` enum('Owned','Hired') NOT NULL DEFAULT 'Hired',
  `owner_name` varchar(255) DEFAULT NULL,
  `rc_expiry` date DEFAULT NULL,
  `owner_contact` varchar(20) DEFAULT NULL,
  `driver_id` int(11) DEFAULT NULL,
  `registration_date` date DEFAULT NULL,
  `fitness_expiry` date DEFAULT NULL,
  `insurance_expiry` date DEFAULT NULL,
  `tax_expiry` date DEFAULT NULL,
  `puc_expiry` date DEFAULT NULL,
  `permit_expiry` date DEFAULT NULL,
  `permit_details` text DEFAULT NULL,
  `rc_doc_path` varchar(255) DEFAULT NULL,
  `insurance_doc_path` varchar(255) DEFAULT NULL,
  `permit_doc_path` varchar(255) DEFAULT NULL,
  `branch_id` int(11) DEFAULT NULL,
  `is_active` tinyint(1) NOT NULL DEFAULT 1,
  `created_at` timestamp NOT NULL DEFAULT current_timestamp()
) ENGINE=InnoDB DEFAULT CHARSET=utf8mb4 COLLATE=utf8mb4_general_ci;

--
-- Dumping data for table `vehicles`
--

INSERT INTO `vehicles` (`id`, `vehicle_number`, `vehicle_type`, `ownership_type`, `owner_name`, `rc_expiry`, `owner_contact`, `driver_id`, `registration_date`, `fitness_expiry`, `insurance_expiry`, `tax_expiry`, `puc_expiry`, `permit_expiry`, `permit_details`, `rc_doc_path`, `insurance_doc_path`, `permit_doc_path`, `branch_id`, `is_active`, `created_at`) VALUES
(1, 'AS01SC1546', 'Truck 6W', 'Owned', 'STC LOGISTICS', NULL, '8707024051', 2, '2024-07-20', '2026-07-19', '2026-06-24', '2026-03-31', '2026-07-19', '2026-07-23', '', '', '', '', NULL, 1, '2025-10-04 08:54:50'),
(2, 'AS01SC1746', 'Truck 6W', 'Owned', 'STC LOGISTICS', NULL, '8707024051', 3, '2024-07-23', '2026-07-19', '2026-06-24', '2026-03-31', '2026-07-19', '2026-07-23', '', '', '', '', NULL, 1, '2025-10-04 08:56:53'),
(3, 'AS01HC9826', 'Truck 6W', 'Owned', 'STC LOGISTICS', NULL, '8707024051', 14, '2017-07-31', '2026-03-29', '2026-12-18', '2026-03-31', '2026-07-01', '2026-10-16', '', '', '', '', NULL, 1, '2025-10-04 08:58:48'),
(4, 'AS01TC5246', 'Truck 6W', 'Owned', 'STC LOGISTICS', NULL, '8707024051', 4, '2019-08-02', '2027-11-24', '2026-07-30', '2026-09-30', '2026-03-11', '2026-09-23', '', '', '', '', NULL, 1, '2025-10-04 09:00:34'),
(5, 'AS01TC5346', 'Truck 6W', 'Owned', 'STC LOGISTICS', NULL, '8707024051', 13, '2019-08-08', '2027-11-16', '2026-09-06', '2026-09-30', '2026-03-11', '2026-09-14', '', '', '', '', NULL, 1, '2025-10-04 09:00:59'),
(6, 'AS01TC2956', 'Truck 6W', 'Owned', 'STC LOGISTICS', NULL, '8707024051', 5, NULL, NULL, NULL, NULL, NULL, NULL, '', '', '', '', NULL, 1, '2025-10-04 09:02:00'),
(7, 'AS01TC2946', 'Truck 6W', 'Owned', 'STC LOGISTICS', NULL, '8707024051', 1, NULL, NULL, NULL, NULL, NULL, NULL, '', '', '', '', NULL, 1, '2025-10-04 09:02:41'),
(8, 'AS01HC6766', 'Truck 6W', 'Owned', 'Jagadish Prasad Chaubey', NULL, '9435341688', 8, '2017-03-16', '2027-03-10', '2026-02-23', '2026-03-31', '2026-03-08', '2027-04-05', '', '', '', '', NULL, 1, '2025-10-04 09:05:32'),
(9, 'AS01KC7546', 'Truck 6W', 'Owned', 'Jagadish Prasad Chaubey', NULL, '9435341688', 9, '2018-12-26', '2026-12-30', '2026-12-22', '2026-03-31', '2026-03-11', '2026-12-26', '', '', '', '', NULL, 1, '2025-10-04 09:05:49'),
(10, 'AS01EC2246', 'Truck 6W', 'Owned', 'Jagadish Prasad Chaubey', NULL, '9435341688', 11, '2012-11-08', '2026-02-03', '2026-11-04', '2026-03-31', '2026-03-23', '2025-12-30', '', '', '', '', NULL, 1, '2025-10-04 09:08:07'),
(11, 'AS01FC4276', 'Truck 6W', 'Owned', 'Jagadish Prasad Chaubey', NULL, '9435341688', NULL, '2014-04-04', '2026-05-12', '2026-04-21', '2026-03-31', '2026-03-23', '2029-05-15', '', '', '', '', NULL, 1, '2025-10-04 09:09:17'),
(12, 'AS01JC6546', 'Truck 6W', 'Owned', 'Jagadish Prasad Chaubey', NULL, '9435341688', 6, '2018-04-04', '2026-07-03', '2026-06-04', '2026-03-31', '2026-11-11', '2026-06-20', '', '', '', '', NULL, 1, '2025-10-04 09:10:10'),
(14, 'AS26C5829', NULL, 'Hired', NULL, NULL, NULL, NULL, NULL, NULL, NULL, NULL, NULL, NULL, NULL, NULL, NULL, NULL, 2, 1, '2025-10-07 05:53:25'),
(15, 'WB174082', NULL, 'Hired', NULL, NULL, NULL, NULL, NULL, NULL, NULL, NULL, NULL, NULL, NULL, NULL, NULL, NULL, 2, 1, '2025-10-08 13:04:24'),
(16, 'HR38AB1663', NULL, 'Hired', NULL, NULL, NULL, NULL, NULL, NULL, NULL, NULL, NULL, NULL, NULL, NULL, NULL, NULL, 2, 1, '2025-10-08 13:09:25'),
(17, 'As17b1160', NULL, 'Hired', NULL, NULL, NULL, NULL, NULL, NULL, NULL, NULL, NULL, NULL, NULL, NULL, NULL, NULL, 2, 1, '2025-10-09 13:47:43'),
(22, 'AS01D9125', NULL, 'Hired', NULL, NULL, NULL, NULL, NULL, NULL, NULL, NULL, NULL, NULL, NULL, NULL, NULL, NULL, 2, 1, '2025-10-10 14:11:29'),
(23, 'AS01DC9125', NULL, 'Hired', NULL, NULL, NULL, NULL, NULL, NULL, NULL, NULL, NULL, NULL, NULL, NULL, NULL, NULL, 2, 1, '2025-10-10 14:15:47'),
(24, 'AS01LC5146', NULL, 'Hired', NULL, NULL, NULL, NULL, NULL, NULL, NULL, NULL, NULL, NULL, NULL, NULL, NULL, NULL, 2, 1, '2025-10-10 14:22:07'),
(25, 'AS01JC3936', NULL, 'Hired', NULL, NULL, NULL, NULL, NULL, NULL, NULL, NULL, NULL, NULL, NULL, NULL, NULL, NULL, 2, 1, '2025-10-10 14:50:33'),
(26, 'AS17C1012', NULL, 'Hired', NULL, NULL, NULL, NULL, NULL, NULL, NULL, NULL, NULL, NULL, NULL, NULL, NULL, NULL, 2, 1, '2025-10-10 15:21:42'),
(27, 'AS01KC6314', NULL, 'Hired', NULL, NULL, NULL, NULL, NULL, NULL, NULL, NULL, NULL, NULL, NULL, NULL, NULL, NULL, 2, 1, '2025-10-13 12:55:56'),
(28, 'AS01RC1264', NULL, 'Hired', NULL, NULL, NULL, NULL, NULL, NULL, NULL, NULL, NULL, NULL, NULL, NULL, NULL, NULL, 2, 1, '2025-10-14 11:36:40'),
(29, 'WB19Q9912', NULL, 'Hired', NULL, NULL, NULL, NULL, NULL, NULL, NULL, NULL, NULL, NULL, NULL, NULL, NULL, NULL, 2, 1, '2025-10-14 11:53:09'),
(30, 'AS01JC9883', NULL, 'Hired', NULL, NULL, NULL, NULL, NULL, NULL, NULL, NULL, NULL, NULL, NULL, NULL, NULL, NULL, 2, 1, '2025-10-14 13:40:33'),
(31, 'AS15AC5619', NULL, 'Hired', NULL, NULL, NULL, NULL, NULL, NULL, NULL, NULL, NULL, NULL, NULL, NULL, NULL, NULL, 2, 1, '2025-10-14 15:13:21'),
(32, 'AS28AC0921', NULL, 'Hired', NULL, NULL, NULL, NULL, NULL, NULL, NULL, NULL, NULL, NULL, NULL, NULL, NULL, NULL, 2, 1, '2025-10-15 12:56:10'),
(33, 'AS13AC5357', NULL, 'Hired', NULL, NULL, NULL, NULL, NULL, NULL, NULL, NULL, NULL, NULL, NULL, NULL, NULL, NULL, 2, 1, '2025-10-15 12:59:54'),
(34, 'AS26C9064', NULL, 'Hired', NULL, NULL, NULL, NULL, NULL, NULL, NULL, NULL, NULL, NULL, NULL, NULL, NULL, NULL, 2, 1, '2025-10-16 12:30:07'),
(35, 'AS17C0621', NULL, 'Hired', NULL, NULL, NULL, NULL, NULL, NULL, NULL, NULL, NULL, NULL, NULL, NULL, NULL, NULL, 2, 1, '2025-10-18 17:59:24'),
(36, 'AS25CC8699', NULL, 'Hired', NULL, NULL, NULL, NULL, NULL, NULL, NULL, NULL, NULL, NULL, NULL, NULL, NULL, NULL, 2, 1, '2025-10-22 14:43:04'),
(37, 'AS17C5768', NULL, 'Hired', NULL, NULL, NULL, NULL, NULL, NULL, NULL, NULL, NULL, NULL, NULL, NULL, NULL, NULL, 2, 1, '2025-10-25 11:34:48'),
(38, 'AS19AC5447', NULL, 'Hired', NULL, NULL, NULL, NULL, NULL, NULL, NULL, NULL, NULL, NULL, NULL, NULL, NULL, NULL, 2, 1, '2025-10-25 11:42:09'),
(39, 'TR01AE1577', NULL, 'Hired', NULL, NULL, NULL, NULL, NULL, NULL, NULL, NULL, NULL, NULL, NULL, NULL, NULL, NULL, 2, 1, '2025-10-25 11:56:08'),
(40, 'AS26C9346', NULL, 'Hired', NULL, NULL, NULL, NULL, NULL, NULL, NULL, NULL, NULL, NULL, NULL, NULL, NULL, NULL, 2, 1, '2025-10-27 14:59:59'),
(41, 'NL01AE4721', NULL, 'Hired', NULL, NULL, NULL, NULL, NULL, NULL, NULL, NULL, NULL, NULL, NULL, NULL, NULL, NULL, 2, 1, '2025-10-28 11:08:10'),
(42, 'AS10C7317', NULL, 'Hired', NULL, NULL, NULL, NULL, NULL, NULL, NULL, NULL, NULL, NULL, NULL, NULL, NULL, NULL, 2, 1, '2025-10-28 12:22:59'),
(43, 'AS26AC0181', NULL, 'Hired', NULL, NULL, NULL, NULL, NULL, NULL, NULL, NULL, NULL, NULL, NULL, NULL, NULL, NULL, 2, 1, '2025-10-28 13:38:54'),
(44, 'NL01AD7077', NULL, 'Hired', NULL, NULL, NULL, NULL, NULL, NULL, NULL, NULL, NULL, NULL, NULL, NULL, NULL, NULL, 2, 1, '2025-10-30 10:46:15'),
(45, 'AS01TC2088', NULL, 'Hired', NULL, NULL, NULL, NULL, NULL, NULL, NULL, NULL, NULL, NULL, NULL, NULL, NULL, NULL, 2, 1, '2025-10-31 03:35:01'),
(46, 'AS16C3988', NULL, 'Hired', NULL, NULL, NULL, NULL, NULL, NULL, NULL, NULL, NULL, NULL, NULL, NULL, NULL, NULL, 2, 1, '2025-10-31 15:25:07'),
(47, 'AS19C3974', NULL, 'Hired', NULL, NULL, NULL, NULL, NULL, NULL, NULL, NULL, NULL, NULL, NULL, NULL, NULL, NULL, 2, 1, '2025-11-01 11:23:26'),
(48, 'AS01NC6049', NULL, 'Hired', NULL, NULL, NULL, NULL, NULL, NULL, NULL, NULL, NULL, NULL, NULL, NULL, NULL, NULL, 2, 1, '2025-11-01 12:37:19'),
(49, 'AS25CC7996', '', 'Hired', '', NULL, '', NULL, NULL, NULL, NULL, NULL, NULL, NULL, '', '', '', '', 2, 1, '2025-11-03 11:08:27'),
(51, 'AS01LC4817', NULL, 'Hired', NULL, NULL, NULL, NULL, NULL, NULL, NULL, NULL, NULL, NULL, NULL, NULL, NULL, NULL, 2, 1, '2025-11-03 14:00:16'),
(52, 'HR58E2933', NULL, 'Hired', NULL, NULL, NULL, NULL, NULL, NULL, NULL, NULL, NULL, NULL, NULL, NULL, NULL, NULL, 3, 1, '2025-11-04 12:14:35'),
(53, 'HR65A8645', NULL, 'Hired', NULL, NULL, NULL, NULL, NULL, NULL, NULL, NULL, NULL, NULL, NULL, NULL, NULL, NULL, 3, 1, '2025-11-04 13:41:36'),
(54, 'HR38AE8001', NULL, 'Hired', NULL, NULL, NULL, NULL, NULL, NULL, NULL, NULL, NULL, NULL, NULL, NULL, NULL, NULL, 3, 1, '2025-11-04 13:45:34'),
(55, 'RJ32GC3431', NULL, 'Hired', NULL, NULL, NULL, NULL, NULL, NULL, NULL, NULL, NULL, NULL, NULL, NULL, NULL, NULL, 3, 1, '2025-11-04 13:49:34'),
(56, 'RJ02GB6186', NULL, 'Hired', NULL, NULL, NULL, NULL, NULL, NULL, NULL, NULL, NULL, NULL, NULL, NULL, NULL, NULL, 3, 1, '2025-11-04 13:53:19'),
(57, 'BR27GA5559', NULL, 'Hired', NULL, NULL, NULL, NULL, NULL, NULL, NULL, NULL, NULL, NULL, NULL, NULL, NULL, NULL, 3, 1, '2025-11-04 13:56:57'),
(58, 'HR58E2618', NULL, 'Hired', NULL, NULL, NULL, NULL, NULL, NULL, NULL, NULL, NULL, NULL, NULL, NULL, NULL, NULL, 3, 1, '2025-11-04 15:06:02'),
(60, 'NL01AF4716', NULL, 'Hired', NULL, NULL, NULL, NULL, NULL, NULL, NULL, NULL, NULL, NULL, NULL, NULL, NULL, NULL, 3, 1, '2025-11-04 15:22:44'),
(61, 'NL01N9405', NULL, 'Hired', NULL, NULL, NULL, NULL, NULL, NULL, NULL, NULL, NULL, NULL, NULL, NULL, NULL, NULL, 3, 1, '2025-11-04 15:29:39'),
(62, 'NL01N4281', NULL, 'Hired', NULL, NULL, NULL, NULL, NULL, NULL, NULL, NULL, NULL, NULL, NULL, NULL, NULL, NULL, 3, 1, '2025-11-04 15:38:14'),
(63, 'NL01AD2495', NULL, 'Hired', NULL, NULL, NULL, NULL, NULL, NULL, NULL, NULL, NULL, NULL, NULL, NULL, NULL, NULL, 3, 1, '2025-11-05 12:13:31'),
(64, 'NL01AH0412', NULL, 'Hired', NULL, NULL, NULL, NULL, NULL, NULL, NULL, NULL, NULL, NULL, NULL, NULL, NULL, NULL, 3, 1, '2025-11-05 12:20:17'),
(65, 'NL01AF7302', NULL, 'Hired', NULL, NULL, NULL, NULL, NULL, NULL, NULL, NULL, NULL, NULL, NULL, NULL, NULL, NULL, 3, 1, '2025-11-06 12:57:42'),
(66, 'NL01AD2494', NULL, 'Hired', NULL, NULL, NULL, NULL, NULL, NULL, NULL, NULL, NULL, NULL, NULL, NULL, NULL, NULL, 3, 1, '2025-11-06 13:04:01'),
(67, 'NL01AG2757', NULL, 'Hired', NULL, NULL, NULL, NULL, NULL, NULL, NULL, NULL, NULL, NULL, NULL, NULL, NULL, NULL, 3, 1, '2025-11-06 13:24:23'),
(68, 'OD14M8850', NULL, 'Hired', NULL, NULL, NULL, NULL, NULL, NULL, NULL, NULL, NULL, NULL, NULL, NULL, NULL, NULL, 3, 1, '2025-11-07 11:20:33'),
(69, 'NL01AE3610', NULL, 'Hired', NULL, NULL, NULL, NULL, NULL, NULL, NULL, NULL, NULL, NULL, NULL, NULL, NULL, NULL, 3, 1, '2025-11-07 11:28:33'),
(70, 'RJ02GB3151', NULL, 'Hired', NULL, NULL, NULL, NULL, NULL, NULL, NULL, NULL, NULL, NULL, NULL, NULL, NULL, NULL, 3, 1, '2025-11-07 12:06:26'),
(71, 'NL01N9497', NULL, 'Hired', NULL, NULL, NULL, NULL, NULL, NULL, NULL, NULL, NULL, NULL, NULL, NULL, NULL, NULL, 3, 1, '2025-11-07 13:12:13'),
(72, 'AS17C1086', NULL, 'Hired', NULL, NULL, NULL, NULL, NULL, NULL, NULL, NULL, NULL, NULL, NULL, NULL, NULL, NULL, 2, 1, '2025-11-08 10:49:00'),
(73, 'HR58E9824', NULL, 'Hired', NULL, NULL, NULL, NULL, NULL, NULL, NULL, NULL, NULL, NULL, NULL, NULL, NULL, NULL, 3, 1, '2025-11-08 12:14:35'),
(74, 'HR58C7092', NULL, 'Hired', NULL, NULL, NULL, NULL, NULL, NULL, NULL, NULL, NULL, NULL, NULL, NULL, NULL, NULL, 3, 1, '2025-11-08 12:17:24'),
(75, 'NL01AA6195', NULL, 'Hired', NULL, NULL, NULL, NULL, NULL, NULL, NULL, NULL, NULL, NULL, NULL, NULL, NULL, NULL, 3, 1, '2025-11-09 13:39:49'),
(76, 'NL01AA3427', NULL, 'Hired', NULL, NULL, NULL, NULL, NULL, NULL, NULL, NULL, NULL, NULL, NULL, NULL, NULL, NULL, 3, 1, '2025-11-09 13:50:38'),
(77, 'WB19J2240', NULL, 'Hired', NULL, NULL, NULL, NULL, NULL, NULL, NULL, NULL, NULL, NULL, NULL, NULL, NULL, NULL, 2, 1, '2025-11-10 09:18:05'),
(78, 'HR38AB0578', NULL, 'Hired', NULL, NULL, NULL, NULL, NULL, NULL, NULL, NULL, NULL, NULL, NULL, NULL, NULL, NULL, 2, 1, '2025-11-10 12:32:50'),
(79, 'UP84T5624', NULL, 'Hired', NULL, NULL, NULL, NULL, NULL, NULL, NULL, NULL, NULL, NULL, NULL, NULL, NULL, NULL, 3, 1, '2025-11-10 13:58:31'),
(80, 'RJ32GC0020', NULL, 'Hired', NULL, NULL, NULL, NULL, NULL, NULL, NULL, NULL, NULL, NULL, NULL, NULL, NULL, NULL, 3, 1, '2025-11-10 14:02:22'),
(81, 'RJ29GA9367', NULL, 'Hired', NULL, NULL, NULL, NULL, NULL, NULL, NULL, NULL, NULL, NULL, NULL, NULL, NULL, NULL, 3, 1, '2025-11-10 14:55:42'),
(82, 'JH05DJ8903', NULL, 'Hired', NULL, NULL, NULL, NULL, NULL, NULL, NULL, NULL, NULL, NULL, NULL, NULL, NULL, NULL, 3, 1, '2025-11-10 15:10:37'),
(83, 'rj14gk0010', NULL, 'Hired', NULL, NULL, NULL, NULL, NULL, NULL, NULL, NULL, NULL, NULL, NULL, NULL, NULL, NULL, 3, 1, '2025-11-11 11:51:43'),
(86, 'HR58C3542', NULL, 'Hired', NULL, NULL, NULL, NULL, NULL, NULL, NULL, NULL, NULL, NULL, NULL, NULL, NULL, NULL, 3, 1, '2025-11-11 12:03:23'),
(87, 'WB37E8423', NULL, 'Hired', NULL, NULL, NULL, NULL, NULL, NULL, NULL, NULL, NULL, NULL, NULL, NULL, NULL, NULL, 3, 1, '2025-11-11 13:19:18'),
(88, 'AS01NC2632', NULL, 'Hired', NULL, NULL, NULL, NULL, NULL, NULL, NULL, NULL, NULL, NULL, NULL, NULL, NULL, NULL, 2, 1, '2025-11-11 14:09:35'),
(89, 'ML08F0799', NULL, 'Hired', NULL, NULL, NULL, NULL, NULL, NULL, NULL, NULL, NULL, NULL, NULL, NULL, NULL, NULL, 2, 1, '2025-11-12 10:49:34'),
(90, 'TR01AU1781', NULL, 'Hired', NULL, NULL, NULL, NULL, NULL, NULL, NULL, NULL, NULL, NULL, NULL, NULL, NULL, NULL, 2, 1, '2025-11-13 12:49:40'),
(91, 'HR58C7383', NULL, 'Hired', NULL, NULL, NULL, NULL, NULL, NULL, NULL, NULL, NULL, NULL, NULL, NULL, NULL, NULL, 3, 1, '2025-11-13 15:00:56'),
(92, 'HR58E3541', NULL, 'Hired', NULL, NULL, NULL, NULL, NULL, NULL, NULL, NULL, NULL, NULL, NULL, NULL, NULL, NULL, 3, 1, '2025-11-14 06:26:19'),
(93, 'HR38AE8009', NULL, 'Hired', NULL, NULL, NULL, NULL, NULL, NULL, NULL, NULL, NULL, NULL, NULL, NULL, NULL, NULL, 3, 1, '2025-11-14 06:31:03'),
(94, 'RJ47GA2772', NULL, 'Hired', NULL, NULL, NULL, NULL, NULL, NULL, NULL, NULL, NULL, NULL, NULL, NULL, NULL, NULL, 3, 1, '2025-11-14 12:43:31'),
(95, 'AS01FC9951', NULL, 'Hired', NULL, NULL, NULL, NULL, NULL, NULL, NULL, NULL, NULL, NULL, NULL, NULL, NULL, NULL, 2, 1, '2025-11-14 13:33:56'),
(96, 'AS01LC1386', NULL, 'Hired', NULL, NULL, NULL, NULL, NULL, NULL, NULL, NULL, NULL, NULL, NULL, NULL, NULL, NULL, 2, 1, '2025-11-14 16:24:28'),
(97, 'RJ01GD2782', NULL, 'Hired', NULL, NULL, NULL, NULL, NULL, NULL, NULL, NULL, NULL, NULL, NULL, NULL, NULL, NULL, 3, 1, '2025-11-15 07:27:23'),
(98, 'Nl01AD4591', NULL, 'Hired', NULL, NULL, NULL, NULL, NULL, NULL, NULL, NULL, NULL, NULL, NULL, NULL, NULL, NULL, 2, 1, '2025-11-15 15:41:50'),
(101, 'NL01AD6201', NULL, 'Hired', NULL, NULL, NULL, NULL, NULL, NULL, NULL, NULL, NULL, NULL, NULL, NULL, NULL, NULL, 2, 1, '2025-11-15 15:52:40'),
(102, 'AS11DC2026', NULL, 'Hired', NULL, NULL, NULL, NULL, NULL, NULL, NULL, NULL, NULL, NULL, NULL, NULL, NULL, NULL, 2, 1, '2025-11-15 18:22:50'),
(103, 'UP16JT7037', NULL, 'Hired', NULL, NULL, NULL, NULL, NULL, NULL, NULL, NULL, NULL, NULL, NULL, NULL, NULL, NULL, 3, 1, '2025-11-16 08:17:08'),
(104, 'As11CC0913', NULL, 'Hired', NULL, NULL, NULL, NULL, NULL, NULL, NULL, NULL, NULL, NULL, NULL, NULL, NULL, NULL, 2, 1, '2025-11-17 12:13:32'),
(105, 'HR38AF6812', NULL, 'Hired', NULL, NULL, NULL, NULL, NULL, NULL, NULL, NULL, NULL, NULL, NULL, NULL, NULL, NULL, 3, 1, '2025-11-17 12:36:22'),
(107, 'AS26AC0241', '6W 12 Ton', 'Owned', 'Jagadish Prasad Chaubey', NULL, '', 10, '2022-09-26', '2026-09-25', '2026-09-07', '2026-03-31', '2026-10-09', '2026-10-26', '', '', '', '', 2, 1, '2025-11-17 13:27:32'),
(108, 'AS26AC0228', NULL, 'Hired', NULL, NULL, NULL, NULL, NULL, NULL, NULL, NULL, NULL, NULL, NULL, NULL, NULL, NULL, 2, 1, '2025-11-19 02:29:12'),
(109, 'hr58c4192', NULL, 'Hired', NULL, NULL, NULL, NULL, NULL, NULL, NULL, NULL, NULL, NULL, NULL, NULL, NULL, NULL, 3, 1, '2025-11-20 07:11:54'),
(113, 'HR58E5582', NULL, 'Hired', NULL, NULL, NULL, NULL, NULL, NULL, NULL, NULL, NULL, NULL, NULL, NULL, NULL, NULL, 3, 1, '2025-11-20 07:15:23'),
(114, 'JH02BV4611', NULL, 'Hired', NULL, NULL, NULL, NULL, NULL, NULL, NULL, NULL, NULL, NULL, NULL, NULL, NULL, NULL, 3, 1, '2025-11-21 11:34:43'),
(115, 'RJ01GC0970', NULL, 'Hired', NULL, NULL, NULL, NULL, NULL, NULL, NULL, NULL, NULL, NULL, NULL, NULL, NULL, NULL, 3, 1, '2025-11-21 11:46:40'),
(116, 'hr58e8216', NULL, 'Hired', NULL, NULL, NULL, NULL, NULL, NULL, NULL, NULL, NULL, NULL, NULL, NULL, NULL, NULL, 3, 1, '2025-11-24 07:38:27'),
(117, 'HR58E1339', NULL, 'Hired', NULL, NULL, NULL, NULL, NULL, NULL, NULL, NULL, NULL, NULL, NULL, NULL, NULL, NULL, 3, 1, '2025-11-24 07:45:48'),
(118, 'HR58E0892', NULL, 'Hired', NULL, NULL, NULL, NULL, NULL, NULL, NULL, NULL, NULL, NULL, NULL, NULL, NULL, NULL, 3, 1, '2025-11-24 07:51:25'),
(119, 'HR58E9874', NULL, 'Hired', NULL, NULL, NULL, NULL, NULL, NULL, NULL, NULL, NULL, NULL, NULL, NULL, NULL, NULL, 3, 1, '2025-11-24 07:55:40'),
(120, 'RJ01GB5707', NULL, 'Hired', NULL, NULL, NULL, NULL, NULL, NULL, NULL, NULL, NULL, NULL, NULL, NULL, NULL, NULL, 3, 1, '2025-11-24 07:58:44'),
(121, 'AS17C5023', NULL, 'Hired', NULL, NULL, NULL, NULL, NULL, NULL, NULL, NULL, NULL, NULL, NULL, NULL, NULL, NULL, 2, 1, '2025-11-25 13:53:14'),
(122, 'As11bc5430', NULL, 'Hired', NULL, NULL, NULL, NULL, NULL, NULL, NULL, NULL, NULL, NULL, NULL, NULL, NULL, NULL, 2, 1, '2025-11-26 10:46:10'),
(123, 'HR58E7503', NULL, 'Hired', NULL, NULL, NULL, NULL, NULL, NULL, NULL, NULL, NULL, NULL, NULL, NULL, NULL, NULL, 3, 1, '2025-11-27 05:19:32'),
(124, 'AS01KC6131', NULL, 'Hired', NULL, NULL, NULL, NULL, NULL, NULL, NULL, NULL, NULL, NULL, NULL, NULL, NULL, NULL, 2, 1, '2025-11-29 10:54:41'),
(125, 'JH02BT0261', NULL, 'Hired', NULL, NULL, NULL, NULL, NULL, NULL, NULL, NULL, NULL, NULL, NULL, NULL, NULL, NULL, 3, 1, '2025-11-29 14:35:42'),
(126, 'AS01RC5014', NULL, 'Hired', NULL, NULL, NULL, NULL, NULL, NULL, NULL, NULL, NULL, NULL, NULL, NULL, NULL, NULL, 2, 1, '2025-11-29 15:23:10'),
(127, 'AS01FC4052', NULL, 'Hired', NULL, NULL, NULL, NULL, NULL, NULL, NULL, NULL, NULL, NULL, NULL, NULL, NULL, NULL, 2, 1, '2025-11-30 07:18:10'),
(128, 'AS01JC6429', NULL, 'Hired', NULL, NULL, NULL, NULL, NULL, NULL, NULL, NULL, NULL, NULL, NULL, NULL, NULL, NULL, 2, 1, '2025-12-01 11:35:04'),
(129, 'RJ09GB4007', NULL, 'Hired', NULL, NULL, NULL, NULL, NULL, NULL, NULL, NULL, NULL, NULL, NULL, NULL, NULL, NULL, 3, 1, '2025-12-01 11:44:32'),
(130, 'RJ32GB6822', NULL, 'Hired', NULL, NULL, NULL, NULL, NULL, NULL, NULL, NULL, NULL, NULL, NULL, NULL, NULL, NULL, 3, 1, '2025-12-02 05:26:22'),
(132, 'AS01LC1946', NULL, 'Hired', NULL, NULL, NULL, NULL, NULL, NULL, NULL, NULL, NULL, NULL, NULL, NULL, NULL, NULL, 2, 1, '2025-12-02 12:19:30'),
(133, 'RJ02GC7334', NULL, 'Hired', NULL, NULL, NULL, NULL, NULL, NULL, NULL, NULL, NULL, NULL, NULL, NULL, NULL, NULL, 3, 1, '2025-12-03 07:51:21'),
(134, 'rj01gc2636', NULL, 'Hired', NULL, NULL, NULL, NULL, NULL, NULL, NULL, NULL, NULL, NULL, NULL, NULL, NULL, NULL, 3, 1, '2025-12-04 07:37:01'),
(136, 'HR58E5832', NULL, 'Hired', NULL, NULL, NULL, NULL, NULL, NULL, NULL, NULL, NULL, NULL, NULL, NULL, NULL, NULL, 3, 1, '2025-12-05 16:37:13'),
(137, 'HR58E8370', NULL, 'Hired', NULL, NULL, NULL, NULL, NULL, NULL, NULL, NULL, NULL, NULL, NULL, NULL, NULL, NULL, 3, 1, '2025-12-06 14:07:54'),
(138, 'AS17C6373', NULL, 'Hired', NULL, NULL, NULL, NULL, NULL, NULL, NULL, NULL, NULL, NULL, NULL, NULL, NULL, NULL, 2, 1, '2025-12-08 08:30:09'),
(139, 'HR58D3579', NULL, 'Hired', NULL, NULL, NULL, NULL, NULL, NULL, NULL, NULL, NULL, NULL, NULL, NULL, NULL, NULL, 3, 1, '2025-12-09 16:59:01'),
(140, 'HR58E6464', NULL, 'Hired', NULL, NULL, NULL, NULL, NULL, NULL, NULL, NULL, NULL, NULL, NULL, NULL, NULL, NULL, 3, 1, '2025-12-12 05:54:24'),
(141, 'HR55AN3914', NULL, 'Hired', NULL, NULL, NULL, NULL, NULL, NULL, NULL, NULL, NULL, NULL, NULL, NULL, NULL, NULL, 3, 1, '2025-12-12 05:57:41'),
(142, 'UP84T6280', NULL, 'Hired', NULL, NULL, NULL, NULL, NULL, NULL, NULL, NULL, NULL, NULL, NULL, NULL, NULL, NULL, 3, 1, '2025-12-12 06:00:54'),
(143, 'AS11DC3393', NULL, 'Hired', NULL, NULL, NULL, NULL, NULL, NULL, NULL, NULL, NULL, NULL, NULL, NULL, NULL, NULL, 2, 1, '2025-12-13 12:28:07'),
(144, 'WB19J5146', NULL, 'Hired', NULL, NULL, NULL, NULL, NULL, NULL, NULL, NULL, NULL, NULL, NULL, NULL, NULL, NULL, 2, 1, '2025-12-15 09:19:25'),
(145, 'AS26AC0376', NULL, 'Hired', NULL, NULL, NULL, NULL, NULL, NULL, NULL, NULL, NULL, NULL, NULL, NULL, NULL, NULL, 2, 1, '2025-12-15 13:09:34'),
(146, 'HR58C8990', NULL, 'Hired', NULL, NULL, NULL, NULL, NULL, NULL, NULL, NULL, NULL, NULL, NULL, NULL, NULL, NULL, 3, 1, '2025-12-15 18:03:48'),
(147, 'AS09AC3101', NULL, 'Hired', NULL, NULL, NULL, NULL, NULL, NULL, NULL, NULL, NULL, NULL, NULL, NULL, NULL, NULL, 2, 1, '2025-12-16 12:11:23'),
(148, 'TR01AT1526', NULL, 'Hired', NULL, NULL, NULL, NULL, NULL, NULL, NULL, NULL, NULL, NULL, NULL, NULL, NULL, NULL, 2, 1, '2025-12-16 13:04:25'),
(149, 'AS01QC0691', '24ft Container', 'Hired', 'Guddu Khan', NULL, '', NULL, NULL, NULL, NULL, NULL, NULL, NULL, '', '', '', '', 2, 1, '2025-12-17 12:13:06'),
(150, 'UP16JT8168', NULL, 'Hired', NULL, NULL, NULL, NULL, NULL, NULL, NULL, NULL, NULL, NULL, NULL, NULL, NULL, NULL, 3, 1, '2025-12-18 14:17:30'),
(151, 'TR01BB1527', NULL, 'Hired', NULL, NULL, NULL, NULL, NULL, NULL, NULL, NULL, NULL, NULL, NULL, NULL, NULL, NULL, 2, 1, '2025-12-19 00:43:33'),
(152, 'AS01TC6041', NULL, 'Hired', NULL, NULL, NULL, NULL, NULL, NULL, NULL, NULL, NULL, NULL, NULL, NULL, NULL, NULL, 2, 1, '2025-12-19 13:42:43'),
(153, 'RJ29GB0065', NULL, 'Hired', NULL, NULL, NULL, NULL, NULL, NULL, NULL, NULL, NULL, NULL, NULL, NULL, NULL, NULL, 3, 1, '2025-12-20 00:15:30'),
(154, 'HR58C5279', NULL, 'Hired', NULL, NULL, NULL, NULL, NULL, NULL, NULL, NULL, NULL, NULL, NULL, NULL, NULL, NULL, 3, 1, '2025-12-20 07:50:53'),
(155, 'BR01GQ1877', NULL, 'Hired', NULL, NULL, NULL, NULL, NULL, NULL, NULL, NULL, NULL, NULL, NULL, NULL, NULL, NULL, 3, 1, '2025-12-20 10:21:38'),
(156, 'JH05DX8034', NULL, 'Hired', NULL, NULL, NULL, NULL, NULL, NULL, NULL, NULL, NULL, NULL, NULL, NULL, NULL, NULL, 3, 1, '2025-12-22 11:43:08'),
(157, 'JH05DJ3202', NULL, 'Hired', NULL, NULL, NULL, NULL, NULL, NULL, NULL, NULL, NULL, NULL, NULL, NULL, NULL, NULL, 3, 1, '2025-12-22 11:48:59'),
(160, 'PB10HA9215', NULL, 'Hired', NULL, NULL, NULL, NULL, NULL, NULL, NULL, NULL, NULL, NULL, NULL, NULL, NULL, NULL, 3, 1, '2025-12-23 06:09:37'),
(161, 'AP39UM6185', NULL, 'Hired', NULL, NULL, NULL, NULL, NULL, NULL, NULL, NULL, NULL, NULL, NULL, NULL, NULL, NULL, 3, 1, '2025-12-23 16:25:51'),
(162, 'MH40CT2555', NULL, 'Hired', NULL, NULL, NULL, NULL, NULL, NULL, NULL, NULL, NULL, NULL, NULL, NULL, NULL, NULL, 3, 1, '2025-12-24 11:42:43'),
(163, 'PB11DA8427', NULL, 'Hired', NULL, NULL, NULL, NULL, NULL, NULL, NULL, NULL, NULL, NULL, NULL, NULL, NULL, NULL, 3, 1, '2025-12-24 11:53:07'),
(164, 'RJ42GA2036', NULL, 'Hired', NULL, NULL, NULL, NULL, NULL, NULL, NULL, NULL, NULL, NULL, NULL, NULL, NULL, NULL, 3, 1, '2025-12-24 12:00:42'),
(165, 'hr38ac4722', NULL, 'Hired', NULL, NULL, NULL, NULL, NULL, NULL, NULL, NULL, NULL, NULL, NULL, NULL, NULL, NULL, 3, 1, '2025-12-25 17:40:53'),
(166, 'AS01TC0143', NULL, 'Hired', NULL, NULL, NULL, NULL, NULL, NULL, NULL, NULL, NULL, NULL, NULL, NULL, NULL, NULL, 2, 1, '2025-12-27 03:23:15'),
(167, 'HR38Ac9597', NULL, 'Hired', NULL, NULL, NULL, NULL, NULL, NULL, NULL, NULL, NULL, NULL, NULL, NULL, NULL, NULL, 3, 1, '2025-12-27 16:33:40'),
(168, 'HR74B2595', NULL, 'Hired', NULL, NULL, NULL, NULL, NULL, NULL, NULL, NULL, NULL, NULL, NULL, NULL, NULL, NULL, 3, 1, '2025-12-28 04:46:52'),
(169, 'HR58F4857', NULL, 'Hired', NULL, NULL, NULL, NULL, NULL, NULL, NULL, NULL, NULL, NULL, NULL, NULL, NULL, NULL, 3, 1, '2025-12-28 18:44:02'),
(170, 'HR58C6772', NULL, 'Hired', NULL, NULL, NULL, NULL, NULL, NULL, NULL, NULL, NULL, NULL, NULL, NULL, NULL, NULL, 3, 1, '2025-12-28 18:58:45'),
(171, 'HR74B2390', NULL, 'Hired', NULL, NULL, NULL, NULL, NULL, NULL, NULL, NULL, NULL, NULL, NULL, NULL, NULL, NULL, 3, 1, '2025-12-28 19:14:03'),
(172, 'HR58E6542', NULL, 'Hired', NULL, NULL, NULL, NULL, NULL, NULL, NULL, NULL, NULL, NULL, NULL, NULL, NULL, NULL, 3, 1, '2025-12-30 12:24:34'),
(175, 'AS25EC3685', NULL, 'Hired', NULL, NULL, NULL, NULL, NULL, NULL, NULL, NULL, NULL, NULL, NULL, NULL, NULL, NULL, 2, 1, '2025-12-30 16:59:11'),
(176, 'RJ01GC9965', NULL, 'Hired', NULL, NULL, NULL, NULL, NULL, NULL, NULL, NULL, NULL, NULL, NULL, NULL, NULL, NULL, 3, 1, '2025-12-31 12:06:37'),
(177, 'RJ02GC8127', NULL, 'Hired', NULL, NULL, NULL, NULL, NULL, NULL, NULL, NULL, NULL, NULL, NULL, NULL, NULL, NULL, 3, 1, '2025-12-31 15:02:34'),
(178, 'WB39B3050', NULL, 'Hired', NULL, NULL, NULL, NULL, NULL, NULL, NULL, NULL, NULL, NULL, NULL, NULL, NULL, NULL, 3, 1, '2026-01-01 07:37:17'),
(179, 'WB37E4983', NULL, 'Hired', NULL, NULL, NULL, NULL, NULL, NULL, NULL, NULL, NULL, NULL, NULL, NULL, NULL, NULL, 2, 1, '2026-01-02 11:27:08'),
(180, 'AS01LC4539', NULL, 'Hired', NULL, NULL, NULL, NULL, NULL, NULL, NULL, NULL, NULL, NULL, NULL, NULL, NULL, NULL, 2, 1, '2026-01-02 13:00:03'),
(181, 'hr38ad2926', NULL, 'Hired', NULL, NULL, NULL, NULL, NULL, NULL, NULL, NULL, NULL, NULL, NULL, NULL, NULL, NULL, 3, 1, '2026-01-03 05:25:36'),
(183, 'wb39d2322', NULL, 'Hired', NULL, NULL, NULL, NULL, NULL, NULL, NULL, NULL, NULL, NULL, NULL, NULL, NULL, NULL, 3, 1, '2026-01-03 05:45:41'),
(185, 'WB39D2322.', NULL, 'Hired', NULL, NULL, NULL, NULL, NULL, NULL, NULL, NULL, NULL, NULL, NULL, NULL, NULL, NULL, 3, 1, '2026-01-03 05:46:25'),
(187, 'HR47F5830', NULL, 'Hired', NULL, NULL, NULL, NULL, NULL, NULL, NULL, NULL, NULL, NULL, NULL, NULL, NULL, NULL, 3, 1, '2026-01-03 06:14:06'),
(188, 'AS01MC8954', NULL, 'Hired', NULL, NULL, NULL, NULL, NULL, NULL, NULL, NULL, NULL, NULL, NULL, NULL, NULL, NULL, 2, 1, '2026-01-03 10:15:39'),
(189, 'HR58C6509', NULL, 'Hired', NULL, NULL, NULL, NULL, NULL, NULL, NULL, NULL, NULL, NULL, NULL, NULL, NULL, NULL, 3, 1, '2026-01-03 13:03:01'),
(191, 'HR58F7306', NULL, 'Hired', NULL, NULL, NULL, NULL, NULL, NULL, NULL, NULL, NULL, NULL, NULL, NULL, NULL, NULL, 3, 1, '2026-01-05 11:51:38'),
(192, 'RJ01GD0841', NULL, 'Hired', NULL, NULL, NULL, NULL, NULL, NULL, NULL, NULL, NULL, NULL, NULL, NULL, NULL, NULL, 3, 1, '2026-01-07 11:50:03'),
(193, 'RJ01GE0550', NULL, 'Hired', NULL, NULL, NULL, NULL, NULL, NULL, NULL, NULL, NULL, NULL, NULL, NULL, NULL, NULL, 3, 1, '2026-01-07 11:56:10'),
(194, 'HR58E2608', NULL, 'Hired', NULL, NULL, NULL, NULL, NULL, NULL, NULL, NULL, NULL, NULL, NULL, NULL, NULL, NULL, 3, 1, '2026-01-07 11:58:57'),
(195, 'WB39B7664', NULL, 'Hired', NULL, NULL, NULL, NULL, NULL, NULL, NULL, NULL, NULL, NULL, NULL, NULL, NULL, NULL, 3, 1, '2026-01-07 12:07:40'),
(196, 'RJ01GD0840', NULL, 'Hired', NULL, NULL, NULL, NULL, NULL, NULL, NULL, NULL, NULL, NULL, NULL, NULL, NULL, NULL, 3, 1, '2026-01-07 12:11:50'),
(197, 'HR58C0539', NULL, 'Hired', NULL, NULL, NULL, NULL, NULL, NULL, NULL, NULL, NULL, NULL, NULL, NULL, NULL, NULL, 3, 1, '2026-01-07 17:31:02'),
(198, 'RJ09GC7525', NULL, 'Hired', NULL, NULL, NULL, NULL, NULL, NULL, NULL, NULL, NULL, NULL, NULL, NULL, NULL, NULL, 3, 1, '2026-01-09 07:44:51'),
(199, 'HR58E2597', NULL, 'Hired', NULL, NULL, NULL, NULL, NULL, NULL, NULL, NULL, NULL, NULL, NULL, NULL, NULL, NULL, 3, 1, '2026-01-09 07:48:36'),
(200, 'HR58E7575', NULL, 'Hired', NULL, NULL, NULL, NULL, NULL, NULL, NULL, NULL, NULL, NULL, NULL, NULL, NULL, NULL, 3, 1, '2026-01-12 12:10:52'),
(201, 'HR58D5194', NULL, 'Hired', NULL, NULL, NULL, NULL, NULL, NULL, NULL, NULL, NULL, NULL, NULL, NULL, NULL, NULL, 3, 1, '2026-01-12 12:13:54'),
(204, 'HR38AD8552', NULL, 'Hired', NULL, NULL, NULL, NULL, NULL, NULL, NULL, NULL, NULL, NULL, NULL, NULL, NULL, NULL, 3, 1, '2026-01-12 12:16:12'),
(206, 'HR58D1220', NULL, 'Hired', NULL, NULL, NULL, NULL, NULL, NULL, NULL, NULL, NULL, NULL, NULL, NULL, NULL, NULL, 3, 1, '2026-01-12 12:28:50'),
(208, 'NL01AK1013', NULL, 'Hired', NULL, NULL, NULL, NULL, NULL, NULL, NULL, NULL, NULL, NULL, NULL, NULL, NULL, NULL, 3, 1, '2026-01-12 12:38:11'),
(211, 'HR58E7217', NULL, 'Hired', NULL, NULL, NULL, NULL, NULL, NULL, NULL, NULL, NULL, NULL, NULL, NULL, NULL, NULL, 3, 1, '2026-01-14 06:37:06'),
(212, 'WB39A9490', NULL, 'Hired', NULL, NULL, NULL, NULL, NULL, NULL, NULL, NULL, NULL, NULL, NULL, NULL, NULL, NULL, 3, 1, '2026-01-14 06:49:01'),
(213, 'DD01Q9647', NULL, 'Hired', NULL, NULL, NULL, NULL, NULL, NULL, NULL, NULL, NULL, NULL, NULL, NULL, NULL, NULL, 3, 1, '2026-01-15 12:29:15'),
(214, 'RJ02GB1586', NULL, 'Hired', NULL, NULL, NULL, NULL, NULL, NULL, NULL, NULL, NULL, NULL, NULL, NULL, NULL, NULL, 3, 1, '2026-01-15 12:45:55'),
(215, 'HR58D9228', NULL, 'Hired', NULL, NULL, NULL, NULL, NULL, NULL, NULL, NULL, NULL, NULL, NULL, NULL, NULL, NULL, 3, 1, '2026-01-15 12:58:47'),
(216, 'HR58D4408', NULL, 'Hired', NULL, NULL, NULL, NULL, NULL, NULL, NULL, NULL, NULL, NULL, NULL, NULL, NULL, NULL, 3, 1, '2026-01-15 13:03:15'),
(217, 'HR58C4590', NULL, 'Hired', NULL, NULL, NULL, NULL, NULL, NULL, NULL, NULL, NULL, NULL, NULL, NULL, NULL, NULL, 3, 1, '2026-01-16 11:11:44'),
(218, 'AS01HC1487', NULL, 'Hired', NULL, NULL, NULL, NULL, NULL, NULL, NULL, NULL, NULL, NULL, NULL, NULL, NULL, NULL, 2, 1, '2026-01-16 15:22:22'),
(219, 'AS28AC0846', NULL, 'Hired', NULL, NULL, NULL, NULL, NULL, NULL, NULL, NULL, NULL, NULL, NULL, NULL, NULL, NULL, 2, 1, '2026-01-16 15:24:22');

-- --------------------------------------------------------

--
-- Table structure for table `vehicle_tyres`
--

CREATE TABLE `vehicle_tyres` (
  `id` int(11) NOT NULL,
  `vehicle_id` int(11) NOT NULL,
  `tyre_id` int(11) NOT NULL,
  `position` varchar(50) NOT NULL,
  `mount_date` date NOT NULL,
  `mount_odometer` int(11) NOT NULL,
  `unmount_date` date DEFAULT NULL,
  `unmount_odometer` int(11) DEFAULT NULL,
  `unmount_reason` varchar(100) DEFAULT NULL
) ENGINE=InnoDB DEFAULT CHARSET=utf8mb4 COLLATE=utf8mb4_general_ci;

--
-- Dumping data for table `vehicle_tyres`
--

INSERT INTO `vehicle_tyres` (`id`, `vehicle_id`, `tyre_id`, `position`, `mount_date`, `mount_odometer`, `unmount_date`, `unmount_odometer`, `unmount_reason`) VALUES
(1, 12, 2, 'Rear-Outer-Right', '2025-11-05', 0, NULL, NULL, NULL),
(2, 12, 3, 'Front-Left', '2025-11-06', 12, '2025-11-06', 12, 'Other'),
(3, 12, 3, 'Rear-Inner-Left', '2025-11-06', 12, NULL, NULL, NULL),
(4, 12, 4, 'Rear-Outer-Left', '2025-11-06', 12, NULL, NULL, NULL),
(5, 9, 6, 'Front-Left', '2025-12-28', 12, NULL, NULL, NULL),
(6, 9, 7, 'Front-Right', '2025-12-28', 12, NULL, NULL, NULL),
(7, 9, 8, 'Rear-Inner-Left', '2025-12-28', 12, NULL, NULL, NULL),
(8, 9, 9, 'Rear-Outer-Left', '2025-12-28', 12, NULL, NULL, NULL),
(9, 9, 10, 'Rear-Inner-Right', '2025-12-28', 12, NULL, NULL, NULL),
(10, 9, 11, 'Rear-Outer-Right', '2025-12-28', 12, NULL, NULL, NULL),
(11, 9, 12, 'Spare', '2025-12-28', 12, NULL, NULL, NULL),
(12, 5, 13, 'Front-Left', '2025-12-28', 12, NULL, NULL, NULL),
(13, 5, 14, 'Front-Right', '2025-12-28', 12, NULL, NULL, NULL),
(14, 5, 15, 'Rear-Inner-Left', '2025-12-28', 12, NULL, NULL, NULL),
(15, 5, 16, 'Rear-Outer-Left', '2025-12-28', 12, NULL, NULL, NULL),
(16, 5, 17, 'Rear-Inner-Right', '2025-12-28', 12, NULL, NULL, NULL),
(17, 5, 18, 'Rear-Outer-Right', '2025-12-28', 12, NULL, NULL, NULL),
(18, 5, 19, 'Spare', '2025-12-28', 12, NULL, NULL, NULL),
(19, 1, 20, 'Front-Left', '2024-07-01', 0, NULL, NULL, NULL),
(20, 1, 21, 'Front-Right', '2025-12-28', 0, NULL, NULL, NULL),
(21, 1, 22, 'Rear-Inner-Left', '2024-07-01', 0, NULL, NULL, NULL),
(22, 1, 23, 'Rear-Outer-Left', '2024-07-01', 0, NULL, NULL, NULL),
(23, 1, 24, 'Rear-Inner-Right', '2024-07-01', 0, NULL, NULL, NULL),
(24, 1, 25, 'Rear-Outer-Right', '2024-07-01', 0, NULL, NULL, NULL),
(25, 1, 26, 'Spare', '2024-07-01', 0, NULL, NULL, NULL),
(26, 7, 27, 'Front-Left', '2025-07-01', 0, NULL, NULL, NULL),
(27, 7, 28, 'Front-Right', '2025-07-01', 0, NULL, NULL, NULL),
(28, 7, 29, 'Rear-Inner-Left', '2025-07-01', 0, NULL, NULL, NULL),
(29, 7, 30, 'Rear-Outer-Left', '2025-07-01', 0, NULL, NULL, NULL),
(30, 7, 31, 'Rear-Inner-Right', '2025-07-01', 0, NULL, NULL, NULL),
(31, 7, 32, 'Rear-Outer-Right', '2025-07-01', 0, NULL, NULL, NULL),
(32, 7, 33, 'Spare', '2025-12-28', 0, NULL, NULL, NULL),
(33, 12, 34, 'Front-Left', '2025-12-28', 12, NULL, NULL, NULL),
(34, 12, 35, 'Front-Right', '2025-12-28', 12, NULL, NULL, NULL),
(35, 12, 36, 'Rear-Inner-Right', '2025-12-28', 12, NULL, NULL, NULL),
(36, 12, 37, 'Spare', '2025-12-28', 12, NULL, NULL, NULL),
(37, 2, 38, 'Front-Left', '2025-12-28', 0, NULL, NULL, NULL),
(38, 2, 39, 'Front-Right', '2025-12-28', 0, NULL, NULL, NULL),
(39, 2, 40, 'Rear-Inner-Left', '2024-07-01', 0, NULL, NULL, NULL),
(40, 2, 41, 'Rear-Outer-Left', '2024-07-01', 0, NULL, NULL, NULL),
(41, 2, 42, 'Rear-Inner-Right', '2024-07-01', 0, NULL, NULL, NULL),
(42, 2, 43, 'Rear-Outer-Right', '2024-07-01', 0, NULL, NULL, NULL),
(43, 2, 44, 'Spare', '2024-07-01', 0, NULL, NULL, NULL),
(44, 107, 1, 'Front-Left', '2025-12-29', 0, '2025-12-30', 0, 'Other'),
(45, 107, 1, 'Front-Left', '2025-12-30', 129027, NULL, NULL, NULL),
(46, 107, 47, 'Front-Right', '2025-12-30', 129027, NULL, NULL, NULL),
(47, 107, 46, 'Rear-Inner-Left', '2025-12-29', 129027, NULL, NULL, NULL),
(48, 107, 45, 'Rear-Outer-Left', '2025-12-30', 129027, NULL, NULL, NULL),
(49, 107, 48, 'Rear-Inner-Right', '2025-12-30', 129027, NULL, NULL, NULL),
(50, 107, 49, 'Rear-Outer-Right', '2025-12-30', 129027, NULL, NULL, NULL),
(51, 107, 50, 'Spare', '2025-12-30', 129027, NULL, NULL, NULL);

--
-- Indexes for dumped tables
--

--
-- Indexes for table `branches`
--
ALTER TABLE `branches`
  ADD PRIMARY KEY (`id`);

--
-- Indexes for table `brokers`
--
ALTER TABLE `brokers`
  ADD PRIMARY KEY (`id`),
  ADD KEY `branch_id` (`branch_id`);

--
-- Indexes for table `cities`
--
ALTER TABLE `cities`
  ADD PRIMARY KEY (`id`),
  ADD KEY `state_id` (`state_id`);

--
-- Indexes for table `company_details`
--
ALTER TABLE `company_details`
  ADD PRIMARY KEY (`id`);

--
-- Indexes for table `consignment_descriptions`
--
ALTER TABLE `consignment_descriptions`
  ADD PRIMARY KEY (`id`),
  ADD UNIQUE KEY `description` (`description`);

--
-- Indexes for table `countries`
--
ALTER TABLE `countries`
  ADD PRIMARY KEY (`id`);

--
-- Indexes for table `drivers`
--
ALTER TABLE `drivers`
  ADD PRIMARY KEY (`id`),
  ADD UNIQUE KEY `license_number` (`license_number`),
  ADD KEY `fk_driver_branch` (`branch_id`),
  ADD KEY `fk_driver_employee` (`employee_id`);

--
-- Indexes for table `driver_status_logs`
--
ALTER TABLE `driver_status_logs`
  ADD PRIMARY KEY (`id`),
  ADD KEY `driver_id` (`driver_id`),
  ADD KEY `status` (`status`);

--
-- Indexes for table `employees`
--
ALTER TABLE `employees`
  ADD PRIMARY KEY (`id`),
  ADD UNIQUE KEY `user_id` (`user_id`),
  ADD UNIQUE KEY `employee_code` (`employee_code`),
  ADD KEY `branch_id` (`branch_id`);

--
-- Indexes for table `employee_ledger`
--
ALTER TABLE `employee_ledger`
  ADD PRIMARY KEY (`id`);

--
-- Indexes for table `expenses`
--
ALTER TABLE `expenses`
  ADD PRIMARY KEY (`id`),
  ADD KEY `shipment_id` (`shipment_id`),
  ADD KEY `vehicle_id` (`vehicle_id`),
  ADD KEY `branch_id` (`branch_id`),
  ADD KEY `created_by` (`created_by`),
  ADD KEY `fk_expense_employee` (`employee_id`);

--
-- Indexes for table `fuel_logs`
--
ALTER TABLE `fuel_logs`
  ADD PRIMARY KEY (`id`),
  ADD KEY `vehicle_id` (`vehicle_id`),
  ADD KEY `filled_by_driver_id` (`filled_by_driver_id`),
  ADD KEY `branch_id` (`branch_id`),
  ADD KEY `created_by` (`created_by`);

--
-- Indexes for table `invoices`
--
ALTER TABLE `invoices`
  ADD PRIMARY KEY (`id`),
  ADD UNIQUE KEY `invoice_no` (`invoice_no`),
  ADD KEY `consignor_id` (`consignor_id`),
  ADD KEY `created_by_id` (`created_by_id`),
  ADD KEY `fk_invoice_branch` (`branch_id`);

--
-- Indexes for table `invoice_items`
--
ALTER TABLE `invoice_items`
  ADD PRIMARY KEY (`id`),
  ADD UNIQUE KEY `shipment_id` (`shipment_id`),
  ADD KEY `invoice_id` (`invoice_id`);

--
-- Indexes for table `invoice_payments`
--
ALTER TABLE `invoice_payments`
  ADD PRIMARY KEY (`id`),
  ADD KEY `invoice_id` (`invoice_id`),
  ADD KEY `received_by` (`received_by`),
  ADD KEY `reconciliation_voucher_id` (`reconciliation_voucher_id`);

--
-- Indexes for table `maintenance_logs`
--
ALTER TABLE `maintenance_logs`
  ADD PRIMARY KEY (`id`),
  ADD KEY `vehicle_id` (`vehicle_id`),
  ADD KEY `branch_id` (`branch_id`),
  ADD KEY `created_by` (`created_by`);

--
-- Indexes for table `maintenance_service_types`
--
ALTER TABLE `maintenance_service_types`
  ADD PRIMARY KEY (`id`),
  ADD UNIQUE KEY `name` (`name`);

--
-- Indexes for table `parties`
--
ALTER TABLE `parties`
  ADD PRIMARY KEY (`id`),
  ADD KEY `fk_party_branch` (`branch_id`);

--
-- Indexes for table `payslips`
--
ALTER TABLE `payslips`
  ADD PRIMARY KEY (`id`),
  ADD UNIQUE KEY `employee_month_unique` (`employee_id`,`month_year`);

--
-- Indexes for table `permissions`
--
ALTER TABLE `permissions`
  ADD PRIMARY KEY (`id`),
  ADD UNIQUE KEY `name` (`name`);

--
-- Indexes for table `reconciliation_vouchers`
--
ALTER TABLE `reconciliation_vouchers`
  ADD PRIMARY KEY (`id`),
  ADD UNIQUE KEY `voucher_no` (`voucher_no`),
  ADD KEY `party_id` (`party_id`),
  ADD KEY `reconciled_by_id` (`reconciled_by_id`);

--
-- Indexes for table `roles`
--
ALTER TABLE `roles`
  ADD PRIMARY KEY (`id`),
  ADD UNIQUE KEY `name` (`name`);

--
-- Indexes for table `role_permissions`
--
ALTER TABLE `role_permissions`
  ADD PRIMARY KEY (`role_id`,`permission_id`),
  ADD KEY `permission_id` (`permission_id`);

--
-- Indexes for table `salary_structures`
--
ALTER TABLE `salary_structures`
  ADD PRIMARY KEY (`id`),
  ADD KEY `employee_id` (`employee_id`);

--
-- Indexes for table `shipments`
--
ALTER TABLE `shipments`
  ADD PRIMARY KEY (`id`),
  ADD UNIQUE KEY `consignment_no` (`consignment_no`),
  ADD KEY `consignor_id` (`consignor_id`),
  ADD KEY `consignee_id` (`consignee_id`),
  ADD KEY `broker_id` (`broker_id`),
  ADD KEY `driver_id` (`driver_id`),
  ADD KEY `vehicle_id` (`vehicle_id`),
  ADD KEY `created_by_id` (`created_by_id`),
  ADD KEY `fk_shipment_branch` (`branch_id`),
  ADD KEY `fk_shipment_description` (`description_id`);

--
-- Indexes for table `shipment_invoices`
--
ALTER TABLE `shipment_invoices`
  ADD PRIMARY KEY (`id`),
  ADD KEY `shipment_id` (`shipment_id`);

--
-- Indexes for table `shipment_payments`
--
ALTER TABLE `shipment_payments`
  ADD PRIMARY KEY (`id`),
  ADD KEY `shipment_id` (`shipment_id`),
  ADD KEY `created_by_id` (`created_by_id`);

--
-- Indexes for table `shipment_tracking`
--
ALTER TABLE `shipment_tracking`
  ADD PRIMARY KEY (`id`),
  ADD KEY `shipment_id` (`shipment_id`),
  ADD KEY `updated_by_id` (`updated_by_id`);

--
-- Indexes for table `states`
--
ALTER TABLE `states`
  ADD PRIMARY KEY (`id`),
  ADD KEY `country_id` (`country_id`);

--
-- Indexes for table `tyre_inventory`
--
ALTER TABLE `tyre_inventory`
  ADD PRIMARY KEY (`id`),
  ADD UNIQUE KEY `tyre_number` (`tyre_number`);

--
-- Indexes for table `tyre_retreading`
--
ALTER TABLE `tyre_retreading`
  ADD PRIMARY KEY (`id`),
  ADD KEY `tyre_id` (`tyre_id`);

--
-- Indexes for table `users`
--
ALTER TABLE `users`
  ADD PRIMARY KEY (`id`),
  ADD UNIQUE KEY `username` (`username`),
  ADD UNIQUE KEY `email` (`email`),
  ADD KEY `fk_user_branch` (`branch_id`),
  ADD KEY `role_id` (`role_id`);

--
-- Indexes for table `vehicles`
--
ALTER TABLE `vehicles`
  ADD PRIMARY KEY (`id`),
  ADD UNIQUE KEY `vehicle_number` (`vehicle_number`),
  ADD KEY `fk_vehicle_driver` (`driver_id`),
  ADD KEY `fk_vehicle_branch` (`branch_id`);

--
-- Indexes for table `vehicle_tyres`
--
ALTER TABLE `vehicle_tyres`
  ADD PRIMARY KEY (`id`),
  ADD KEY `vehicle_id` (`vehicle_id`),
  ADD KEY `tyre_id` (`tyre_id`);

--
-- AUTO_INCREMENT for dumped tables
--

--
-- AUTO_INCREMENT for table `branches`
--
ALTER TABLE `branches`
  MODIFY `id` int(11) NOT NULL AUTO_INCREMENT, AUTO_INCREMENT=5;

--
-- AUTO_INCREMENT for table `brokers`
--
ALTER TABLE `brokers`
  MODIFY `id` int(11) NOT NULL AUTO_INCREMENT, AUTO_INCREMENT=45;

--
-- AUTO_INCREMENT for table `cities`
--
ALTER TABLE `cities`
  MODIFY `id` int(11) NOT NULL AUTO_INCREMENT, AUTO_INCREMENT=187;

--
-- AUTO_INCREMENT for table `company_details`
--
ALTER TABLE `company_details`
  MODIFY `id` int(11) NOT NULL AUTO_INCREMENT, AUTO_INCREMENT=2;

--
-- AUTO_INCREMENT for table `consignment_descriptions`
--
ALTER TABLE `consignment_descriptions`
  MODIFY `id` int(11) NOT NULL AUTO_INCREMENT, AUTO_INCREMENT=25;

--
-- AUTO_INCREMENT for table `countries`
--
ALTER TABLE `countries`
  MODIFY `id` int(11) NOT NULL AUTO_INCREMENT, AUTO_INCREMENT=3;

--
-- AUTO_INCREMENT for table `drivers`
--
ALTER TABLE `drivers`
  MODIFY `id` int(11) NOT NULL AUTO_INCREMENT, AUTO_INCREMENT=15;

--
-- AUTO_INCREMENT for table `driver_status_logs`
--
ALTER TABLE `driver_status_logs`
  MODIFY `id` int(11) NOT NULL AUTO_INCREMENT, AUTO_INCREMENT=9;

--
-- AUTO_INCREMENT for table `employees`
--
ALTER TABLE `employees`
  MODIFY `id` int(11) NOT NULL AUTO_INCREMENT, AUTO_INCREMENT=24;

--
-- AUTO_INCREMENT for table `employee_ledger`
--
ALTER TABLE `employee_ledger`
  MODIFY `id` int(11) NOT NULL AUTO_INCREMENT, AUTO_INCREMENT=3;

--
-- AUTO_INCREMENT for table `expenses`
--
ALTER TABLE `expenses`
  MODIFY `id` int(11) NOT NULL AUTO_INCREMENT, AUTO_INCREMENT=13;

--
-- AUTO_INCREMENT for table `fuel_logs`
--
ALTER TABLE `fuel_logs`
  MODIFY `id` int(11) NOT NULL AUTO_INCREMENT;

--
-- AUTO_INCREMENT for table `invoices`
--
ALTER TABLE `invoices`
  MODIFY `id` int(11) NOT NULL AUTO_INCREMENT, AUTO_INCREMENT=25;

--
-- AUTO_INCREMENT for table `invoice_items`
--
ALTER TABLE `invoice_items`
  MODIFY `id` int(11) NOT NULL AUTO_INCREMENT, AUTO_INCREMENT=354;

--
-- AUTO_INCREMENT for table `invoice_payments`
--
ALTER TABLE `invoice_payments`
  MODIFY `id` int(11) NOT NULL AUTO_INCREMENT, AUTO_INCREMENT=9;

--
-- AUTO_INCREMENT for table `maintenance_logs`
--
ALTER TABLE `maintenance_logs`
  MODIFY `id` int(11) NOT NULL AUTO_INCREMENT, AUTO_INCREMENT=6;

--
-- AUTO_INCREMENT for table `maintenance_service_types`
--
ALTER TABLE `maintenance_service_types`
  MODIFY `id` int(11) NOT NULL AUTO_INCREMENT, AUTO_INCREMENT=8;

--
-- AUTO_INCREMENT for table `parties`
--
ALTER TABLE `parties`
  MODIFY `id` int(11) NOT NULL AUTO_INCREMENT, AUTO_INCREMENT=201;

--
-- AUTO_INCREMENT for table `payslips`
--
ALTER TABLE `payslips`
  MODIFY `id` int(11) NOT NULL AUTO_INCREMENT, AUTO_INCREMENT=36;

--
-- AUTO_INCREMENT for table `permissions`
--
ALTER TABLE `permissions`
  MODIFY `id` int(11) NOT NULL AUTO_INCREMENT, AUTO_INCREMENT=13;

--
-- AUTO_INCREMENT for table `reconciliation_vouchers`
--
ALTER TABLE `reconciliation_vouchers`
  MODIFY `id` int(11) NOT NULL AUTO_INCREMENT;

--
-- AUTO_INCREMENT for table `roles`
--
ALTER TABLE `roles`
  MODIFY `id` int(11) NOT NULL AUTO_INCREMENT, AUTO_INCREMENT=5;

--
-- AUTO_INCREMENT for table `salary_structures`
--
ALTER TABLE `salary_structures`
  MODIFY `id` int(11) NOT NULL AUTO_INCREMENT, AUTO_INCREMENT=16;

--
-- AUTO_INCREMENT for table `shipments`
--
ALTER TABLE `shipments`
  MODIFY `id` int(11) NOT NULL AUTO_INCREMENT, AUTO_INCREMENT=527;

--
-- AUTO_INCREMENT for table `shipment_invoices`
--
ALTER TABLE `shipment_invoices`
  MODIFY `id` int(11) NOT NULL AUTO_INCREMENT, AUTO_INCREMENT=592;

--
-- AUTO_INCREMENT for table `shipment_payments`
--
ALTER TABLE `shipment_payments`
  MODIFY `id` int(11) NOT NULL AUTO_INCREMENT, AUTO_INCREMENT=1458;

--
-- AUTO_INCREMENT for table `shipment_tracking`
--
ALTER TABLE `shipment_tracking`
  MODIFY `id` int(11) NOT NULL AUTO_INCREMENT, AUTO_INCREMENT=1434;

--
-- AUTO_INCREMENT for table `states`
--
ALTER TABLE `states`
  MODIFY `id` int(11) NOT NULL AUTO_INCREMENT, AUTO_INCREMENT=27;

--
-- AUTO_INCREMENT for table `tyre_inventory`
--
ALTER TABLE `tyre_inventory`
  MODIFY `id` int(11) NOT NULL AUTO_INCREMENT, AUTO_INCREMENT=51;

--
-- AUTO_INCREMENT for table `tyre_retreading`
--
ALTER TABLE `tyre_retreading`
  MODIFY `id` int(11) NOT NULL AUTO_INCREMENT, AUTO_INCREMENT=3;

--
-- AUTO_INCREMENT for table `users`
--
ALTER TABLE `users`
  MODIFY `id` int(11) NOT NULL AUTO_INCREMENT, AUTO_INCREMENT=40;

--
-- AUTO_INCREMENT for table `vehicles`
--
ALTER TABLE `vehicles`
  MODIFY `id` int(11) NOT NULL AUTO_INCREMENT, AUTO_INCREMENT=220;

--
-- AUTO_INCREMENT for table `vehicle_tyres`
--
ALTER TABLE `vehicle_tyres`
  MODIFY `id` int(11) NOT NULL AUTO_INCREMENT, AUTO_INCREMENT=52;

--
-- Constraints for dumped tables
--

--
-- Constraints for table `brokers`
--
ALTER TABLE `brokers`
  ADD CONSTRAINT `brokers_ibfk_1` FOREIGN KEY (`branch_id`) REFERENCES `branches` (`id`) ON DELETE SET NULL;

--
-- Constraints for table `cities`
--
ALTER TABLE `cities`
  ADD CONSTRAINT `cities_ibfk_1` FOREIGN KEY (`state_id`) REFERENCES `states` (`id`) ON DELETE CASCADE;

--
-- Constraints for table `drivers`
--
ALTER TABLE `drivers`
  ADD CONSTRAINT `fk_driver_branch` FOREIGN KEY (`branch_id`) REFERENCES `branches` (`id`) ON DELETE SET NULL,
  ADD CONSTRAINT `fk_driver_employee` FOREIGN KEY (`employee_id`) REFERENCES `employees` (`id`) ON DELETE SET NULL;

--
-- Constraints for table `employees`
--
ALTER TABLE `employees`
  ADD CONSTRAINT `employees_ibfk_1` FOREIGN KEY (`user_id`) REFERENCES `users` (`id`) ON DELETE SET NULL,
  ADD CONSTRAINT `employees_ibfk_2` FOREIGN KEY (`branch_id`) REFERENCES `branches` (`id`) ON DELETE SET NULL;

--
-- Constraints for table `expenses`
--
ALTER TABLE `expenses`
  ADD CONSTRAINT `expenses_ibfk_1` FOREIGN KEY (`shipment_id`) REFERENCES `shipments` (`id`) ON DELETE SET NULL,
  ADD CONSTRAINT `expenses_ibfk_2` FOREIGN KEY (`vehicle_id`) REFERENCES `vehicles` (`id`) ON DELETE SET NULL,
  ADD CONSTRAINT `expenses_ibfk_3` FOREIGN KEY (`branch_id`) REFERENCES `branches` (`id`),
  ADD CONSTRAINT `expenses_ibfk_4` FOREIGN KEY (`created_by`) REFERENCES `users` (`id`),
  ADD CONSTRAINT `fk_expense_employee` FOREIGN KEY (`employee_id`) REFERENCES `employees` (`id`) ON DELETE SET NULL;

--
-- Constraints for table `fuel_logs`
--
ALTER TABLE `fuel_logs`
  ADD CONSTRAINT `fuel_logs_ibfk_1` FOREIGN KEY (`vehicle_id`) REFERENCES `vehicles` (`id`),
  ADD CONSTRAINT `fuel_logs_ibfk_2` FOREIGN KEY (`filled_by_driver_id`) REFERENCES `drivers` (`id`),
  ADD CONSTRAINT `fuel_logs_ibfk_3` FOREIGN KEY (`branch_id`) REFERENCES `branches` (`id`),
  ADD CONSTRAINT `fuel_logs_ibfk_4` FOREIGN KEY (`created_by`) REFERENCES `users` (`id`);

--
-- Constraints for table `invoices`
--
ALTER TABLE `invoices`
  ADD CONSTRAINT `fk_invoice_branch` FOREIGN KEY (`branch_id`) REFERENCES `branches` (`id`) ON DELETE SET NULL,
  ADD CONSTRAINT `invoices_ibfk_1` FOREIGN KEY (`consignor_id`) REFERENCES `parties` (`id`),
  ADD CONSTRAINT `invoices_ibfk_2` FOREIGN KEY (`created_by_id`) REFERENCES `users` (`id`);

--
-- Constraints for table `invoice_items`
--
ALTER TABLE `invoice_items`
  ADD CONSTRAINT `invoice_items_ibfk_1` FOREIGN KEY (`invoice_id`) REFERENCES `invoices` (`id`) ON DELETE CASCADE,
  ADD CONSTRAINT `invoice_items_ibfk_2` FOREIGN KEY (`shipment_id`) REFERENCES `shipments` (`id`) ON DELETE CASCADE;

--
-- Constraints for table `invoice_payments`
--
ALTER TABLE `invoice_payments`
  ADD CONSTRAINT `invoice_payments_ibfk_1` FOREIGN KEY (`invoice_id`) REFERENCES `invoices` (`id`) ON DELETE CASCADE,
  ADD CONSTRAINT `invoice_payments_ibfk_2` FOREIGN KEY (`received_by`) REFERENCES `users` (`id`),
  ADD CONSTRAINT `invoice_payments_ibfk_3` FOREIGN KEY (`reconciliation_voucher_id`) REFERENCES `reconciliation_vouchers` (`id`);

--
-- Constraints for table `maintenance_logs`
--
ALTER TABLE `maintenance_logs`
  ADD CONSTRAINT `maintenance_logs_ibfk_1` FOREIGN KEY (`vehicle_id`) REFERENCES `vehicles` (`id`),
  ADD CONSTRAINT `maintenance_logs_ibfk_2` FOREIGN KEY (`branch_id`) REFERENCES `branches` (`id`),
  ADD CONSTRAINT `maintenance_logs_ibfk_3` FOREIGN KEY (`created_by`) REFERENCES `users` (`id`);

--
-- Constraints for table `parties`
--
ALTER TABLE `parties`
  ADD CONSTRAINT `fk_party_branch` FOREIGN KEY (`branch_id`) REFERENCES `branches` (`id`) ON DELETE SET NULL;

--
-- Constraints for table `payslips`
--
ALTER TABLE `payslips`
  ADD CONSTRAINT `payslips_ibfk_1` FOREIGN KEY (`employee_id`) REFERENCES `employees` (`id`) ON DELETE CASCADE;

--
-- Constraints for table `reconciliation_vouchers`
--
ALTER TABLE `reconciliation_vouchers`
  ADD CONSTRAINT `reconciliation_vouchers_ibfk_1` FOREIGN KEY (`party_id`) REFERENCES `parties` (`id`),
  ADD CONSTRAINT `reconciliation_vouchers_ibfk_2` FOREIGN KEY (`reconciled_by_id`) REFERENCES `users` (`id`);

--
-- Constraints for table `role_permissions`
--
ALTER TABLE `role_permissions`
  ADD CONSTRAINT `role_permissions_ibfk_1` FOREIGN KEY (`role_id`) REFERENCES `roles` (`id`) ON DELETE CASCADE,
  ADD CONSTRAINT `role_permissions_ibfk_2` FOREIGN KEY (`permission_id`) REFERENCES `permissions` (`id`) ON DELETE CASCADE;

--
-- Constraints for table `salary_structures`
--
ALTER TABLE `salary_structures`
  ADD CONSTRAINT `salary_structures_ibfk_1` FOREIGN KEY (`employee_id`) REFERENCES `employees` (`id`) ON DELETE CASCADE;

--
-- Constraints for table `shipments`
--
ALTER TABLE `shipments`
  ADD CONSTRAINT `fk_shipment_branch` FOREIGN KEY (`branch_id`) REFERENCES `branches` (`id`) ON DELETE SET NULL,
  ADD CONSTRAINT `fk_shipment_description` FOREIGN KEY (`description_id`) REFERENCES `consignment_descriptions` (`id`) ON DELETE SET NULL,
  ADD CONSTRAINT `shipments_ibfk_1` FOREIGN KEY (`consignor_id`) REFERENCES `parties` (`id`),
  ADD CONSTRAINT `shipments_ibfk_2` FOREIGN KEY (`consignee_id`) REFERENCES `parties` (`id`),
  ADD CONSTRAINT `shipments_ibfk_3` FOREIGN KEY (`broker_id`) REFERENCES `brokers` (`id`),
  ADD CONSTRAINT `shipments_ibfk_4` FOREIGN KEY (`driver_id`) REFERENCES `drivers` (`id`),
  ADD CONSTRAINT `shipments_ibfk_5` FOREIGN KEY (`vehicle_id`) REFERENCES `vehicles` (`id`),
  ADD CONSTRAINT `shipments_ibfk_6` FOREIGN KEY (`created_by_id`) REFERENCES `users` (`id`);

--
-- Constraints for table `shipment_invoices`
--
ALTER TABLE `shipment_invoices`
  ADD CONSTRAINT `shipment_invoices_ibfk_1` FOREIGN KEY (`shipment_id`) REFERENCES `shipments` (`id`) ON DELETE CASCADE;

--
-- Constraints for table `shipment_payments`
--
ALTER TABLE `shipment_payments`
  ADD CONSTRAINT `shipment_payments_ibfk_1` FOREIGN KEY (`shipment_id`) REFERENCES `shipments` (`id`) ON DELETE CASCADE,
  ADD CONSTRAINT `shipment_payments_ibfk_2` FOREIGN KEY (`created_by_id`) REFERENCES `users` (`id`);

--
-- Constraints for table `shipment_tracking`
--
ALTER TABLE `shipment_tracking`
  ADD CONSTRAINT `shipment_tracking_ibfk_1` FOREIGN KEY (`shipment_id`) REFERENCES `shipments` (`id`) ON DELETE CASCADE,
  ADD CONSTRAINT `shipment_tracking_ibfk_2` FOREIGN KEY (`updated_by_id`) REFERENCES `users` (`id`);

--
-- Constraints for table `states`
--
ALTER TABLE `states`
  ADD CONSTRAINT `states_ibfk_1` FOREIGN KEY (`country_id`) REFERENCES `countries` (`id`) ON DELETE CASCADE;

--
-- Constraints for table `tyre_retreading`
--
ALTER TABLE `tyre_retreading`
  ADD CONSTRAINT `tyre_retreading_ibfk_1` FOREIGN KEY (`tyre_id`) REFERENCES `tyre_inventory` (`id`) ON DELETE CASCADE;

--
-- Constraints for table `users`
--
ALTER TABLE `users`
  ADD CONSTRAINT `fk_user_branch` FOREIGN KEY (`branch_id`) REFERENCES `branches` (`id`) ON DELETE SET NULL,
  ADD CONSTRAINT `users_ibfk_1` FOREIGN KEY (`role_id`) REFERENCES `roles` (`id`) ON DELETE SET NULL;

--
-- Constraints for table `vehicles`
--
ALTER TABLE `vehicles`
  ADD CONSTRAINT `fk_vehicle_branch` FOREIGN KEY (`branch_id`) REFERENCES `branches` (`id`) ON DELETE SET NULL,
  ADD CONSTRAINT `fk_vehicle_driver` FOREIGN KEY (`driver_id`) REFERENCES `drivers` (`id`) ON DELETE SET NULL;

--
-- Constraints for table `vehicle_tyres`
--
ALTER TABLE `vehicle_tyres`
  ADD CONSTRAINT `vehicle_tyres_ibfk_1` FOREIGN KEY (`vehicle_id`) REFERENCES `vehicles` (`id`),
  ADD CONSTRAINT `vehicle_tyres_ibfk_2` FOREIGN KEY (`tyre_id`) REFERENCES `tyre_inventory` (`id`);
COMMIT;

/*!40101 SET CHARACTER_SET_CLIENT=@OLD_CHARACTER_SET_CLIENT */;
/*!40101 SET CHARACTER_SET_RESULTS=@OLD_CHARACTER_SET_RESULTS */;
/*!40101 SET COLLATION_CONNECTION=@OLD_COLLATION_CONNECTION */;
